,equity
2026-09-30 19:00:00,100000.0
2026-09-30 20:00:00,100000.0
2026-09-30 21:00:00,100000.0
2026-09-30 22:00:00,100000.0
2026-09-30 23:00:00,100000.0
2026-10-01 00:00:00,100000.0
2026-10-01 01:00:00,100000.0
2026-10-01 02:00:00,100000.0
2026-10-01 03:00:00,100000.0
2026-10-01 04:00:00,100000.0
2026-10-01 05:00:00,100000.0
2026-10-01 06:00:00,100000.0
2026-10-01 07:00:00,100000.0
2026-10-01 08:00:00,100000.0
2026-10-01 09:00:00,100000.0
2026-10-01 10:00:00,100000.0
2026-10-01 11:00:00,100000.0
2026-10-01 12:00:00,100000.0
2026-10-01 13:00:00,99920.15180362259
2026-10-01 14:00:00,99311.64407705748
2026-10-01 15:00:00,99097.19995233553
2026-10-01 16:00:00,99030.2417051865
2026-10-01 17:00:00,99558.55646248022
2026-10-01 18:00:00,99800.01208838406
2026-10-01 19:00:00,99757.70006783324
2026-10-01 20:00:00,99757.70006783324
2026-10-01 21:00:00,99757.70006783324
2026-10-01 22:00:00,99757.70006783324
2026-10-01 23:00:00,99757.70006783324
2026-10-02 00:00:00,99757.70006783324
2026-10-02 01:00:00,99757.70006783324
2026-10-02 02:00:00,99757.70006783324
2026-10-02 03:00:00,99757.70006783324
2026-10-02 04:00:00,99757.70006783324
2026-10-02 05:00:00,99469.42018338805
2026-10-02 06:00:00,99450.53805383468
2026-10-02 07:00:00,99442.5359617563
2026-10-02 08:00:00,99487.67056882998
2026-10-02 09:00:00,99460.71615340807
2026-10-02 10:00:00,99481.35312771547
2026-10-02 11:00:00,99469.3499895979
2026-10-02 12:00:00,99395.60149816063
2026-10-02 13:00:00,99395.60149816063
2026-10-02 14:00:00,99189.33926077852
2026-10-02 15:00:00,98805.39877504039
2026-10-02 16:00:00,98579.10381470813
2026-10-02 17:00:00,98525.51513773615
