accession,accepted,code,owner,shares,price,value,plan
0001284323-26-000002,2026-09-09T20:54:30.000Z,-,,,,,
0001595602-26-000007,2026-09-09T20:49:01.000Z,-,,,,,
0001936006-26-000024,2026-09-03T20:42:02.000Z,S,0001936006,1000.0,254.77,254770.0,1.0
0001043298-26-000002,2026-08-27T20:24:41.000Z,-,,,,,
0001374545-26-000010,2026-08-25T21:08:37.000Z,S,0001374545,3197.0,0.0,0.0,1.0
0001374545-26-000010,2026-08-25T21:08:37.000Z,S,0001374545,7478.0,0.0,0.0,1.0
0001374545-26-000010,2026-08-25T21:08:37.000Z,S,0001374545,7514.0,0.0,0.0,1.0
0001374545-26-000010,2026-08-25T21:08:37.000Z,S,0001374545,1811.0,0.0,0.0,1.0
0002024813-26-000010,2026-08-25T21:01:33.000Z,S,0002024813,2159.0,0.0,0.0,1.0
0002024813-26-000010,2026-08-25T21:01:33.000Z,S,0002024813,5191.0,0.0,0.0,1.0
0002024813-26-000010,2026-08-25T21:01:33.000Z,S,0002024813,5240.0,0.0,0.0,1.0
0002024813-26-000010,2026-08-25T21:01:33.000Z,S,0002024813,1951.0,0.0,0.0,1.0
0001936006-26-000022,2026-08-25T20:52:59.000Z,S,0001936006,1825.0,0.0,0.0,1.0
0001936006-26-000022,2026-08-25T20:52:59.000Z,S,0001936006,2125.0,0.0,0.0,1.0
0001936006-26-000022,2026-08-25T20:52:59.000Z,S,0001936006,2412.0,0.0,0.0,1.0
0001557979-26-000008,2026-08-25T20:44:59.000Z,S,0001557979,1138.0,0.0,0.0,1.0
0001557979-26-000008,2026-08-25T20:44:59.000Z,S,0001557979,1782.0,0.0,0.0,1.0
0001557979-26-000008,2026-08-25T20:44:59.000Z,S,0001557979,2133.0,0.0,0.0,1.0
0001557979-26-000008,2026-08-25T20:44:59.000Z,S,0001557979,1119.0,0.0,0.0,1.0
0001557979-26-000008,2026-08-25T20:44:59.000Z,S,0001557979,9258.0,259.77,2404950.6599999997,1.0
0001639902-26-000008,2026-08-25T20:37:29.000Z,S,0001639902,6172.0,260.31,1606633.32,1.0
0001397333-26-000006,2026-08-25T20:29:53.000Z,S,0001397333,675.0,0.0,0.0,1.0
0001397333-26-000006,2026-08-25T20:29:53.000Z,S,0001397333,780.0,0.0,0.0,1.0
0001397333-26-000006,2026-08-25T20:29:53.000Z,S,0001397333,888.0,0.0,0.0,1.0
0001936006-26-000020,2026-08-19T21:25:26.000Z,S,0001936006,1441.0,0.0,0.0,1.0
0001936006-26-000020,2026-08-19T21:25:26.000Z,S,0001936006,1900.0,0.0,0.0,1.0
0001936006-26-000020,2026-08-19T21:25:26.000Z,S,0001936006,400.0,0.0,0.0,1.0
0001018724-26-000032,2026-08-11T00:19:07.000Z,-,,,,,
0001018724-26-000030,2026-08-05T20:42:44.000Z,S,0001936006,1000.0,278.39,278390.0,1.0
0001018724-26-000028,2026-08-05T20:34:25.000Z,S,0001043298,1209649.0,0.0,0.0,1.0
0001018724-26-000022,2026-07-02T20:23:45.000Z,S,0001936006,1000.0,239.77,239770.0,1.0
0001936006-26-000018,2026-06-03T20:27:07.000Z,S,0001936006,1000.0,266.19,266190.0,1.0
0001374545-26-000008,2026-05-26T22:47:08.000Z,S,0001374545,5206.0,0.0,0.0,1.0
0001374545-26-000008,2026-05-26T22:47:08.000Z,S,0001374545,5227.0,0.0,0.0,1.0
0001374545-26-000008,2026-05-26T22:47:08.000Z,S,0001374545,5667.0,0.0,0.0,1.0
0001374545-26-000008,2026-05-26T22:47:08.000Z,S,0001374545,3600.0,0.0,0.0,1.0
0001374545-26-000008,2026-05-26T22:47:08.000Z,S,0001374545,300.0,0.0,0.0,1.0
0002024813-26-000008,2026-05-26T22:39:49.000Z,S,0002024813,4257.0,0.0,0.0,1.0
0002024813-26-000008,2026-05-26T22:39:49.000Z,S,0002024813,4554.0,0.0,0.0,1.0
0002024813-26-000008,2026-05-26T22:39:49.000Z,S,0002024813,3689.0,0.0,0.0,1.0
0002024813-26-000008,2026-05-26T22:39:49.000Z,S,0002024813,2534.0,0.0,0.0,1.0
0002024813-26-000008,2026-05-26T22:39:49.000Z,S,0002024813,433.0,0.0,0.0,1.0
0001018724-26-000020,2026-05-26T22:33:10.000Z,S,0001936006,4200.0,0.0,0.0,1.0
0001018724-26-000020,2026-05-26T22:33:10.000Z,S,0001936006,1370.0,0.0,0.0,1.0
0001018724-26-000020,2026-05-26T22:33:10.000Z,S,0001936006,800.0,0.0,0.0,1.0
0001557979-26-000006,2026-05-26T22:26:07.000Z,S,0001557979,1600.0,0.0,0.0,1.0
0001557979-26-000006,2026-05-26T22:26:07.000Z,S,0001557979,1921.0,0.0,0.0,1.0
0001557979-26-000006,2026-05-26T22:26:07.000Z,S,0001557979,1644.0,0.0,0.0,1.0
0001557979-26-000006,2026-05-26T22:26:07.000Z,S,0001557979,1014.0,0.0,0.0,1.0
0001557979-26-000006,2026-05-26T22:26:07.000Z,S,0001557979,1.0,265.72,265.72,1.0
0001557979-26-000006,2026-05-26T22:26:07.000Z,S,0001557979,9270.0,268.53,2489273.0999999996,1.0
0001639902-26-000006,2026-05-26T22:18:31.000Z,-,,,,,
0001018724-26-000018,2026-05-26T22:12:38.000Z,S,0001397333,1600.0,0.0,0.0,1.0
0001018724-26-000018,2026-05-26T22:12:38.000Z,S,0001397333,463.0,0.0,0.0,1.0
0001018724-26-000018,2026-05-26T22:12:38.000Z,S,0001397333,300.0,0.0,0.0,1.0
0002024813-26-000006,2026-05-19T21:13:20.000Z,S,0002024813,3389.0,0.0,0.0,1.0
0002024813-26-000006,2026-05-19T21:13:20.000Z,S,0002024813,6151.0,0.0,0.0,1.0
0002024813-26-000006,2026-05-19T21:13:20.000Z,S,0002024813,1935.0,0.0,0.0,1.0
0001936006-26-000016,2026-05-19T21:04:55.000Z,S,0001936006,1044.0,0.0,0.0,1.0
0001936006-26-000016,2026-05-19T21:04:55.000Z,S,0001936006,2098.0,0.0,0.0,1.0
0001936006-26-000016,2026-05-19T21:04:55.000Z,S,0001936006,600.0,0.0,0.0,1.0
0001851101-26-000002,2026-05-19T20:56:26.000Z,-,,,,,
0001183818-26-000005,2026-05-19T20:48:27.000Z,-,,,,,
0001374545-26-000006,2026-05-06T20:42:04.000Z,S,0001374545,31352.0,275.0,8621800.0,1.0
0001936006-26-000014,2026-05-05T20:44:21.000Z,S,0001936006,1000.0,265.65,265650.0,1.0
0001936006-26-000014,2026-05-05T20:44:21.000Z,S,0001936006,27500.0,275.0,7562500.0,1.0
0001018724-26-000016,2026-05-05T20:36:59.000Z,-,,,,,
0001209522-26-000008,2026-05-04T20:58:50.000Z,S,0001209522,3706.0,273.02,1011812.1199999999,1.0
0001209522-26-000006,2026-04-28T20:42:14.000Z,S,0001209522,3849.0,260.0,1000740.0,1.0
0001374545-26-000004,2026-04-21T20:51:10.000Z,S,0001374545,31000.0,255.0,7905000.0,1.0
0001936006-26-000012,2026-04-16T22:12:32.000Z,S,0001936006,20500.0,245.0,5022500.0,1.0
0002024813-26-000004,2026-04-09T21:02:33.000Z,-,,,,,
0001936006-26-000010,2026-04-09T20:58:00.000Z,-,,,,,
0001557979-26-000004,2026-04-09T20:52:51.000Z,-,,,,,
0001639902-26-000004,2026-04-09T20:48:38.000Z,-,,,,,
0001397333-26-000004,2026-04-09T20:44:49.000Z,-,,,,,
0001018724-26-000010,2026-04-03T20:41:29.000Z,S,0001936006,1000.0,210.5,210500.0,1.0
0001936006-26-000008,2026-03-04T22:17:27.000Z,S,0001936006,1000.0,204.25,204250.0,1.0
0001374545-26-000002,2026-02-24T22:44:18.000Z,S,0001374545,8290.0,0.0,0.0,1.0
0001374545-26-000002,2026-02-24T22:44:18.000Z,S,0001374545,4465.0,0.0,0.0,1.0
0001374545-26-000002,2026-02-24T22:44:18.000Z,S,0001374545,4561.0,0.0,0.0,1.0
0001374545-26-000002,2026-02-24T22:44:18.000Z,S,0001374545,2198.0,0.0,0.0,1.0
0001374545-26-000002,2026-02-24T22:44:18.000Z,S,0001374545,358.0,0.0,0.0,1.0
0002024813-26-000002,2026-02-24T22:37:55.000Z,S,0002024813,5881.0,0.0,0.0,1.0
0002024813-26-000002,2026-02-24T22:37:55.000Z,S,0002024813,5195.0,0.0,0.0,1.0
0002024813-26-000002,2026-02-24T22:37:55.000Z,S,0002024813,4202.0,0.0,0.0,1.0
0002024813-26-000002,2026-02-24T22:37:55.000Z,S,0002024813,1868.0,0.0,0.0,1.0
0002024813-26-000002,2026-02-24T22:37:55.000Z,S,0002024813,605.0,0.0,0.0,1.0
0001557979-26-000002,2026-02-24T22:31:38.000Z,S,0001557979,2613.0,0.0,0.0,1.0
0001557979-26-000002,2026-02-24T22:31:38.000Z,S,0001557979,1582.0,0.0,0.0,1.0
0001557979-26-000002,2026-02-24T22:31:38.000Z,S,0001557979,1681.0,0.0,0.0,1.0
0001557979-26-000002,2026-02-24T22:31:38.000Z,S,0001557979,562.0,0.0,0.0,1.0
0001557979-26-000002,2026-02-24T22:31:38.000Z,S,0001557979,662.0,0.0,0.0,1.0
0001557979-26-000002,2026-02-24T22:31:38.000Z,S,0001557979,10649.0,205.43,2187624.0700000003,1.0
0001639902-26-000002,2026-02-24T22:24:39.000Z,-,,,,,
0001936006-26-000006,2026-02-24T22:18:54.000Z,S,0001936006,2135.0,0.0,0.0,1.0
0001936006-26-000006,2026-02-24T22:18:54.000Z,S,0001936006,2100.0,0.0,0.0,1.0
0001936006-26-000006,2026-02-24T22:18:54.000Z,S,0001936006,1500.0,0.0,0.0,1.0
0001936006-26-000006,2026-02-24T22:18:54.000Z,S,0001936006,1000.0,0.0,0.0,1.0
0001936006-26-000006,2026-02-24T22:18:54.000Z,S,0001936006,100.0,208.25,20825.0,1.0
0001397333-26-000002,2026-02-24T22:11:58.000Z,S,0001397333,795.0,0.0,0.0,1.0
0001397333-26-000002,2026-02-24T22:11:58.000Z,S,0001397333,1300.0,0.0,0.0,1.0
0001397333-26-000002,2026-02-24T22:11:58.000Z,S,0001397333,400.0,0.0,0.0,1.0
0001397333-26-000002,2026-02-24T22:11:58.000Z,S,0001397333,200.0,0.0,0.0,1.0
0001936006-26-000004,2026-02-18T23:16:06.000Z,S,0001936006,800.0,0.0,0.0,1.0
0001936006-26-000004,2026-02-18T23:16:06.000Z,S,0001936006,2114.0,0.0,0.0,1.0
0001936006-26-000004,2026-02-18T23:16:06.000Z,S,0001936006,1138.0,0.0,0.0,1.0
0001936006-26-000004,2026-02-18T23:16:06.000Z,S,0001936006,732.0,0.0,0.0,1.0
0001018724-26-000008,2026-02-18T23:05:51.000Z,-,,,,,
0001018724-26-000006,2026-02-18T22:57:32.000Z,-,,,,,
0001659719-26-000002,2026-02-17T21:07:24.000Z,S,0001659719,900.0,203.88,183492.0,1.0
0001936006-26-000002,2026-02-13T22:08:40.000Z,S,0001936006,1000.0,208.0,208000.0,1.0
0001936006-25-000009,2025-12-03T22:00:17.000Z,S,0001936006,2500.0,233.22,583050.0,1.0
0001374545-25-000003,2025-11-25T21:38:38.000Z,S,0001374545,3966.0,0.0,0.0,1.0
0001374545-25-000003,2025-11-25T21:38:38.000Z,S,0001374545,9688.0,0.0,0.0,1.0
0001374545-25-000003,2025-11-25T21:38:38.000Z,S,0001374545,4522.0,0.0,0.0,1.0
0001374545-25-000003,2025-11-25T21:38:38.000Z,S,0001374545,1207.0,0.0,0.0,1.0
0001374545-25-000003,2025-11-25T21:38:38.000Z,S,0001374545,489.0,0.0,0.0,1.0
0002024813-25-000003,2025-11-25T21:29:50.000Z,S,0002024813,3892.0,0.0,0.0,1.0
0002024813-25-000003,2025-11-25T21:29:50.000Z,S,0002024813,8327.0,0.0,0.0,1.0
0002024813-25-000003,2025-11-25T21:29:50.000Z,S,0002024813,3413.0,0.0,0.0,1.0
0002024813-25-000003,2025-11-25T21:29:50.000Z,S,0002024813,1721.0,0.0,0.0,1.0
0002024813-25-000003,2025-11-25T21:29:50.000Z,S,0002024813,415.0,0.0,0.0,1.0
0001557979-25-000003,2025-11-25T21:23:18.000Z,S,0001557979,1601.0,0.0,0.0,1.0
0001557979-25-000003,2025-11-25T21:23:18.000Z,S,0001557979,3071.0,0.0,0.0,1.0
0001557979-25-000003,2025-11-25T21:23:18.000Z,S,0001557979,1951.0,0.0,0.0,1.0
0001557979-25-000003,2025-11-25T21:23:18.000Z,S,0001557979,372.0,0.0,0.0,1.0
0001557979-25-000003,2025-11-25T21:23:18.000Z,S,0001557979,105.0,0.0,0.0,1.0
0001557979-25-000003,2025-11-25T21:23:18.000Z,S,0001557979,13570.0,222.49,3019189.3000000003,1.0
0001639902-25-000003,2025-11-25T21:16:15.000Z,-,,,,,
0001936006-25-000007,2025-11-25T21:10:11.000Z,S,0001936006,4200.0,0.0,0.0,1.0
0001936006-25-000007,2025-11-25T21:10:11.000Z,S,0001936006,2335.0,0.0,0.0,1.0
0001936006-25-000007,2025-11-25T21:10:11.000Z,S,0001936006,300.0,0.0,0.0,1.0
0001397333-25-000003,2025-11-25T21:03:44.000Z,S,0001397333,1600.0,0.0,0.0,1.0
0001397333-25-000003,2025-11-25T21:03:44.000Z,S,0001397333,995.0,0.0,0.0,1.0
0001397333-25-000003,2025-11-25T21:03:44.000Z,S,0001397333,100.0,217.57,21757.0,1.0
0001018724-25-000132,2025-11-24T21:33:18.000Z,S,0001630567,1237.0,226.61,280316.57,1.0
0001018724-25-000129,2025-11-18T23:52:23.000Z,S,0001936006,784.0,0.0,0.0,1.0
0001018724-25-000129,2025-11-18T23:52:23.000Z,S,0001936006,3200.0,0.0,0.0,1.0
0001018724-25-000129,2025-11-18T23:52:23.000Z,S,0001936006,600.0,0.0,0.0,1.0
0001018724-25-000129,2025-11-18T23:52:23.000Z,S,0001936006,200.0,0.0,0.0,1.0
0001184756-25-000004,2025-11-18T23:42:40.000Z,-,,,,,
0001209522-25-000007,2025-11-18T23:36:24.000Z,-,,,,,
0001018724-25-000127,2025-11-18T23:28:18.000Z,-,,,,,
0001659719-25-000003,2025-11-18T23:18:00.000Z,S,0001659719,900.0,233.0,209700.0,1.0
0001284323-25-000004,2025-11-18T23:11:26.000Z,-,,,,,
0001517276-25-000005,2025-11-18T23:03:35.000Z,-,,,,,
0001043298-25-000005,2025-11-18T22:52:40.000Z,-,,,,,
0001018724-25-000125,2025-11-12T21:41:54.000Z,-,,,,,
0001043298-25-000003,2025-11-10T21:17:22.000Z,-,,,,,
0001209522-25-000004,2025-11-05T01:41:38.000Z,S,0001209522,8173.0,250.03,2043495.19,1.0
0001936006-25-000005,2025-11-05T01:32:57.000Z,S,0001936006,22000.0,250.03,5500660.0,1.0
0001936006-25-000005,2025-11-05T01:32:57.000Z,S,0001936006,2500.0,255.44,638600.0,1.0
0001936006-25-000003,2025-10-03T20:56:08.000Z,S,0001936006,2500.0,217.1,542750.0,1.0
0001018724-25-000118,2025-09-10T22:52:15.000Z,-,,,,,
0001018724-25-000116,2025-09-10T22:44:44.000Z,-,,,,,
0001018724-25-000114,2025-09-10T22:37:57.000Z,-,,,,,
0001018724-25-000112,2025-09-04T21:39:31.000Z,S,0001936006,2500.0,223.49,558725.0,1.0
0001018724-25-000110,2025-09-02T20:52:12.000Z,-,,,,,
0001018724-25-000108,2025-08-25T21:23:50.000Z,S,0001374545,13329.0,0.0,0.0,1.0
0001018724-25-000108,2025-08-25T21:23:50.000Z,S,0001374545,6543.0,0.0,0.0,1.0
0001018724-25-000106,2025-08-25T21:16:07.000Z,S,0002024813,10336.0,0.0,0.0,1.0
0001018724-25-000106,2025-08-25T21:16:07.000Z,S,0002024813,7449.0,0.0,0.0,1.0
0001018724-25-000104,2025-08-25T21:08:02.000Z,S,0001557979,4277.0,0.0,0.0,1.0
0001018724-25-000104,2025-08-25T21:08:02.000Z,S,0001557979,2823.0,0.0,0.0,1.0
0001018724-25-000104,2025-08-25T21:08:02.000Z,S,0001557979,13570.0,222.76,3022853.1999999997,1.0
0001018724-25-000102,2025-08-25T20:58:31.000Z,S,0001639902,17750.0,222.74,3953635.0,1.0
0001018724-25-000100,2025-08-25T20:51:36.000Z,S,0001936006,3579.0,0.0,0.0,1.0
0001018724-25-000100,2025-08-25T20:51:36.000Z,S,0001936006,2456.0,0.0,0.0,1.0
0001018724-25-000100,2025-08-25T20:51:36.000Z,S,0001936006,800.0,222.74,178192.0,1.0
0001018724-25-000098,2025-08-25T20:41:02.000Z,S,0001397333,1815.0,0.0,0.0,1.0
0001018724-25-000098,2025-08-25T20:41:02.000Z,S,0001397333,900.0,0.0,0.0,1.0
0001018724-25-000096,2025-08-19T21:11:36.000Z,S,0001936006,2084.0,0.0,0.0,1.0
0001018724-25-000096,2025-08-19T21:11:36.000Z,S,0001936006,2500.0,0.0,0.0,1.0
0001018724-25-000096,2025-08-19T21:11:36.000Z,S,0001936006,200.0,0.0,0.0,1.0
0001018724-25-000094,2025-08-18T20:31:30.000Z,-,,,,,
0001018724-25-000090,2025-08-12T20:24:43.000Z,-,,,,,
0001018724-25-000088,2025-08-05T21:40:04.000Z,S,0001936006,2500.0,217.0,542500.0,1.0
0001018724-25-000082,2025-07-25T20:27:21.000Z,S,0001043298,1510956.0,0.0,0.0,1.0
0001018724-25-000082,2025-07-25T20:27:21.000Z,S,0001043298,544232.0,0.0,0.0,1.0
0001018724-25-000082,2025-07-25T20:27:21.000Z,S,0001043298,1249332.0,0.0,0.0,1.0
0001018724-25-000082,2025-07-25T20:27:21.000Z,S,0001043298,485744.0,0.0,0.0,1.0
0001018724-25-000082,2025-07-25T20:27:21.000Z,S,0001043298,218391.0,0.0,0.0,1.0
0001018724-25-000082,2025-07-25T20:27:21.000Z,S,0001043298,145443.0,0.0,0.0,1.0
0001018724-25-000080,2025-07-23T20:30:09.000Z,S,0001043298,2602336.0,0.0,0.0,1.0
0001018724-25-000080,2025-07-23T20:30:09.000Z,S,0001043298,1670901.0,0.0,0.0,1.0
0001018724-25-000080,2025-07-23T20:30:09.000Z,S,0001043298,388468.0,0.0,0.0,1.0
0001018724-25-000080,2025-07-23T20:30:09.000Z,S,0001043298,1951002.0,0.0,0.0,1.0
0001018724-25-000078,2025-07-17T20:48:35.000Z,S,0001043298,733195.0,0.0,0.0,1.0
0001018724-25-000076,2025-07-15T20:22:10.000Z,S,0001043298,2971084.0,0.0,0.0,1.0
0001018724-25-000076,2025-07-15T20:22:10.000Z,S,0001043298,1302153.0,0.0,0.0,1.0
0001018724-25-000076,2025-07-15T20:22:10.000Z,S,0001043298,2241699.0,0.0,0.0,1.0
0001018724-25-000076,2025-07-15T20:22:10.000Z,S,0001043298,200488.0,0.0,0.0,1.0
0001018724-25-000074,2025-07-10T20:12:08.000Z,S,0001043298,101081.0,0.0,0.0,1.0
0001018724-25-000074,2025-07-10T20:12:08.000Z,S,0001043298,384124.0,0.0,0.0,1.0
0001018724-25-000072,2025-07-08T20:13:43.000Z,S,0001043298,927863.0,0.0,0.0,1.0
0001018724-25-000072,2025-07-08T20:13:43.000Z,S,0001043298,2046582.0,0.0,0.0,1.0
0001018724-25-000070,2025-07-03T21:39:47.000Z,S,0001936006,701.0,0.0,0.0,1.0
0001018724-25-000070,2025-07-03T21:39:47.000Z,S,0001936006,721.0,0.0,0.0,1.0
0001018724-25-000070,2025-07-03T21:39:47.000Z,S,0001936006,1078.0,0.0,0.0,1.0
0001018724-25-000068,2025-07-01T20:25:36.000Z,S,0001043298,3083140.0,0.0,0.0,1.0
0001018724-25-000068,2025-07-01T20:25:36.000Z,S,0001043298,16860.0,0.0,0.0,1.0
0001018724-25-000068,2025-07-01T20:25:36.000Z,S,0001043298,224926.0,0.0,0.0,1.0
0001018724-25-000066,2025-06-05T20:32:18.000Z,-,,,,,
0001018724-25-000064,2025-06-04T21:10:07.000Z,S,0001936006,2500.0,204.98,512450.0,1.0
0001018724-25-000062,2025-05-23T22:40:08.000Z,S,0001936006,6743.0,0.0,0.0,1.0
0001018724-25-000062,2025-05-23T22:40:08.000Z,S,0001936006,100.0,201.36,20136.0,1.0
0001018724-25-000060,2025-05-23T21:59:10.000Z,S,0001374545,11863.0,0.0,0.0,1.0
0001018724-25-000060,2025-05-23T21:59:10.000Z,S,0001374545,4374.0,0.0,0.0,1.0
0001018724-25-000060,2025-05-23T21:59:10.000Z,S,0001374545,3635.0,0.0,0.0,1.0
0001018724-25-000058,2025-05-23T21:52:22.000Z,S,0002024813,12761.0,0.0,0.0,1.0
0001018724-25-000058,2025-05-23T21:52:22.000Z,S,0002024813,4329.0,0.0,0.0,1.0
0001018724-25-000058,2025-05-23T21:52:22.000Z,S,0002024813,3713.0,0.0,0.0,1.0
0001018724-25-000058,2025-05-23T21:52:22.000Z,S,0002024813,120.0,0.0,0.0,1.0
0001018724-25-000056,2025-05-23T21:43:56.000Z,S,0001557979,4451.0,0.0,0.0,1.0
0001018724-25-000056,2025-05-23T21:43:56.000Z,S,0001557979,1535.0,0.0,0.0,1.0
0001018724-25-000056,2025-05-23T21:43:56.000Z,S,0001557979,1114.0,0.0,0.0,1.0
0001018724-25-000056,2025-05-23T21:43:56.000Z,S,0001557979,6470.0,201.3,1302411.0,1.0
0001018724-25-000056,2025-05-23T21:43:56.000Z,S,0001557979,7100.0,0.0,0.0,1.0
0001018724-25-000054,2025-05-23T21:35:15.000Z,S,0001639902,17750.0,201.57,3577867.5,1.0
0001018724-25-000052,2025-05-23T21:08:01.000Z,S,0001397333,2495.0,0.0,0.0,1.0
0001018724-25-000052,2025-05-23T21:08:01.000Z,S,0001397333,200.0,0.0,0.0,1.0
0001018724-25-000050,2025-05-22T21:59:09.000Z,-,,,,,
0001018724-25-000048,2025-05-19T22:33:22.000Z,S,0001936006,1200.0,0.0,0.0,1.0
0001018724-25-000048,2025-05-19T22:33:22.000Z,S,0001936006,3284.0,0.0,0.0,1.0
0001018724-25-000048,2025-05-19T22:33:22.000Z,S,0001936006,300.0,0.0,0.0,1.0
0001018724-25-000046,2025-05-19T22:23:34.000Z,-,,,,,
0001018724-25-000044,2025-05-19T21:57:42.000Z,-,,,,,
0001018724-25-000042,2025-05-15T20:28:26.000Z,-,,,,,
0001018724-25-000040,2025-05-14T21:13:16.000Z,S,0001659719,1000.0,210.68,210680.0,1.0
0001018724-25-000038,2025-05-05T22:15:54.000Z,S,0001936006,2500.0,190.67,476674.99999999994,1.0
0001104659-25-034684,2025-04-14T20:14:15.000Z,-,,,,,
0001018724-25-000032,2025-04-03T21:16:21.000Z,S,0001936006,2500.0,187.99,469975.0,1.0
0001018724-25-000030,2025-03-12T23:06:51.000Z,-,,,,,
0001018724-25-000028,2025-03-05T21:38:10.000Z,S,0001936006,2500.0,213.17,532925.0,1.0
0001018724-25-000026,2025-03-05T21:30:00.000Z,-,,,,,
0001018724-25-000024,2025-02-25T23:12:59.000Z,S,0001374545,5764.0,0.0,0.0,1.0
0001018724-25-000024,2025-02-25T23:12:59.000Z,S,0001374545,3652.0,0.0,0.0,1.0
0001018724-25-000024,2025-02-25T23:12:59.000Z,S,0001374545,5711.0,0.0,0.0,1.0
0001018724-25-000024,2025-02-25T23:12:59.000Z,S,0001374545,3200.0,0.0,0.0,1.0
0001018724-25-000024,2025-02-25T23:12:59.000Z,S,0001374545,2457.0,0.0,0.0,1.0
0001018724-25-000022,2025-02-25T23:04:38.000Z,S,0001936006,1704.0,0.0,0.0,1.0
0001018724-25-000022,2025-02-25T23:04:38.000Z,S,0001936006,1600.0,0.0,0.0,1.0
0001018724-25-000022,2025-02-25T23:04:38.000Z,S,0001936006,2800.0,0.0,0.0,1.0
0001018724-25-000020,2025-02-25T22:57:40.000Z,S,0001639902,14620.0,223.14,3262306.8,1.0
0001018724-25-000018,2025-02-25T22:49:58.000Z,S,0001557979,1172.0,0.0,0.0,1.0
0001018724-25-000018,2025-02-25T22:49:58.000Z,S,0001557979,1140.0,0.0,0.0,1.0
0001018724-25-000018,2025-02-25T22:49:58.000Z,S,0001557979,1688.0,0.0,0.0,1.0
0001018724-25-000018,2025-02-25T22:49:58.000Z,S,0001557979,1614.0,0.0,0.0,1.0
0001018724-25-000018,2025-02-25T22:49:58.000Z,S,0001557979,234.0,0.0,0.0,1.0
0001018724-25-000018,2025-02-25T22:49:58.000Z,S,0001557979,19212.0,217.5,4178610.0,1.0
0001018724-25-000016,2025-02-25T22:41:25.000Z,S,0001397333,1933.0,0.0,0.0,1.0
0001018724-25-000016,2025-02-25T22:41:25.000Z,S,0001397333,2900.0,0.0,0.0,1.0
0001018724-25-000016,2025-02-25T22:41:25.000Z,S,0001397333,4000.0,0.0,0.0,1.0
0001018724-25-000014,2025-02-25T22:33:10.000Z,S,0002024813,3637.0,0.0,0.0,1.0
0001018724-25-000014,2025-02-25T22:33:10.000Z,S,0002024813,2951.0,0.0,0.0,1.0
0001018724-25-000014,2025-02-25T22:33:10.000Z,S,0002024813,4188.0,0.0,0.0,1.0
0001018724-25-000014,2025-02-25T22:33:10.000Z,S,0002024813,2425.0,0.0,0.0,1.0
0001018724-25-000014,2025-02-25T22:33:10.000Z,S,0002024813,2039.0,0.0,0.0,1.0
0001018724-25-000012,2025-02-19T21:46:07.000Z,S,0001936006,4301.0,0.0,0.0,1.0
0001018724-25-000012,2025-02-19T21:46:07.000Z,S,0001936006,1200.0,0.0,0.0,1.0
0001018724-25-000010,2025-02-19T21:38:59.000Z,-,,,,,
0001018724-25-000008,2025-02-19T21:31:50.000Z,-,,,,,
0001018724-25-000006,2025-02-14T21:33:18.000Z,S,0001936006,599.0,0.0,0.0,1.0
0001018724-25-000006,2025-02-14T21:33:18.000Z,S,0001936006,26501.0,0.0,0.0,1.0
0001018724-25-000006,2025-02-14T21:33:18.000Z,S,0001936006,400.0,0.0,0.0,1.0
0001018724-24-000202,2024-12-11T22:10:53.000Z,S,0001209522,4351.0,229.85,1000077.35,1.0
0001018724-24-000200,2024-12-06T21:53:59.000Z,S,0001209522,4549.0,219.85,1000097.65,1.0
0001936006-24-000004,2024-12-04T22:41:43.000Z,S,0001936006,3500.0,210.0,735000.0,1.0
0001374545-24-000002,2024-11-25T21:48:30.000Z,S,0001374545,622.0,0.0,0.0,1.0
0001374545-24-000002,2024-11-25T21:48:30.000Z,S,0001374545,1127.0,0.0,0.0,1.0
0001374545-24-000002,2024-11-25T21:48:30.000Z,S,0001374545,3352.0,0.0,0.0,1.0
0001374545-24-000002,2024-11-25T21:48:30.000Z,S,0001374545,1182.0,0.0,0.0,1.0
0001374545-24-000002,2024-11-25T21:48:30.000Z,S,0001374545,9252.0,0.0,0.0,1.0
0001374545-24-000002,2024-11-25T21:48:30.000Z,S,0001374545,4149.0,0.0,0.0,1.0
0001374545-24-000002,2024-11-25T21:48:30.000Z,S,0001374545,1100.0,0.0,0.0,1.0
0001936006-24-000002,2024-11-25T21:39:35.000Z,S,0001936006,1511.0,0.0,0.0,1.0
0001936006-24-000002,2024-11-25T21:39:35.000Z,S,0001936006,890.0,0.0,0.0,1.0
0001936006-24-000002,2024-11-25T21:39:35.000Z,S,0001936006,3077.0,0.0,0.0,1.0
0001936006-24-000002,2024-11-25T21:39:35.000Z,S,0001936006,526.0,0.0,0.0,1.0
0001936006-24-000002,2024-11-25T21:39:35.000Z,S,0001936006,100.0,202.8,20280.0,1.0
0001639902-24-000002,2024-11-25T21:32:48.000Z,S,0001639902,14600.0,202.88,2962048.0,1.0
0001557979-24-000002,2024-11-25T21:26:13.000Z,S,0001557979,121.0,0.0,0.0,1.0
0001557979-24-000002,2024-11-25T21:26:13.000Z,S,0001557979,945.0,0.0,0.0,1.0
0001557979-24-000002,2024-11-25T21:26:13.000Z,S,0001557979,1716.0,0.0,0.0,1.0
0001557979-24-000002,2024-11-25T21:26:13.000Z,S,0001557979,727.0,0.0,0.0,1.0
0001557979-24-000002,2024-11-25T21:26:13.000Z,S,0001557979,5075.0,0.0,0.0,1.0
0001557979-24-000002,2024-11-25T21:26:13.000Z,S,0001557979,2346.0,0.0,0.0,1.0
0001557979-24-000002,2024-11-25T21:26:13.000Z,S,0001557979,550.0,0.0,0.0,1.0
0001557979-24-000002,2024-11-25T21:26:13.000Z,S,0001557979,200.0,203.06,40612.0,1.0
0001397333-24-000002,2024-11-25T21:18:26.000Z,S,0001397333,664.0,0.0,0.0,1.0
0001397333-24-000002,2024-11-25T21:18:26.000Z,S,0001397333,268.0,0.0,0.0,1.0
0001397333-24-000002,2024-11-25T21:18:26.000Z,S,0001397333,855.0,0.0,0.0,1.0
0001397333-24-000002,2024-11-25T21:18:26.000Z,S,0001397333,345.0,0.0,0.0,1.0
0001397333-24-000002,2024-11-25T21:18:26.000Z,S,0001397333,1039.0,0.0,0.0,1.0
0001397333-24-000002,2024-11-25T21:18:26.000Z,S,0001397333,420.0,0.0,0.0,1.0
0001397333-24-000002,2024-11-25T21:18:26.000Z,S,0001397333,142.0,0.0,0.0,1.0
0001397333-24-000002,2024-11-25T21:18:26.000Z,S,0001397333,58.0,0.0,0.0,1.0
0002024813-24-000002,2024-11-25T21:09:05.000Z,S,0002024813,184.0,0.0,0.0,1.0
0002024813-24-000002,2024-11-25T21:09:05.000Z,S,0002024813,1181.0,0.0,0.0,1.0
0002024813-24-000002,2024-11-25T21:09:05.000Z,S,0002024813,2389.0,0.0,0.0,1.0
0002024813-24-000002,2024-11-25T21:09:05.000Z,S,0002024813,3759.0,0.0,0.0,1.0
0002024813-24-000002,2024-11-25T21:09:05.000Z,S,0002024813,6471.0,0.0,0.0,1.0
0002024813-24-000002,2024-11-25T21:09:05.000Z,S,0002024813,972.0,0.0,0.0,1.0
0002024813-24-000002,2024-11-25T21:09:05.000Z,S,0002024813,304.0,0.0,0.0,1.0
0001043298-24-000002,2024-11-21T22:07:25.000Z,-,,,,,
0001018724-24-000197,2024-11-20T23:08:54.000Z,-,,,,,
0001018724-24-000195,2024-11-20T00:35:41.000Z,-,,,,,
0001018724-24-000191,2024-11-20T00:21:29.000Z,S,0001936006,2302.0,0.0,0.0,1.0
0001018724-24-000191,2024-11-20T00:21:29.000Z,S,0001936006,1200.0,0.0,0.0,1.0
0001018724-24-000191,2024-11-20T00:21:29.000Z,S,0001936006,2000.0,0.0,0.0,1.0
0001018724-24-000189,2024-11-20T00:10:04.000Z,-,,,,,
0001018724-24-000187,2024-11-20T00:04:05.000Z,-,,,,,
0001018724-24-000185,2024-11-19T23:58:38.000Z,-,,,,,
0001018724-24-000183,2024-11-19T23:51:40.000Z,S,0001630567,1237.0,199.06,246237.22,1.0
0001018724-24-000181,2024-11-19T23:45:09.000Z,-,,,,,
0001018724-24-000179,2024-11-19T23:40:24.000Z,-,,,,,
0001018724-24-000177,2024-11-14T21:27:00.000Z,S,0001043298,1028919.0,0.0,0.0,1.0
0001018724-24-000177,2024-11-14T21:27:00.000Z,S,0001043298,669071.0,0.0,0.0,1.0
0001018724-24-000177,2024-11-14T21:27:00.000Z,S,0001043298,1145189.0,0.0,0.0,1.0
0001018724-24-000177,2024-11-14T21:27:00.000Z,S,0001043298,153183.0,0.0,0.0,1.0
0001018724-24-000177,2024-11-14T21:27:00.000Z,S,0001043298,68195.0,0.0,0.0,1.0
0001018724-24-000177,2024-11-14T21:27:00.000Z,S,0001043298,143606.0,0.0,0.0,1.0
0001018724-24-000177,2024-11-14T21:27:00.000Z,S,0001043298,53019.0,0.0,0.0,1.0
0001018724-24-000177,2024-11-14T21:27:00.000Z,S,0001043298,39538.0,0.0,0.0,1.0
0001018724-24-000175,2024-11-12T21:30:39.000Z,S,0001209522,4766.0,209.85,1000145.1,1.0
0001018724-24-000173,2024-11-12T21:24:12.000Z,S,0001043298,779417.0,0.0,0.0,1.0
0001018724-24-000173,2024-11-12T21:24:12.000Z,S,0001043298,1966340.0,0.0,0.0,1.0
0001018724-24-000173,2024-11-12T21:24:12.000Z,S,0001043298,250605.0,0.0,0.0,1.0
0001018724-24-000173,2024-11-12T21:24:12.000Z,S,0001043298,1613353.0,0.0,0.0,1.0
0001018724-24-000173,2024-11-12T21:24:12.000Z,S,0001043298,1010275.0,0.0,0.0,1.0
0001018724-24-000173,2024-11-12T21:24:12.000Z,S,0001043298,241951.0,0.0,0.0,1.0
0001018724-24-000173,2024-11-12T21:24:12.000Z,S,0001043298,129103.0,0.0,0.0,1.0
0001018724-24-000173,2024-11-12T21:24:12.000Z,S,0001043298,1680.0,209.65,352212.0,1.0
0001018724-24-000171,2024-11-08T21:47:38.000Z,S,0001043298,1759942.0,0.0,0.0,1.0
0001018724-24-000171,2024-11-08T21:47:38.000Z,S,0001043298,618801.0,0.0,0.0,1.0
0001018724-24-000171,2024-11-08T21:47:38.000Z,S,0001043298,474608.0,0.0,0.0,1.0
0001018724-24-000171,2024-11-08T21:47:38.000Z,S,0001043298,143011.0,0.0,0.0,1.0
0001018724-24-000171,2024-11-08T21:47:38.000Z,S,0001043298,214327.0,0.0,0.0,1.0
0001018724-24-000171,2024-11-08T21:47:38.000Z,S,0001043298,139475.0,0.0,0.0,1.0
0001018724-24-000171,2024-11-08T21:47:38.000Z,S,0001043298,1807570.0,0.0,0.0,1.0
0001018724-24-000171,2024-11-08T21:47:38.000Z,S,0001043298,661403.0,0.0,0.0,1.0
0001018724-24-000171,2024-11-08T21:47:38.000Z,S,0001043298,173587.0,0.0,0.0,1.0
0001018724-24-000169,2024-11-06T21:51:17.000Z,S,0001659719,900.0,196.37,176733.0,1.0
0001018724-24-000167,2024-11-05T21:44:51.000Z,S,0001209522,5004.0,199.85,1000049.4,1.0
0001018724-24-000165,2024-11-05T21:39:16.000Z,S,0001936006,3500.0,198.96,696360.0,1.0
0001018724-24-000163,2024-11-05T21:31:18.000Z,S,0001043298,1068452.0,0.0,0.0,1.0
0001018724-24-000156,2024-10-03T20:19:52.000Z,S,0001936006,3500.0,184.8,646800.0,1.0
0001018724-24-000154,2024-09-26T20:40:10.000Z,S,0001557979,2190.0,195.0,427050.0,1.0
0001018724-24-000152,2024-09-11T23:07:18.000Z,-,,,,,
0001018724-24-000150,2024-09-05T20:20:13.000Z,S,0001936006,3500.0,177.87,622545.0,1.0
0001018724-24-000148,2024-08-30T20:26:21.000Z,-,,,,,
0001018724-24-000146,2024-08-23T21:18:31.000Z,S,0001374545,4148.0,0.0,0.0,1.0
0001018724-24-000146,2024-08-23T21:18:31.000Z,S,0001374545,6223.0,0.0,0.0,1.0
0001018724-24-000146,2024-08-23T21:18:31.000Z,S,0001374545,9523.0,0.0,0.0,1.0
0001018724-24-000146,2024-08-23T21:18:31.000Z,S,0001374545,890.0,0.0,0.0,1.0
0001018724-24-000144,2024-08-23T21:09:40.000Z,S,0001936006,2128.0,0.0,0.0,1.0
0001018724-24-000144,2024-08-23T21:09:40.000Z,S,0001936006,3472.0,0.0,0.0,1.0
0001018724-24-000144,2024-08-23T21:09:40.000Z,S,0001936006,504.0,0.0,0.0,1.0
0001018724-24-000142,2024-08-23T21:02:24.000Z,S,0002024813,3025.0,0.0,0.0,1.0
0001018724-24-000142,2024-08-23T21:02:24.000Z,S,0002024813,5647.0,0.0,0.0,1.0
0001018724-24-000142,2024-08-23T21:02:24.000Z,S,0002024813,6050.0,0.0,0.0,1.0
0001018724-24-000142,2024-08-23T21:02:24.000Z,S,0002024813,538.0,0.0,0.0,1.0
0001018724-24-000140,2024-08-23T20:55:55.000Z,S,0001639902,14600.0,180.0,2628000.0,1.0
0001018724-24-000138,2024-08-23T20:49:06.000Z,S,0001557979,4782.0,0.0,0.0,1.0
0001018724-24-000138,2024-08-23T20:49:06.000Z,S,0001557979,3676.0,0.0,0.0,1.0
0001018724-24-000138,2024-08-23T20:49:06.000Z,S,0001557979,1032.0,0.0,0.0,1.0
0001018724-24-000136,2024-08-23T20:42:25.000Z,S,0001397333,1100.0,0.0,0.0,1.0
0001018724-24-000136,2024-08-23T20:42:25.000Z,S,0001397333,389.0,0.0,0.0,1.0
0001018724-24-000136,2024-08-23T20:42:25.000Z,S,0001397333,594.0,0.0,0.0,1.0
0001018724-24-000136,2024-08-23T20:42:25.000Z,S,0001397333,1400.0,0.0,0.0,1.0
0001018724-24-000136,2024-08-23T20:42:25.000Z,S,0001397333,108.0,0.0,0.0,1.0
0001018724-24-000136,2024-08-23T20:42:25.000Z,S,0001397333,200.0,0.0,0.0,1.0
0001018724-24-000134,2024-08-19T20:42:35.000Z,S,0001936006,1900.0,0.0,0.0,1.0
0001018724-24-000134,2024-08-19T20:42:35.000Z,S,0001936006,3102.0,0.0,0.0,1.0
0001018724-24-000134,2024-08-19T20:42:35.000Z,S,0001936006,500.0,0.0,0.0,1.0
0001018724-24-000132,2024-08-05T20:30:40.000Z,S,0001936006,3500.0,189.25,662375.0,1.0
0001018724-24-000126,2024-07-15T20:14:42.000Z,S,0001043298,403974.0,0.0,0.0,1.0
0001018724-24-000124,2024-07-11T20:09:05.000Z,S,0001043298,1996015.0,0.0,0.0,1.0
0001018724-24-000124,2024-07-11T20:09:05.000Z,S,0001043298,266396.0,0.0,0.0,1.0
0001018724-24-000122,2024-07-09T20:22:37.000Z,S,0001043298,3085116.0,0.0,0.0,1.0
0001018724-24-000122,2024-07-09T20:22:37.000Z,S,0001043298,1171794.0,0.0,0.0,1.0
0001018724-24-000122,2024-07-09T20:22:37.000Z,S,0001043298,57199.0,0.0,0.0,1.0
0001018724-24-000120,2024-07-05T20:15:39.000Z,S,0001043298,1463437.0,0.0,0.0,1.0
0001018724-24-000120,2024-07-05T20:15:39.000Z,S,0001043298,201449.0,0.0,0.0,1.0
0001018724-24-000118,2024-07-03T20:44:48.000Z,S,0001936006,800.0,0.0,0.0,1.0
0001018724-24-000118,2024-07-03T20:44:48.000Z,S,0001936006,800.0,0.0,0.0,1.0
0001018724-24-000118,2024-07-03T20:44:48.000Z,S,0001936006,900.0,0.0,0.0,1.0
0001018724-24-000118,2024-07-03T20:44:48.000Z,S,0001936006,1000.0,0.0,0.0,1.0
0001018724-24-000118,2024-07-03T20:44:48.000Z,S,0001936006,12500.0,200.0,2500000.0,1.0
0001018724-24-000116,2024-07-01T20:38:38.000Z,S,0001557979,4710.0,195.0,918450.0,1.0
0001018724-24-000114,2024-06-05T21:09:44.000Z,S,0001936006,2000.0,0.0,0.0,1.0
0001018724-24-000114,2024-06-05T21:09:44.000Z,S,0001936006,1500.0,0.0,0.0,1.0
0001018724-24-000109,2024-05-31T20:45:19.000Z,-,,,,,
0001018724-24-000107,2024-05-23T22:02:20.000Z,S,0001374545,18177.0,0.0,0.0,1.0
0001018724-24-000107,2024-05-23T22:02:20.000Z,S,0001374545,2607.0,0.0,0.0,1.0
0001018724-24-000105,2024-05-23T21:54:34.000Z,S,0001936006,4996.0,0.0,0.0,1.0
0001018724-24-000105,2024-05-23T21:54:34.000Z,S,0001936006,1100.0,0.0,0.0,1.0
0001018724-24-000103,2024-05-23T21:47:45.000Z,S,0001639902,14600.0,182.11,2658806.0,1.0
0001018724-24-000101,2024-05-23T21:40:44.000Z,S,0001557979,7590.0,0.0,0.0,1.0
0001018724-24-000101,2024-05-23T21:40:44.000Z,S,0001557979,1900.0,0.0,0.0,1.0
0001018724-24-000099,2024-05-23T21:32:45.000Z,S,0001684974,2956.0,0.0,0.0,1.0
0001018724-24-000099,2024-05-23T21:32:45.000Z,S,0001684974,1144.0,0.0,0.0,1.0
0001018724-24-000099,2024-05-23T21:32:45.000Z,S,0001684974,500.0,183.85,91925.0,1.0
0001018724-24-000097,2024-05-23T21:24:30.000Z,S,0001397333,2400.0,0.0,0.0,1.0
0001018724-24-000097,2024-05-23T21:24:30.000Z,S,0001397333,300.0,0.0,0.0,1.0
0001018724-24-000095,2024-05-17T20:40:04.000Z,S,0001684974,1748.0,0.0,0.0,1.0
0001018724-24-000095,2024-05-17T20:40:04.000Z,S,0001684974,3356.0,0.0,0.0,1.0
0001018724-24-000095,2024-05-17T20:40:04.000Z,S,0001684974,2957.0,0.0,0.0,1.0
0001018724-24-000095,2024-05-17T20:40:04.000Z,S,0001684974,455.0,0.0,0.0,1.0
0001018724-24-000095,2024-05-17T20:40:04.000Z,S,0001684974,500.0,185.68,92840.0,1.0
0001018724-24-000093,2024-05-17T20:30:46.000Z,S,0001936006,1802.0,0.0,0.0,1.0
0001018724-24-000093,2024-05-17T20:30:46.000Z,S,0001936006,2500.0,0.0,0.0,1.0
0001018724-24-000093,2024-05-17T20:30:46.000Z,S,0001936006,800.0,0.0,0.0,1.0
0001018724-24-000093,2024-05-17T20:30:46.000Z,S,0001936006,400.0,0.0,0.0,1.0
0001018724-24-000091,2024-05-17T20:22:30.000Z,-,,,,,
0001018724-24-000089,2024-05-13T20:37:42.000Z,S,0001209522,5264.0,190.0,1000160.0,1.0
0001018724-24-000087,2024-05-08T20:42:00.000Z,S,0001659719,1000.0,186.22,186220.0,1.0
0001104659-24-058679,2024-05-08T20:17:08.000Z,-,,,,,
0001018724-24-000085,2024-05-03T21:16:35.000Z,S,0001936006,800.0,0.0,0.0,1.0
0001018724-24-000085,2024-05-03T21:16:35.000Z,S,0001936006,600.0,0.0,0.0,1.0
0001018724-24-000085,2024-05-03T21:16:35.000Z,S,0001936006,700.0,0.0,0.0,1.0
0001018724-24-000085,2024-05-03T21:16:35.000Z,S,0001936006,600.0,0.0,0.0,1.0
0001018724-24-000085,2024-05-03T21:16:35.000Z,S,0001936006,400.0,0.0,0.0,1.0
0001018724-24-000085,2024-05-03T21:16:35.000Z,S,0001936006,200.0,0.0,0.0,1.0
0001018724-24-000085,2024-05-03T21:16:35.000Z,S,0001936006,200.0,0.0,0.0,1.0
0001018724-24-000079,2024-04-22T20:25:25.000Z,S,0001684974,500.0,181.38,90690.0,1.0
0001018724-24-000079,2024-04-22T20:25:25.000Z,S,0001684974,500.0,179.0,89500.0,1.0
0001018724-24-000077,2024-04-12T21:11:35.000Z,-,,,,,
0001018724-24-000073,2024-04-08T20:24:02.000Z,S,0001684974,500.0,184.0,92000.0,1.0
0001018724-24-000073,2024-04-08T20:24:02.000Z,S,0001684974,500.0,182.53,91265.0,1.0
0001018724-24-000070,2024-04-03T21:24:34.000Z,S,0001936006,3500.0,180.73,632555.0,1.0
0001018724-24-000068,2024-04-03T21:18:33.000Z,-,,,,,
0001018724-24-000066,2024-04-03T21:12:33.000Z,-,,,,,
0001018724-24-000064,2024-04-03T21:05:03.000Z,-,,,,,
0001018724-24-000062,2024-04-03T20:58:58.000Z,-,,,,,
0001018724-24-000060,2024-03-25T20:31:37.000Z,S,0001684974,500.0,180.0,90000.0,1.0
0001018724-24-000060,2024-03-25T20:31:37.000Z,S,0001684974,500.0,177.58,88790.0,1.0
0001018724-24-000058,2024-03-11T20:34:44.000Z,S,0001684974,500.0,174.81,87405.0,1.0
0001018724-24-000058,2024-03-11T20:34:44.000Z,S,0001684974,500.0,176.31,88155.0,1.0
0001018724-24-000056,2024-03-06T22:44:29.000Z,S,0001209522,5556.0,180.0,1000080.0,1.0
0001018724-24-000054,2024-03-06T22:39:34.000Z,S,0001374545,50000.0,180.0,9000000.0,1.0
0001018724-24-000052,2024-03-05T21:43:43.000Z,S,0001936006,3500.0,176.67,618345.0,1.0
0001018724-24-000050,2024-03-05T21:35:43.000Z,-,,,,,
0001018724-24-000048,2024-03-04T21:40:06.000Z,S,0001612243,2880.0,173.0,498240.0,1.0
0001018724-24-000048,2024-03-04T21:40:06.000Z,S,0001612243,2880.0,176.67,508809.6,1.0
0001018724-24-000046,2024-02-23T22:43:46.000Z,S,0001374545,11395.0,0.0,0.0,1.0
0001018724-24-000046,2024-02-23T22:43:46.000Z,S,0001374545,7300.0,0.0,0.0,1.0
0001018724-24-000046,2024-02-23T22:43:46.000Z,S,0001374545,3353.0,0.0,0.0,1.0
0001018724-24-000044,2024-02-23T22:31:53.000Z,S,0001936006,9488.0,168.97,1603187.36,1.0
0001018724-24-000042,2024-02-23T22:18:50.000Z,S,0001639902,16800.0,168.97,2838696.0,1.0
0001018724-24-000040,2024-02-23T22:05:15.000Z,S,0001557979,8400.0,168.97,1419348.0,1.0
0001018724-24-000040,2024-02-23T22:05:15.000Z,S,0001557979,2520.0,170.0,428400.0,1.0
0001018724-24-000038,2024-02-23T21:48:26.000Z,S,0001684974,1604.0,0.0,0.0,1.0
0001018724-24-000038,2024-02-23T21:48:26.000Z,S,0001684974,1300.0,0.0,0.0,1.0
0001018724-24-000038,2024-02-23T21:48:26.000Z,S,0001684974,700.0,0.0,0.0,1.0
0001018724-24-000038,2024-02-23T21:48:26.000Z,S,0001684974,500.0,173.0,86500.0,1.0
0001018724-24-000036,2024-02-23T21:34:42.000Z,S,0001397333,3100.0,168.97,523807.0,1.0
0001018724-24-000034,2024-02-21T01:00:50.000Z,S,0001374545,50000.0,168.65,8432500.0,1.0
0001018724-24-000032,2024-02-21T00:54:24.000Z,S,0001936006,3864.0,170.55,659005.2000000001,1.0
0001018724-24-000030,2024-02-21T00:47:52.000Z,S,0001684974,3252.0,0.0,0.0,1.0
0001018724-24-000030,2024-02-21T00:47:52.000Z,S,0001684974,3020.0,0.0,0.0,1.0
0001018724-24-000030,2024-02-21T00:47:52.000Z,S,0001684974,3300.0,0.0,0.0,1.0
0001018724-24-000030,2024-02-21T00:47:52.000Z,S,0001684974,1184.0,0.0,0.0,1.0
0001018724-24-000030,2024-02-21T00:47:52.000Z,S,0001684974,500.0,168.65,84325.0,1.0
0001018724-24-000028,2024-02-21T00:37:37.000Z,-,,,,,
0001018724-24-000026,2024-02-21T00:31:46.000Z,-,,,,,
0001018724-24-000024,2024-02-21T00:23:56.000Z,S,0001043298,903827.0,0.0,0.0,1.0
0001018724-24-000024,2024-02-21T00:23:56.000Z,S,0001043298,1773049.0,0.0,0.0,1.0
0001018724-24-000024,2024-02-21T00:23:56.000Z,S,0001043298,3096392.0,0.0,0.0,1.0
0001018724-24-000024,2024-02-21T00:23:56.000Z,S,0001043298,225581.0,0.0,0.0,1.0
0001018724-24-000024,2024-02-21T00:23:56.000Z,S,0001043298,1095395.0,0.0,0.0,1.0
0001018724-24-000024,2024-02-21T00:23:56.000Z,S,0001043298,1122627.0,0.0,0.0,1.0
0001018724-24-000024,2024-02-21T00:23:56.000Z,S,0001043298,3558874.0,0.0,0.0,1.0
0001018724-24-000024,2024-02-21T00:23:56.000Z,S,0001043298,221953.0,0.0,0.0,1.0
0001018724-24-000024,2024-02-21T00:23:56.000Z,S,0001043298,972240.0,0.0,0.0,1.0
0001018724-24-000024,2024-02-21T00:23:56.000Z,S,0001043298,963906.0,0.0,0.0,1.0
0001018724-24-000024,2024-02-21T00:23:56.000Z,S,0001043298,73062.0,0.0,0.0,1.0
0001018724-24-000022,2024-02-15T21:28:38.000Z,S,0001043298,81434.0,0.0,0.0,1.0
0001018724-24-000022,2024-02-15T21:28:38.000Z,S,0001043298,232756.0,0.0,0.0,1.0
0001018724-24-000022,2024-02-15T21:28:38.000Z,S,0001043298,2489406.0,0.0,0.0,1.0
0001018724-24-000022,2024-02-15T21:28:38.000Z,S,0001043298,2224932.0,0.0,0.0,1.0
0001018724-24-000022,2024-02-15T21:28:38.000Z,S,0001043298,965292.0,0.0,0.0,1.0
0001018724-24-000022,2024-02-15T21:28:38.000Z,S,0001043298,5029.0,0.0,0.0,1.0
0001018724-24-000022,2024-02-15T21:28:38.000Z,S,0001043298,1196686.0,0.0,0.0,1.0
0001018724-24-000022,2024-02-15T21:28:38.000Z,S,0001043298,3052486.0,0.0,0.0,1.0
0001018724-24-000022,2024-02-15T21:28:38.000Z,S,0001043298,1749677.0,0.0,0.0,1.0
0001018724-24-000020,2024-02-14T21:29:13.000Z,S,0001936006,14300.0,175.0,2502500.0,1.0
0001018724-24-000018,2024-02-13T21:41:17.000Z,S,0001209522,12133.0,171.0,2074743.0,1.0
0001018724-24-000016,2024-02-13T21:31:03.000Z,S,0001043298,1408408.0,0.0,0.0,1.0
0001018724-24-000016,2024-02-13T21:31:03.000Z,S,0001043298,170239.0,0.0,0.0,1.0
0001018724-24-000016,2024-02-13T21:31:03.000Z,S,0001043298,1174766.0,0.0,0.0,1.0
0001018724-24-000016,2024-02-13T21:31:03.000Z,S,0001043298,2196995.0,0.0,0.0,1.0
0001018724-24-000016,2024-02-13T21:31:03.000Z,S,0001043298,1048441.0,0.0,0.0,1.0
0001018724-24-000016,2024-02-13T21:31:03.000Z,S,0001043298,1852953.0,0.0,0.0,1.0
0001018724-24-000016,2024-02-13T21:31:03.000Z,S,0001043298,1719746.0,0.0,0.0,1.0
0001018724-24-000016,2024-02-13T21:31:03.000Z,S,0001043298,2033454.0,0.0,0.0,1.0
0001018724-24-000016,2024-02-13T21:31:03.000Z,S,0001043298,392696.0,0.0,0.0,1.0
0001018724-24-000014,2024-02-10T01:57:48.000Z,S,0001936006,14311.0,0.0,0.0,1.0
0001018724-24-000014,2024-02-10T01:57:48.000Z,S,0001936006,5889.0,0.0,0.0,1.0
0001018724-24-000012,2024-02-10T01:37:57.000Z,S,0001043298,3204264.0,0.0,0.0,1.0
0001018724-24-000012,2024-02-10T01:37:57.000Z,S,0001043298,2794585.0,0.0,0.0,1.0
0001018724-24-000012,2024-02-10T01:37:57.000Z,S,0001043298,1871957.0,0.0,0.0,1.0
0001018724-24-000012,2024-02-10T01:37:57.000Z,S,0001043298,3118155.0,0.0,0.0,1.0
0001018724-24-000012,2024-02-10T01:37:57.000Z,S,0001043298,1008737.0,0.0,0.0,1.0
0001018724-24-000010,2024-02-05T21:35:00.000Z,S,0001684974,500.0,155.72,77860.0,1.0
0001018724-24-000010,2024-02-05T21:35:00.000Z,S,0001684974,500.0,169.0,84500.0,1.0
0001018724-24-000004,2024-01-22T21:36:46.000Z,S,0001684974,500.0,152.78,76390.0,1.0
0001018724-24-000004,2024-01-22T21:36:46.000Z,S,0001684974,500.0,153.86,76930.0,1.0
0001018724-24-000002,2024-01-08T21:44:38.000Z,S,0001684974,500.0,145.63,72815.0,1.0
0001018724-24-000002,2024-01-08T21:44:38.000Z,S,0001684974,500.0,144.61,72305.0,1.0
0001018724-23-000044,2023-12-26T21:35:48.000Z,S,0001684974,500.0,153.2,76600.0,1.0
0001018724-23-000044,2023-12-26T21:35:48.000Z,S,0001684974,500.0,153.83,76915.0,1.0
0001018724-23-000042,2023-12-08T22:10:01.000Z,S,0001684974,500.0,147.76,73880.0,1.0
0001018724-23-000042,2023-12-08T22:10:01.000Z,S,0001684974,500.0,146.09,73045.0,1.0
0001018724-23-000040,2023-12-05T21:12:40.000Z,S,0001936006,4000.0,146.0,584000.0,0.0
0001018724-23-000038,2023-11-27T21:39:17.000Z,-,,,,,
0001018724-23-000036,2023-11-24T21:49:31.000Z,S,0001374545,9548.0,0.0,0.0,0.0
0001018724-23-000036,2023-11-24T21:49:31.000Z,S,0001374545,11759.0,0.0,0.0,0.0
0001018724-23-000036,2023-11-24T21:49:31.000Z,S,0001374545,626.0,0.0,0.0,0.0
0001018724-23-000034,2023-11-24T21:42:57.000Z,S,0001936006,8480.0,0.0,0.0,0.0
0001018724-23-000034,2023-11-24T21:42:57.000Z,S,0001936006,1000.0,0.0,0.0,0.0
0001018724-23-000032,2023-11-24T21:36:48.000Z,S,0001557979,5920.0,0.0,0.0,0.0
0001018724-23-000032,2023-11-24T21:36:48.000Z,S,0001557979,800.0,0.0,0.0,0.0
0001018724-23-000032,2023-11-24T21:36:48.000Z,S,0001557979,18440.0,145.0,2673800.0,0.0
0001018724-23-000030,2023-11-24T21:30:01.000Z,S,0001639902,16800.0,143.76,2415168.0,1.0
0001018724-23-000028,2023-11-24T21:23:39.000Z,S,0001684974,1777.0,0.0,0.0,1.0
0001018724-23-000028,2023-11-24T21:23:39.000Z,S,0001684974,1724.0,0.0,0.0,1.0
0001018724-23-000028,2023-11-24T21:23:39.000Z,S,0001684974,103.0,0.0,0.0,1.0
0001018724-23-000028,2023-11-24T21:23:39.000Z,S,0001684974,500.0,144.68,72340.0,1.0
0001018724-23-000026,2023-11-24T21:16:09.000Z,S,0001397333,2849.0,0.0,0.0,0.0
0001018724-23-000026,2023-11-24T21:16:09.000Z,S,0001397333,271.0,0.0,0.0,0.0
0001104659-23-119584,2023-11-17T21:59:23.000Z,S,0001684974,3947.0,0.0,0.0,1.0
0001104659-23-119584,2023-11-17T21:59:23.000Z,S,0001684974,4229.0,0.0,0.0,1.0
0001104659-23-119584,2023-11-17T21:59:23.000Z,S,0001684974,1661.0,0.0,0.0,1.0
0001104659-23-119584,2023-11-17T21:59:23.000Z,S,0001684974,919.0,0.0,0.0,1.0
0001104659-23-119584,2023-11-17T21:59:23.000Z,S,0001684974,500.0,140.96,70480.0,1.0
0001104659-23-119580,2023-11-17T21:56:16.000Z,S,0001936006,3864.0,147.06,568239.84,0.0
0001104659-23-119577,2023-11-17T21:53:20.000Z,-,,,,,
0001104659-23-119571,2023-11-17T21:50:48.000Z,-,,,,,
0001104659-23-119567,2023-11-17T21:47:13.000Z,S,0001630567,1237.0,142.83,176680.71000000002,0.0
0001104659-23-119561,2023-11-17T21:44:32.000Z,-,,,,,
0001104659-23-119554,2023-11-17T21:41:19.000Z,-,,,,,
0001104659-23-119548,2023-11-17T21:38:17.000Z,-,,,,,
0001104659-23-119543,2023-11-17T21:33:33.000Z,-,,,,,
0001104659-23-118776,2023-11-15T22:12:34.000Z,-,,,,,
0001104659-23-114815,2023-11-06T22:02:31.000Z,S,0001684974,500.0,138.8,69400.0,1.0
0001104659-23-114815,2023-11-06T22:02:31.000Z,S,0001684974,500.0,139.0,69500.0,1.0
0001104659-23-114357,2023-11-03T21:33:28.000Z,S,0001936006,4000.0,133.98,535920.0,0.0
0001104659-23-113426,2023-11-01T20:40:30.000Z,-,,,,,
0001104659-23-110807,2023-10-23T20:32:36.000Z,S,0001684974,500.0,130.53,65265.0,1.0
0001104659-23-110807,2023-10-23T20:32:36.000Z,S,0001684974,500.0,128.01,64004.99999999999,1.0
0001104659-23-108355,2023-10-10T21:13:42.000Z,S,0001684974,500.0,126.64,63320.0,1.0
0001104659-23-108355,2023-10-10T21:13:42.000Z,S,0001684974,500.0,124.13,62065.0,1.0
0001104659-23-106846,2023-10-04T20:33:17.000Z,S,0001936006,4000.0,127.2,508800.0,0.0
0001104659-23-103217,2023-09-22T20:35:24.000Z,S,0001684974,500.0,138.48,69240.0,1.0
0001104659-23-103217,2023-09-22T20:35:24.000Z,S,0001684974,500.0,131.8,65900.0,1.0
0001104659-23-101653,2023-09-18T21:04:23.000Z,S,0001557979,42816.0,145.13,6213886.08,0.0
0001104659-23-100538,2023-09-13T22:15:11.000Z,-,,,,,
0001104659-23-100536,2023-09-13T22:12:16.000Z,-,,,,,
0001104659-23-100534,2023-09-13T22:09:21.000Z,-,,,,,
0001104659-23-098964,2023-09-07T20:32:27.000Z,S,0001684974,500.0,137.66,68830.0,1.0
0001104659-23-098964,2023-09-07T20:32:27.000Z,S,0001684974,500.0,136.12,68060.0,1.0
0001104659-23-098686,2023-09-06T21:05:27.000Z,S,0001936006,4000.0,139.48,557920.0,0.0
0001104659-23-094570,2023-08-23T21:17:23.000Z,S,0001374545,11793.0,0.0,0.0,0.0
0001104659-23-094570,2023-08-23T21:17:23.000Z,S,0001374545,8605.0,0.0,0.0,0.0
0001104659-23-094570,2023-08-23T21:17:23.000Z,S,0001374545,1535.0,0.0,0.0,0.0
0001104659-23-094567,2023-08-23T21:14:15.000Z,S,0001936006,5080.0,0.0,0.0,0.0
0001104659-23-094567,2023-08-23T21:14:15.000Z,S,0001936006,3500.0,0.0,0.0,0.0
0001104659-23-094567,2023-08-23T21:14:15.000Z,S,0001936006,900.0,0.0,0.0,0.0
0001104659-23-094564,2023-08-23T21:11:24.000Z,S,0001639902,16800.0,133.61,2244648.0,1.0
0001104659-23-094559,2023-08-23T21:08:08.000Z,S,0001557979,3861.0,0.0,0.0,0.0
0001104659-23-094559,2023-08-23T21:08:08.000Z,S,0001557979,2459.0,0.0,0.0,0.0
0001104659-23-094559,2023-08-23T21:08:08.000Z,S,0001557979,400.0,0.0,0.0,0.0
0001104659-23-094555,2023-08-23T21:05:26.000Z,S,0001684974,2351.0,0.0,0.0,1.0
0001104659-23-094555,2023-08-23T21:05:26.000Z,S,0001684974,1253.0,0.0,0.0,1.0
0001104659-23-094555,2023-08-23T21:05:26.000Z,S,0001684974,500.0,135.0,67500.0,1.0
0001104659-23-094552,2023-08-23T21:02:18.000Z,S,0001397333,1750.0,0.0,0.0,0.0
0001104659-23-094552,2023-08-23T21:02:18.000Z,S,0001397333,1150.0,0.0,0.0,0.0
0001104659-23-094552,2023-08-23T21:02:18.000Z,S,0001397333,200.0,0.0,0.0,0.0
0001104659-23-093156,2023-08-17T23:12:18.000Z,S,0001684974,5919.0,0.0,0.0,1.0
0001104659-23-093156,2023-08-17T23:12:18.000Z,S,0001684974,2000.0,0.0,0.0,1.0
0001104659-23-093156,2023-08-17T23:12:18.000Z,S,0001684974,61895.0,0.0,0.0,1.0
0001104659-23-093156,2023-08-17T23:12:18.000Z,S,0001684974,242.0,0.0,0.0,1.0
0001104659-23-093156,2023-08-17T23:12:18.000Z,S,0001684974,500.0,137.0,68500.0,1.0
0001127602-23-022854,2023-08-17T21:28:36.000Z,S,0001936006,3864.0,140.02,541037.28,0.0
0001127602-23-022851,2023-08-17T21:22:11.000Z,-,,,,,
0001104659-23-090467,2023-08-11T20:06:55.000Z,S,0001018724,1177000.0,19.5,22951500.0,0.0
0001104659-23-088925,2023-08-08T22:02:26.000Z,S,0001936006,50000.0,141.0,7050000.0,0.0
0001104659-23-087318,2023-08-03T20:32:28.000Z,S,0001936006,4000.0,133.55,534200.0,0.0
0001104659-23-084346,2023-07-26T20:48:56.000Z,S,0001684974,407.0,0.0,0.0,0.0
0001104659-23-084346,2023-07-26T20:48:56.000Z,S,0001684974,66.0,0.0,0.0,0.0
0001104659-23-084346,2023-07-26T20:48:56.000Z,S,0001684974,27.0,131.59,3552.9300000000003,0.0
0001104659-23-084346,2023-07-26T20:48:56.000Z,S,0001684974,500.0,0.0,0.0,0.0
0001104659-23-079677,2023-07-10T20:32:31.000Z,S,0001684974,311.0,0.0,0.0,0.0
0001104659-23-079677,2023-07-10T20:32:31.000Z,S,0001684974,189.0,0.0,0.0,0.0
0001104659-23-079677,2023-07-10T20:32:31.000Z,S,0001684974,246.0,0.0,0.0,0.0
0001104659-23-079677,2023-07-10T20:32:31.000Z,S,0001684974,224.0,0.0,0.0,0.0
0001104659-23-079677,2023-07-10T20:32:31.000Z,S,0001684974,30.0,130.8,3924.0000000000005,0.0
0001104659-23-078766,2023-07-06T20:34:22.000Z,S,0001936006,4000.0,130.93,523720.0,0.0
0001104659-23-074304,2023-06-23T20:33:16.000Z,S,0001684974,363.0,0.0,0.0,0.0
0001104659-23-074304,2023-06-23T20:33:16.000Z,S,0001684974,107.0,0.0,0.0,0.0
0001104659-23-074304,2023-06-23T20:33:16.000Z,S,0001684974,30.0,126.45,3793.5,0.0
0001104659-23-074304,2023-06-23T20:33:16.000Z,S,0001684974,30.0,0.0,0.0,0.0
0001104659-23-074304,2023-06-23T20:33:16.000Z,S,0001684974,28.0,0.0,0.0,0.0
0001104659-23-074304,2023-06-23T20:33:16.000Z,S,0001684974,122.0,0.0,0.0,0.0
0001104659-23-074304,2023-06-23T20:33:16.000Z,S,0001684974,254.0,0.0,0.0,0.0
0001104659-23-074304,2023-06-23T20:33:16.000Z,S,0001684974,66.0,0.0,0.0,0.0
0001104659-23-069420,2023-06-08T20:33:37.000Z,S,0001684974,177.0,0.0,0.0,0.0
0001104659-23-069420,2023-06-08T20:33:37.000Z,S,0001684974,323.0,0.0,0.0,0.0
0001104659-23-069420,2023-06-08T20:33:37.000Z,S,0001684974,73.0,0.0,0.0,0.0
0001104659-23-069420,2023-06-08T20:33:37.000Z,S,0001684974,191.0,0.0,0.0,0.0
0001104659-23-069420,2023-06-08T20:33:37.000Z,S,0001684974,80.0,0.0,0.0,0.0
0001104659-23-069420,2023-06-08T20:33:37.000Z,S,0001684974,90.0,0.0,0.0,0.0
0001104659-23-069420,2023-06-08T20:33:37.000Z,S,0001684974,66.0,0.0,0.0,0.0
0001104659-23-068073,2023-06-05T20:34:37.000Z,S,0001936006,4000.0,120.61,482440.0,0.0
0001104659-23-065485,2023-05-26T20:20:00.000Z,P,0001043298,1.0,114.77,114.77,0.0
0001104659-23-063754,2023-05-23T23:49:29.000Z,S,0001374545,10258.0,0.0,0.0,0.0
0001104659-23-063754,2023-05-23T23:49:29.000Z,S,0001374545,9840.0,0.0,0.0,0.0
0001104659-23-063754,2023-05-23T23:49:29.000Z,S,0001374545,1827.0,0.0,0.0,0.0
0001104659-23-063751,2023-05-23T23:46:29.000Z,S,0001936006,3152.0,0.0,0.0,0.0
0001104659-23-063751,2023-05-23T23:46:29.000Z,S,0001936006,5320.0,0.0,0.0,0.0
0001104659-23-063751,2023-05-23T23:46:29.000Z,S,0001936006,1000.0,0.0,0.0,0.0
0001104659-23-063749,2023-05-23T23:42:30.000Z,S,0001639902,16800.0,116.69,1960392.0,0.0
0001104659-23-063747,2023-05-23T23:38:38.000Z,S,0001557979,2420.0,0.0,0.0,0.0
0001104659-23-063747,2023-05-23T23:38:38.000Z,S,0001557979,3500.0,0.0,0.0,0.0
0001104659-23-063747,2023-05-23T23:38:38.000Z,S,0001557979,800.0,0.0,0.0,0.0
0001104659-23-063745,2023-05-23T23:35:19.000Z,S,0001684974,2136.0,0.0,0.0,0.0
0001104659-23-063745,2023-05-23T23:35:19.000Z,S,0001684974,1429.0,0.0,0.0,0.0
0001104659-23-063745,2023-05-23T23:35:19.000Z,S,0001684974,55.0,0.0,0.0,0.0
0001104659-23-063745,2023-05-23T23:35:19.000Z,S,0001684974,71.0,0.0,0.0,0.0
0001104659-23-063745,2023-05-23T23:35:19.000Z,S,0001684974,307.0,0.0,0.0,0.0
0001104659-23-063745,2023-05-23T23:35:19.000Z,S,0001684974,122.0,0.0,0.0,0.0
0001104659-23-063739,2023-05-23T23:32:27.000Z,S,0001397333,931.0,0.0,0.0,0.0
0001104659-23-063739,2023-05-23T23:32:27.000Z,S,0001397333,1869.0,0.0,0.0,0.0
0001104659-23-063739,2023-05-23T23:32:27.000Z,S,0001397333,300.0,0.0,0.0,0.0
0001104659-23-062272,2023-05-18T20:17:29.000Z,-,,,,,
0001104659-23-061894,2023-05-17T20:40:35.000Z,S,0001684974,4824.0,0.0,0.0,0.0
0001104659-23-061894,2023-05-17T20:40:35.000Z,S,0001684974,5264.0,0.0,0.0,0.0
0001104659-23-061894,2023-05-17T20:40:35.000Z,S,0001684974,672.0,0.0,0.0,0.0
0001104659-23-061894,2023-05-17T20:40:35.000Z,S,0001684974,46.0,0.0,0.0,0.0
0001104659-23-061894,2023-05-17T20:40:35.000Z,S,0001684974,209.0,0.0,0.0,0.0
0001104659-23-061894,2023-05-17T20:40:35.000Z,S,0001684974,215.0,0.0,0.0,0.0
0001104659-23-061894,2023-05-17T20:40:35.000Z,S,0001684974,30.0,114.61,3438.3,0.0
0001104659-23-061885,2023-05-17T20:37:13.000Z,S,0001936006,1900.0,0.0,0.0,0.0
0001104659-23-061885,2023-05-17T20:37:13.000Z,S,0001936006,1564.0,0.0,0.0,0.0
0001104659-23-061885,2023-05-17T20:37:13.000Z,S,0001936006,400.0,0.0,0.0,0.0
0001104659-23-061877,2023-05-17T20:34:31.000Z,-,,,,,
0001104659-23-057243,2023-05-08T21:08:35.000Z,S,0001684974,329.0,0.0,0.0,0.0
0001104659-23-057243,2023-05-08T21:08:35.000Z,S,0001684974,191.0,0.0,0.0,0.0
0001104659-23-057243,2023-05-08T21:08:35.000Z,S,0001684974,123.0,0.0,0.0,0.0
0001104659-23-057243,2023-05-08T21:08:35.000Z,S,0001684974,377.0,0.0,0.0,0.0
0001104659-23-055500,2023-05-03T20:14:30.000Z,S,0001936006,4000.0,105.0,420000.0,0.0
0001104659-23-048516,2023-04-21T22:06:47.000Z,S,0001684974,32.0,0.0,0.0,0.0
0001104659-23-048516,2023-04-21T22:06:47.000Z,S,0001684974,228.0,0.0,0.0,0.0
0001104659-23-048516,2023-04-21T22:06:47.000Z,S,0001684974,255.0,0.0,0.0,0.0
0001104659-23-048516,2023-04-21T22:06:47.000Z,S,0001684974,5.0,0.0,0.0,0.0
0001104659-23-048516,2023-04-21T22:06:47.000Z,S,0001684974,289.0,0.0,0.0,0.0
0001104659-23-048516,2023-04-21T22:06:47.000Z,S,0001684974,211.0,0.0,0.0,0.0
0001127602-23-012687,2023-04-06T20:42:46.000Z,S,0001684974,391.0,0.0,0.0,0.0
0001127602-23-012687,2023-04-06T20:42:46.000Z,S,0001684974,129.0,0.0,0.0,0.0
0001127602-23-012687,2023-04-06T20:42:46.000Z,S,0001684974,404.0,0.0,0.0,0.0
0001127602-23-012687,2023-04-06T20:42:46.000Z,S,0001684974,90.0,0.0,0.0,0.0
0001127602-23-012687,2023-04-06T20:42:46.000Z,S,0001684974,6.0,103.79,622.74,0.0
0001104659-23-042198,2023-04-05T20:37:15.000Z,S,0001936006,4000.0,102.25,409000.0,0.0
0001127602-23-011192,2023-03-23T20:39:57.000Z,S,0001684974,2299.0,0.0,0.0,0.0
0001104659-23-028445,2023-03-03T21:26:07.000Z,S,0001936006,4000.0,93.8,375200.0,0.0
0001104659-23-028442,2023-03-03T21:23:00.000Z,-,,,,,
0001104659-23-028435,2023-03-03T21:18:30.000Z,-,,,,,
0001127602-23-007056,2023-02-24T21:21:43.000Z,-,,,,,
0001104659-23-024850,2023-02-23T23:05:50.000Z,S,0001936006,7056.0,0.0,0.0,0.0
0001104659-23-024850,2023-02-23T23:05:50.000Z,S,0001936006,400.0,0.0,0.0,0.0
0001127602-23-006852,2023-02-23T22:55:07.000Z,S,0001557979,6504.0,0.0,0.0,0.0
0001127602-23-006852,2023-02-23T22:55:07.000Z,S,0001557979,200.0,0.0,0.0,0.0
0001127602-23-006840,2023-02-23T22:47:02.000Z,S,0001639902,16760.0,95.25,1596390.0,0.0
0001127602-23-006827,2023-02-23T22:38:13.000Z,S,0001397333,3400.0,0.0,0.0,0.0
0001127602-23-006827,2023-02-23T22:38:13.000Z,S,0001397333,100.0,95.5,9550.0,0.0
0001127602-23-005906,2023-02-17T22:29:12.000Z,S,0001374545,21790.0,0.0,0.0,0.0
0001127602-23-005906,2023-02-17T22:29:12.000Z,S,0001374545,2084.0,0.0,0.0,0.0
0001127602-23-005902,2023-02-17T22:22:27.000Z,S,0001684974,10704.0,0.0,0.0,0.0
0001127602-23-005902,2023-02-17T22:22:27.000Z,S,0001684974,1243.0,0.0,0.0,0.0
0001127602-23-005902,2023-02-17T22:22:27.000Z,S,0001684974,373.0,0.0,0.0,0.0
0001127602-23-005902,2023-02-17T22:22:27.000Z,S,0001684974,241.0,0.0,0.0,0.0
0001104659-23-023350,2023-02-17T22:13:43.000Z,S,0001936006,14173.0,0.0,0.0,0.0
0001104659-23-023350,2023-02-17T22:13:43.000Z,S,0001936006,1614.0,0.0,0.0,0.0
0001127602-23-005886,2023-02-17T22:01:48.000Z,-,,,,,
0001127602-23-005881,2023-02-17T21:57:15.000Z,-,,,,,
0001104659-23-014571,2023-02-08T21:37:48.000Z,S,0001936006,4000.0,102.9,411600.0,0.0
0001127602-23-003574,2023-02-06T21:44:00.000Z,S,0001684974,500.0,0.0,0.0,0.0
0001127602-23-003574,2023-02-06T21:44:00.000Z,S,0001684974,973.0,0.0,0.0,0.0
0001127602-23-003574,2023-02-06T21:44:00.000Z,S,0001684974,2217.0,0.0,0.0,0.0
0001127602-23-003574,2023-02-06T21:44:00.000Z,S,0001684974,1110.0,0.0,0.0,0.0
0001127602-23-003574,2023-02-06T21:44:00.000Z,S,0001684974,300.0,0.0,0.0,0.0
0001127602-23-003574,2023-02-06T21:44:00.000Z,S,0001684974,60.0,0.0,0.0,0.0
0001127602-23-003574,2023-02-06T21:44:00.000Z,S,0001684974,69.0,0.0,0.0,0.0
0001127602-23-003574,2023-02-06T21:44:00.000Z,S,0001684974,37.0,0.0,0.0,0.0
0001127602-23-003574,2023-02-06T21:44:00.000Z,S,0001684974,130.0,0.0,0.0,0.0
0001127602-23-003574,2023-02-06T21:44:00.000Z,S,0001684974,204.0,0.0,0.0,0.0
0000899243-22-039118,2022-12-20T21:36:32.000Z,S,0001018724,260000.0,26.99,7017400.0,0.0
0001127602-22-026633,2022-12-01T21:24:53.000Z,-,,,,,
0000899243-22-036943,2022-11-23T21:49:52.000Z,S,0001936006,7456.0,94.0,700864.0,0.0
0001127602-22-026347,2022-11-23T21:35:21.000Z,S,0001639902,15240.0,94.0,1432560.0,0.0
0001127602-22-026345,2022-11-23T21:28:54.000Z,S,0001557979,8380.0,94.0,787720.0,0.0
0001127602-22-026343,2022-11-23T21:22:31.000Z,S,0001397333,3500.0,94.0,329000.0,0.0
0000899243-22-036208,2022-11-17T22:22:20.000Z,S,0001936006,15787.0,103.1,1627639.7,0.0
0001127602-22-025972,2022-11-17T22:08:08.000Z,S,0001374545,8953.0,0.0,0.0,0.0
0001127602-22-025972,2022-11-17T22:08:08.000Z,S,0001374545,8562.0,0.0,0.0,0.0
0001127602-22-025972,2022-11-17T22:08:08.000Z,S,0001374545,3810.0,0.0,0.0,0.0
0001127602-22-025972,2022-11-17T22:08:08.000Z,S,0001374545,2295.0,0.0,0.0,0.0
0001127602-22-025968,2022-11-17T22:01:33.000Z,S,0001684974,5262.0,0.0,0.0,0.0
0001127602-22-025968,2022-11-17T22:01:33.000Z,S,0001684974,5457.0,0.0,0.0,0.0
0001127602-22-025968,2022-11-17T22:01:33.000Z,S,0001684974,1136.0,0.0,0.0,0.0
0001127602-22-025968,2022-11-17T22:01:33.000Z,S,0001684974,1140.0,0.0,0.0,0.0
0001127602-22-025964,2022-11-17T21:54:11.000Z,-,,,,,
0001127602-22-025961,2022-11-17T21:49:23.000Z,-,,,,,
0001127602-22-025958,2022-11-17T21:41:14.000Z,S,0001630567,1360.0,0.0,0.0,0.0
0001127602-22-025958,2022-11-17T21:41:14.000Z,S,0001630567,360.0,0.0,0.0,0.0
0001127602-22-025956,2022-11-17T21:35:32.000Z,-,,,,,
0001127602-22-025946,2022-11-17T21:28:21.000Z,-,,,,,
0001127602-22-025784,2022-11-16T21:42:33.000Z,-,,,,,
0001127602-22-025033,2022-11-07T21:28:26.000Z,-,,,,,
0001127602-22-024928,2022-11-03T21:30:28.000Z,S,0001684974,120.0,0.0,0.0,0.0
0001127602-22-024928,2022-11-03T21:30:28.000Z,S,0001684974,120.0,0.0,0.0,0.0
0001127602-22-024928,2022-11-03T21:30:28.000Z,S,0001684974,90.0,0.0,0.0,0.0
0001127602-22-024928,2022-11-03T21:30:28.000Z,S,0001684974,15.0,104.1,1561.5,0.0
0001127602-22-024172,2022-10-19T20:48:08.000Z,S,0001684974,51.0,0.0,0.0,0.0
0001127602-22-024172,2022-10-19T20:48:08.000Z,S,0001684974,201.0,0.0,0.0,0.0
0001127602-22-024172,2022-10-19T20:48:08.000Z,S,0001684974,252.0,0.0,0.0,0.0
0001127602-22-024172,2022-10-19T20:48:08.000Z,S,0001684974,16.0,0.0,0.0,0.0
0001127602-22-024172,2022-10-19T20:48:08.000Z,S,0001684974,88.0,0.0,0.0,0.0
0001127602-22-024172,2022-10-19T20:48:08.000Z,S,0001684974,253.0,0.0,0.0,0.0
0001127602-22-024172,2022-10-19T20:48:08.000Z,S,0001684974,115.0,0.0,0.0,0.0
0001127602-22-024172,2022-10-19T20:48:08.000Z,S,0001684974,30.0,118.22,3546.6,0.0
0001127602-22-024172,2022-10-19T20:48:08.000Z,S,0001684974,14.0,119.28,1669.92,0.0
0000899243-22-033396,2022-10-11T20:11:21.000Z,S,0001018724,250000.0,23.61,5902500.0,0.0
0001127602-22-023258,2022-10-03T20:41:23.000Z,S,0001684974,323.0,0.0,0.0,0.0
0001127602-22-023258,2022-10-03T20:41:23.000Z,S,0001684974,197.0,0.0,0.0,0.0
0001127602-22-023258,2022-10-03T20:41:23.000Z,S,0001684974,172.0,0.0,0.0,0.0
0001127602-22-023258,2022-10-03T20:41:23.000Z,S,0001684974,129.0,0.0,0.0,0.0
0001127602-22-023258,2022-10-03T20:41:23.000Z,S,0001684974,177.0,0.0,0.0,0.0
0001127602-22-023258,2022-10-03T20:41:23.000Z,S,0001684974,22.0,0.0,0.0,0.0
