accession,accepted,owner,code,shares,price,value,plan
0001193125-26-412669,2026-10-02T22:05:42.000Z,0001665419,S,83.0,340.45,28257.35,1.0
0001193125-26-408019,2026-09-30T00:27:35.000Z,,-,,,,
0001193125-26-408016,2026-09-30T00:26:26.000Z,,-,,,,
0001193125-26-408014,2026-09-30T00:25:04.000Z,,-,,,,
0001193125-26-408009,2026-09-30T00:23:56.000Z,,-,,,,
0001193125-26-408007,2026-09-30T00:22:32.000Z,,-,,,,
0001193125-26-408004,2026-09-30T00:20:42.000Z,,-,,,,
0001193125-26-393517,2026-09-17T01:44:13.000Z,,-,,,,
0001193125-26-393515,2026-09-17T01:43:49.000Z,,-,,,,
0001193125-26-393513,2026-09-17T01:43:06.000Z,,-,,,,
0001193125-26-393511,2026-09-17T01:42:06.000Z,,-,,,,
0001193125-26-393509,2026-09-17T01:41:27.000Z,,-,,,,
0001193125-26-393506,2026-09-17T01:40:23.000Z,,-,,,,
0001193125-26-393503,2026-09-17T01:39:37.000Z,,-,,,,
0001193125-26-393500,2026-09-17T01:37:03.000Z,,-,,,,
0001193125-26-393497,2026-09-17T01:36:00.000Z,,-,,,,
0001193125-26-393494,2026-09-17T01:35:10.000Z,,-,,,,
0001193125-26-393491,2026-09-17T01:33:51.000Z,,-,,,,
0001193125-26-393485,2026-09-17T01:28:34.000Z,,-,,,,
0001193125-26-393483,2026-09-17T01:28:06.000Z,,-,,,,
0001193125-26-382332,2026-09-03T23:38:00.000Z,,-,,,,
0001193125-26-382328,2026-09-03T23:33:18.000Z,,-,,,,
0001193125-26-377149,2026-08-31T21:58:21.000Z,0001665419,S,82.0,337.71,27692.219999999998,1.0
0001193125-26-371799,2026-08-28T00:04:27.000Z,,-,,,,
0001193125-26-371797,2026-08-28T00:02:16.000Z,,-,,,,
0001193125-26-371794,2026-08-28T00:00:20.000Z,,-,,,,
0001193125-26-371788,2026-08-27T23:56:27.000Z,,-,,,,
0001193125-26-371785,2026-08-27T23:55:11.000Z,,-,,,,
0001193125-26-371778,2026-08-27T23:53:32.000Z,,-,,,,
0001193125-26-345383,2026-08-12T00:48:40.000Z,,-,,,,
0001193125-26-338824,2026-08-07T01:34:36.000Z,,-,,,,
0001193125-26-326284,2026-07-30T20:40:59.000Z,0001665419,S,82.0,333.39,27337.98,1.0
0001168404-26-000041,2026-07-29T23:28:13.000Z,0001845038,S,196931.0,0.0,0.0,0.0
0001168404-26-000041,2026-07-29T23:28:13.000Z,0001845038,S,118138.0,0.0,0.0,0.0
0001193125-26-324312,2026-07-29T21:58:39.000Z,0002138895,S,449.0,0.0,0.0,1.0
0001193125-26-321684,2026-07-29T00:00:38.000Z,,-,,,,
0001193125-26-321683,2026-07-29T00:00:06.000Z,,-,,,,
0001193125-26-321678,2026-07-28T23:59:52.000Z,,-,,,,
0001193125-26-321676,2026-07-28T23:59:23.000Z,,-,,,,
0001193125-26-321674,2026-07-28T23:58:47.000Z,,-,,,,
0001193125-26-321672,2026-07-28T23:57:22.000Z,,-,,,,
0001168404-26-000039,2026-07-27T22:21:12.000Z,0001845038,S,63297.0,0.0,0.0,0.0
0001168404-26-000039,2026-07-27T22:21:12.000Z,0001845038,S,23417.0,0.0,0.0,0.0
0001168404-26-000036,2026-07-23T20:47:21.000Z,0001845038,S,22700.0,0.0,0.0,0.0
0001168404-26-000036,2026-07-23T20:47:21.000Z,0001845038,S,200.0,19.72,3944.0,0.0
0001168404-26-000036,2026-07-23T20:47:21.000Z,0001845038,S,49582.0,0.0,0.0,0.0
0001168404-26-000031,2026-07-21T21:11:56.000Z,0001845038,S,20534.0,0.0,0.0,0.0
0001168404-26-000031,2026-07-21T21:11:56.000Z,0001845038,S,18386.0,0.0,0.0,0.0
0001168404-26-000029,2026-07-18T00:12:38.000Z,0001845038,S,12500.0,0.0,0.0,0.0
0001168404-26-000029,2026-07-18T00:12:38.000Z,0001845038,S,61992.0,0.0,0.0,0.0
0001168404-26-000029,2026-07-18T00:12:38.000Z,0001845038,S,19595.0,0.0,0.0,0.0
0001193125-26-296465,2026-07-06T21:46:07.000Z,,-,,,,
0001193125-26-296453,2026-07-06T21:39:02.000Z,,-,,,,
0001193125-26-296382,2026-07-06T21:10:33.000Z,,-,,,,
0001193125-26-296351,2026-07-06T21:01:42.000Z,,-,,,,
0001193125-26-296327,2026-07-06T20:55:04.000Z,,-,,,,
0001193125-26-296291,2026-07-06T20:42:50.000Z,,-,,,,
0001193125-26-296243,2026-07-06T20:29:47.000Z,,-,,,,
0001193125-26-292904,2026-07-01T22:20:39.000Z,0001238734,S,760.0,0.0,0.0,1.0
0001193125-26-292904,2026-07-01T22:20:39.000Z,0001238734,S,920.0,0.0,0.0,1.0
0001193125-26-292904,2026-07-01T22:20:39.000Z,0001238734,S,520.0,0.0,0.0,1.0
0001193125-26-292904,2026-07-01T22:20:39.000Z,0001238734,S,680.0,0.0,0.0,1.0
0001193125-26-292904,2026-07-01T22:20:39.000Z,0001238734,S,1280.0,0.0,0.0,1.0
0001193125-26-292904,2026-07-01T22:20:39.000Z,0001238734,S,2400.0,0.0,0.0,1.0
0001193125-26-292904,2026-07-01T22:20:39.000Z,0001238734,S,2358.0,0.0,0.0,1.0
0001193125-26-292904,2026-07-01T22:20:39.000Z,0001238734,S,80.0,0.0,0.0,1.0
0001193125-26-290710,2026-06-30T20:44:15.000Z,0001665419,S,112.0,351.28,39343.36,1.0
0001193125-26-289028,2026-06-30T00:27:53.000Z,0002138895,S,449.0,0.0,0.0,1.0
0001193125-26-289019,2026-06-30T00:25:11.000Z,,-,,,,
0001193125-26-289015,2026-06-30T00:23:43.000Z,,-,,,,
0001193125-26-289012,2026-06-30T00:22:22.000Z,,-,,,,
0001193125-26-289009,2026-06-30T00:20:23.000Z,,-,,,,
0001193125-26-289007,2026-06-30T00:19:19.000Z,,-,,,,
0001193125-26-276126,2026-06-18T21:24:14.000Z,,-,,,,
0001193125-26-276118,2026-06-18T21:22:18.000Z,,-,,,,
0001193125-26-276114,2026-06-18T21:20:53.000Z,,-,,,,
0001193125-26-276111,2026-06-18T21:19:36.000Z,0001198046,S,45.0,0.0,0.0,1.0
0001193125-26-276111,2026-06-18T21:19:36.000Z,0001198046,S,33.0,0.0,0.0,1.0
0001193125-26-276111,2026-06-18T21:19:36.000Z,0001198046,S,177.0,0.0,0.0,1.0
0001193125-26-276111,2026-06-18T21:19:36.000Z,0001198046,S,45.0,0.0,0.0,1.0
0001193125-26-276111,2026-06-18T21:19:36.000Z,0001198046,S,51.0,0.0,0.0,1.0
0001193125-26-276111,2026-06-18T21:19:36.000Z,0001198046,S,35.0,0.0,0.0,1.0
0001193125-26-276111,2026-06-18T21:19:36.000Z,0001198046,S,145.0,0.0,0.0,1.0
0001193125-26-276111,2026-06-18T21:19:36.000Z,0001198046,S,119.0,0.0,0.0,1.0
0001193125-26-276111,2026-06-18T21:19:36.000Z,0001198046,S,68.0,0.0,0.0,1.0
0001193125-26-276111,2026-06-18T21:19:36.000Z,0001198046,S,44.0,0.0,0.0,1.0
0001193125-26-276111,2026-06-18T21:19:36.000Z,0001198046,S,130.0,0.0,0.0,1.0
0001193125-26-276111,2026-06-18T21:19:36.000Z,0001198046,S,158.0,0.0,0.0,1.0
0001193125-26-276104,2026-06-18T21:16:43.000Z,,-,,,,
0001193125-26-276099,2026-06-18T21:15:25.000Z,,-,,,,
0001193125-26-274740,2026-06-18T10:00:13.000Z,,-,,,,
0001193125-26-274733,2026-06-18T01:59:47.000Z,,-,,,,
0001193125-26-274732,2026-06-18T01:59:29.000Z,,-,,,,
0001193125-26-274731,2026-06-18T01:59:15.000Z,,-,,,,
0001193125-26-274730,2026-06-18T01:58:59.000Z,,-,,,,
0001193125-26-274729,2026-06-18T01:58:47.000Z,,-,,,,
0001193125-26-274727,2026-06-18T01:58:46.000Z,,-,,,,
0001193125-26-252164,2026-06-02T01:15:07.000Z,,-,,,,
0001193125-26-252002,2026-06-01T23:22:18.000Z,0001665419,S,102.0,381.0,38862.0,1.0
0001193125-26-242640,2026-05-28T01:15:01.000Z,,-,,,,
0001193125-26-242636,2026-05-28T01:12:54.000Z,,-,,,,
0001193125-26-242634,2026-05-28T01:10:19.000Z,,-,,,,
0001193125-26-242630,2026-05-28T01:06:26.000Z,,-,,,,
0001193125-26-242628,2026-05-28T01:04:33.000Z,,-,,,,
0001193125-26-233121,2026-05-21T01:24:39.000Z,,-,,,,
0001193125-26-231383,2026-05-19T23:55:38.000Z,0001198046,S,37.0,0.0,0.0,1.0
0001193125-26-231383,2026-05-19T23:55:38.000Z,0001198046,S,134.0,0.0,0.0,1.0
0001193125-26-231383,2026-05-19T23:55:38.000Z,0001198046,S,90.0,0.0,0.0,1.0
0001193125-26-231383,2026-05-19T23:55:38.000Z,0001198046,S,39.0,0.0,0.0,1.0
0001193125-26-231383,2026-05-19T23:55:38.000Z,0001198046,S,134.0,0.0,0.0,1.0
0001193125-26-231383,2026-05-19T23:55:38.000Z,0001198046,S,171.0,0.0,0.0,1.0
0001193125-26-231383,2026-05-19T23:55:38.000Z,0001198046,S,45.0,0.0,0.0,1.0
0001193125-26-231383,2026-05-19T23:55:38.000Z,0001198046,S,199.0,0.0,0.0,1.0
0001193125-26-231383,2026-05-19T23:55:38.000Z,0001198046,S,138.0,0.0,0.0,1.0
0001193125-26-231383,2026-05-19T23:55:38.000Z,0001198046,S,32.0,391.2,12518.4,1.0
0001193125-26-231383,2026-05-19T23:55:38.000Z,0001198046,S,31.0,395.42,12258.02,1.0
0001168404-26-000025,2026-05-18T22:43:00.000Z,0001845038,S,60077.0,0.0,0.0,0.0
0001168404-26-000025,2026-05-18T22:43:00.000Z,0001845038,S,45410.0,0.0,0.0,0.0
0001168404-26-000025,2026-05-18T22:43:00.000Z,0001845038,S,42065.0,0.0,0.0,0.0
0001193125-26-201851,2026-05-01T22:23:56.000Z,0001665419,S,102.0,371.0,37842.0,1.0
0001193125-26-193335,2026-04-30T01:59:26.000Z,,-,,,,
0001193125-26-192974,2026-04-29T23:10:37.000Z,,-,,,,
0001193125-26-188492,2026-04-29T01:56:30.000Z,,-,,,,
0001193125-26-188490,2026-04-29T01:56:16.000Z,,-,,,,
0001193125-26-188485,2026-04-29T01:54:54.000Z,,-,,,,
0001193125-26-162189,2026-04-18T01:58:19.000Z,0001198046,S,105.0,0.0,0.0,1.0
0001193125-26-162189,2026-04-18T01:58:19.000Z,0001198046,S,105.0,0.0,0.0,1.0
0001193125-26-162189,2026-04-18T01:58:19.000Z,0001198046,S,75.0,0.0,0.0,1.0
0001193125-26-162189,2026-04-18T01:58:19.000Z,0001198046,S,72.0,334.35,24073.2,1.0
0001193125-26-162189,2026-04-18T01:58:19.000Z,0001198046,S,34.0,0.0,0.0,1.0
0001193125-26-162189,2026-04-18T01:58:19.000Z,0001198046,S,137.0,0.0,0.0,1.0
0001193125-26-162189,2026-04-18T01:58:19.000Z,0001198046,S,68.0,0.0,0.0,1.0
0001193125-26-162189,2026-04-18T01:58:19.000Z,0001198046,S,85.0,0.0,0.0,1.0
0001193125-26-162189,2026-04-18T01:58:19.000Z,0001198046,S,68.0,0.0,0.0,1.0
0001193125-26-162189,2026-04-18T01:58:19.000Z,0001198046,S,142.0,0.0,0.0,1.0
0001193125-26-162189,2026-04-18T01:58:19.000Z,0001198046,S,64.0,0.0,0.0,1.0
0001193125-26-162189,2026-04-18T01:58:19.000Z,0001198046,S,95.0,0.0,0.0,1.0
0001193125-26-151397,2026-04-10T20:48:17.000Z,,-,,,,
0001193125-26-151366,2026-04-10T20:35:51.000Z,,-,,,,
0001193125-26-151343,2026-04-10T20:29:41.000Z,,-,,,,
0001193125-26-151329,2026-04-10T20:23:35.000Z,,-,,,,
0001193125-26-142372,2026-04-03T21:31:35.000Z,0001738007,S,617.0,289.63,178701.71,1.0
0001193125-26-135334,2026-04-01T01:43:02.000Z,0001238734,S,2677.0,0.0,0.0,1.0
0001193125-26-135334,2026-04-01T01:43:02.000Z,0001238734,S,1516.0,0.0,0.0,1.0
0001193125-26-135334,2026-04-01T01:43:02.000Z,0001238734,S,1400.0,0.0,0.0,1.0
0001193125-26-135334,2026-04-01T01:43:02.000Z,0001238734,S,2100.0,0.0,0.0,1.0
0001193125-26-135334,2026-04-01T01:43:02.000Z,0001238734,S,1300.0,0.0,0.0,1.0
0001193125-26-135258,2026-04-01T00:39:05.000Z,0001665419,S,102.0,275.19,28069.38,1.0
0001193125-26-129999,2026-03-28T00:15:55.000Z,,-,,,,
0001193125-26-129980,2026-03-27T23:59:27.000Z,,-,,,,
0001193125-26-129971,2026-03-27T23:49:31.000Z,,-,,,,
0001193125-26-129959,2026-03-27T23:33:06.000Z,,-,,,,
0001193125-26-129937,2026-03-27T23:17:05.000Z,,-,,,,
0001193125-26-129915,2026-03-27T22:59:56.000Z,,-,,,,
0001193125-26-114872,2026-03-19T01:51:08.000Z,,-,,,,
0001193125-26-114871,2026-03-19T01:50:43.000Z,,-,,,,
0001193125-26-114868,2026-03-19T01:50:21.000Z,,-,,,,
0001193125-26-114859,2026-03-19T01:48:35.000Z,0001198046,S,105.0,0.0,0.0,1.0
0001193125-26-114859,2026-03-19T01:48:35.000Z,0001198046,S,232.0,0.0,0.0,1.0
0001193125-26-114859,2026-03-19T01:48:35.000Z,0001198046,S,63.0,0.0,0.0,1.0
0001193125-26-114859,2026-03-19T01:48:35.000Z,0001198046,S,143.0,0.0,0.0,1.0
0001193125-26-114859,2026-03-19T01:48:35.000Z,0001198046,S,179.0,0.0,0.0,1.0
0001193125-26-114859,2026-03-19T01:48:35.000Z,0001198046,S,28.0,304.36,8522.08,1.0
0001193125-26-114859,2026-03-19T01:48:35.000Z,0001198046,S,168.0,0.0,0.0,1.0
0001193125-26-114859,2026-03-19T01:48:35.000Z,0001198046,S,132.0,0.0,0.0,1.0
0001193125-26-114855,2026-03-19T01:45:39.000Z,,-,,,,
0001193125-26-114853,2026-03-19T01:45:18.000Z,,-,,,,
0001193125-26-114850,2026-03-19T01:44:51.000Z,0001534753,S,6193.0,0.0,0.0,1.0
0001193125-26-114850,2026-03-19T01:44:51.000Z,0001534753,S,8102.0,0.0,0.0,1.0
0001193125-26-114850,2026-03-19T01:44:51.000Z,0001534753,S,6621.0,0.0,0.0,1.0
0001193125-26-114850,2026-03-19T01:44:51.000Z,0001534753,S,9969.0,0.0,0.0,1.0
0001193125-26-114850,2026-03-19T01:44:51.000Z,0001534753,S,1615.0,0.0,0.0,1.0
0001193125-26-114847,2026-03-19T01:44:19.000Z,,-,,,,
0001193125-26-114844,2026-03-19T01:43:48.000Z,,-,,,,
0001193125-26-114842,2026-03-19T01:43:20.000Z,,-,,,,
0001193125-26-114840,2026-03-19T01:42:47.000Z,,-,,,,
0001193125-26-114831,2026-03-19T01:39:47.000Z,,-,,,,
0001193125-26-114804,2026-03-19T01:25:23.000Z,,-,,,,
0001193125-26-097008,2026-03-06T22:43:01.000Z,0001534753,S,1300.0,0.0,0.0,1.0
0001193125-26-097008,2026-03-06T22:43:01.000Z,0001534753,S,8660.0,0.0,0.0,1.0
0001193125-26-097008,2026-03-06T22:43:01.000Z,0001534753,S,15767.0,0.0,0.0,1.0
0001193125-26-097008,2026-03-06T22:43:01.000Z,0001534753,S,6373.0,0.0,0.0,1.0
0001193125-26-097008,2026-03-06T22:43:01.000Z,0001534753,S,400.0,0.0,0.0,1.0
0001193125-26-091916,2026-03-04T22:31:50.000Z,0001665419,S,112.0,302.99,33934.880000000005,1.0
0001193125-26-091912,2026-03-04T22:31:03.000Z,0001738007,S,955.0,0.0,0.0,1.0
0001193125-26-086140,2026-03-03T00:27:29.000Z,,-,,,,
0001193125-26-083604,2026-02-28T00:08:46.000Z,,-,,,,
0001193125-26-072513,2026-02-26T00:17:50.000Z,,-,,,,
0001193125-26-061707,2026-02-20T22:34:53.000Z,,-,,,,
0001193125-26-061632,2026-02-20T22:14:05.000Z,0001534753,S,5253.0,0.0,0.0,1.0
0001193125-26-061632,2026-02-20T22:14:05.000Z,0001534753,S,11219.0,0.0,0.0,1.0
0001193125-26-061632,2026-02-20T22:14:05.000Z,0001534753,S,14603.0,0.0,0.0,1.0
0001193125-26-061632,2026-02-20T22:14:05.000Z,0001534753,S,1425.0,0.0,0.0,1.0
0001193125-26-060024,2026-02-20T01:48:14.000Z,0001238734,S,1900.0,0.0,0.0,1.0
0001193125-26-060024,2026-02-20T01:48:14.000Z,0001238734,S,4900.0,0.0,0.0,1.0
0001193125-26-060024,2026-02-20T01:48:14.000Z,0001238734,S,4400.0,0.0,0.0,1.0
0001193125-26-060024,2026-02-20T01:48:14.000Z,0001238734,S,4200.0,0.0,0.0,1.0
0001193125-26-060024,2026-02-20T01:48:14.000Z,0001238734,S,11531.0,0.0,0.0,1.0
0001193125-26-060024,2026-02-20T01:48:14.000Z,0001238734,S,14641.0,0.0,0.0,1.0
0001193125-26-060024,2026-02-20T01:48:14.000Z,0001238734,S,5402.0,0.0,0.0,1.0
0001193125-26-060024,2026-02-20T01:48:14.000Z,0001238734,S,600.0,0.0,0.0,1.0
0001193125-26-055574,2026-02-18T01:24:00.000Z,0001198046,S,92.0,0.0,0.0,1.0
0001193125-26-055574,2026-02-18T01:24:00.000Z,0001198046,S,80.0,0.0,0.0,1.0
0001193125-26-055574,2026-02-18T01:24:00.000Z,0001198046,S,28.0,0.0,0.0,1.0
0001193125-26-055574,2026-02-18T01:24:00.000Z,0001198046,S,79.0,0.0,0.0,1.0
0001193125-26-055574,2026-02-18T01:24:00.000Z,0001198046,S,159.0,0.0,0.0,1.0
0001193125-26-055574,2026-02-18T01:24:00.000Z,0001198046,S,47.0,0.0,0.0,1.0
0001193125-26-055574,2026-02-18T01:24:00.000Z,0001198046,S,78.0,0.0,0.0,1.0
0001193125-26-055574,2026-02-18T01:24:00.000Z,0001198046,S,37.0,0.0,0.0,1.0
0001193125-26-049261,2026-02-13T00:19:00.000Z,,-,,,,
0001193125-26-041594,2026-02-07T00:36:40.000Z,0001534753,S,600.0,0.0,0.0,1.0
0001193125-26-041594,2026-02-07T00:36:40.000Z,0001534753,S,1400.0,0.0,0.0,1.0
0001193125-26-041594,2026-02-07T00:36:40.000Z,0001534753,S,3500.0,0.0,0.0,1.0
0001193125-26-041594,2026-02-07T00:36:40.000Z,0001534753,S,6802.0,0.0,0.0,1.0
0001193125-26-041594,2026-02-07T00:36:40.000Z,0001534753,S,8798.0,0.0,0.0,1.0
0001193125-26-041594,2026-02-07T00:36:40.000Z,0001534753,S,2000.0,0.0,0.0,1.0
0001193125-26-041594,2026-02-07T00:36:40.000Z,0001534753,S,1226.0,0.0,0.0,1.0
0001193125-26-041594,2026-02-07T00:36:40.000Z,0001534753,S,2174.0,0.0,0.0,1.0
0001193125-26-041594,2026-02-07T00:36:40.000Z,0001534753,S,1200.0,0.0,0.0,1.0
0001193125-26-041594,2026-02-07T00:36:40.000Z,0001534753,S,400.0,0.0,0.0,1.0
0001193125-26-041594,2026-02-07T00:36:40.000Z,0001534753,S,500.0,0.0,0.0,1.0
0001193125-26-041594,2026-02-07T00:36:40.000Z,0001534753,S,2300.0,0.0,0.0,1.0
0001193125-26-041594,2026-02-07T00:36:40.000Z,0001534753,S,1400.0,0.0,0.0,1.0
0001193125-26-041594,2026-02-07T00:36:40.000Z,0001534753,S,200.0,0.0,0.0,1.0
0001193125-26-036148,2026-02-03T23:50:39.000Z,0001738007,S,933.0,0.0,0.0,1.0
0001193125-26-032283,2026-01-31T00:52:51.000Z,0001665419,S,102.0,340.0,34680.0,1.0
0001168404-26-000007,2026-01-30T23:43:02.000Z,0001733338,S,1755632.0,19.0,33357008.0,0.0
0001168404-26-000007,2026-01-30T23:43:02.000Z,0001733338,S,89676.0,19.0,1703844.0,0.0
0001193125-26-025268,2026-01-28T01:46:53.000Z,,-,,,,
0001193125-26-021420,2026-01-24T00:47:17.000Z,0001534753,S,636.0,0.0,0.0,1.0
0001193125-26-021420,2026-01-24T00:47:17.000Z,0001534753,S,1646.0,0.0,0.0,1.0
0001193125-26-021420,2026-01-24T00:47:17.000Z,0001534753,S,1523.0,0.0,0.0,1.0
0001193125-26-021420,2026-01-24T00:47:17.000Z,0001534753,S,400.0,0.0,0.0,1.0
0001193125-26-021420,2026-01-24T00:47:17.000Z,0001534753,S,900.0,0.0,0.0,1.0
0001193125-26-021420,2026-01-24T00:47:17.000Z,0001534753,S,2200.0,0.0,0.0,1.0
0001193125-26-021420,2026-01-24T00:47:17.000Z,0001534753,S,8330.0,0.0,0.0,1.0
0001193125-26-021420,2026-01-24T00:47:17.000Z,0001534753,S,4450.0,0.0,0.0,1.0
0001193125-26-021420,2026-01-24T00:47:17.000Z,0001534753,S,5729.0,0.0,0.0,1.0
0001193125-26-021420,2026-01-24T00:47:17.000Z,0001534753,S,2807.0,0.0,0.0,1.0
0001193125-26-021420,2026-01-24T00:47:17.000Z,0001534753,S,2500.0,0.0,0.0,1.0
0001193125-26-021420,2026-01-24T00:47:17.000Z,0001534753,S,1379.0,0.0,0.0,1.0
0001193125-26-014386,2026-01-16T01:23:30.000Z,,-,,,,
0001193125-26-014384,2026-01-16T01:20:10.000Z,,-,,,,
0001193125-26-014381,2026-01-16T01:18:13.000Z,,-,,,,
0001193125-26-014378,2026-01-16T01:14:34.000Z,0001198046,S,30.0,0.0,0.0,1.0
0001193125-26-014378,2026-01-16T01:14:34.000Z,0001198046,S,58.0,0.0,0.0,1.0
0001193125-26-014378,2026-01-16T01:14:34.000Z,0001198046,S,61.0,0.0,0.0,1.0
0001193125-26-014378,2026-01-16T01:14:34.000Z,0001198046,S,21.0,0.0,0.0,1.0
0001193125-26-014378,2026-01-16T01:14:34.000Z,0001198046,S,30.0,0.0,0.0,1.0
0001193125-26-014378,2026-01-16T01:14:34.000Z,0001198046,S,60.0,0.0,0.0,1.0
0001193125-26-014378,2026-01-16T01:14:34.000Z,0001198046,S,100.0,0.0,0.0,1.0
0001193125-26-014378,2026-01-16T01:14:34.000Z,0001198046,S,120.0,0.0,0.0,1.0
0001193125-26-014378,2026-01-16T01:14:34.000Z,0001198046,S,80.0,0.0,0.0,1.0
0001193125-26-014378,2026-01-16T01:14:34.000Z,0001198046,S,40.0,0.0,0.0,1.0
0001193125-26-007914,2026-01-08T23:06:10.000Z,0001534753,S,500.0,0.0,0.0,1.0
0001193125-26-007914,2026-01-08T23:06:10.000Z,0001534753,S,600.0,0.0,0.0,1.0
0001193125-26-007914,2026-01-08T23:06:10.000Z,0001534753,S,400.0,0.0,0.0,1.0
0001193125-26-007914,2026-01-08T23:06:10.000Z,0001534753,S,1600.0,0.0,0.0,1.0
0001193125-26-007914,2026-01-08T23:06:10.000Z,0001534753,S,9079.0,0.0,0.0,1.0
0001193125-26-007914,2026-01-08T23:06:10.000Z,0001534753,S,6282.0,0.0,0.0,1.0
0001193125-26-007914,2026-01-08T23:06:10.000Z,0001534753,S,9280.0,0.0,0.0,1.0
0001193125-26-007914,2026-01-08T23:06:10.000Z,0001534753,S,2750.0,0.0,0.0,1.0
0001193125-26-007914,2026-01-08T23:06:10.000Z,0001534753,S,1209.0,0.0,0.0,1.0
0001193125-26-007914,2026-01-08T23:06:10.000Z,0001534753,S,700.0,0.0,0.0,1.0
0001193125-26-007914,2026-01-08T23:06:10.000Z,0001534753,S,100.0,0.0,0.0,1.0
0001193125-26-001121,2026-01-02T22:41:00.000Z,,-,,,,
0001193125-25-338475,2025-12-31T23:23:29.000Z,,-,,,,
0001193125-25-338435,2025-12-31T22:31:41.000Z,0001665419,S,102.0,313.45,31971.899999999998,1.0
0001193125-25-337462,2025-12-31T02:20:32.000Z,0001238734,S,11239.0,0.0,0.0,1.0
0001193125-25-337462,2025-12-31T02:20:32.000Z,0001238734,S,6090.0,0.0,0.0,1.0
0001193125-25-337462,2025-12-31T02:20:32.000Z,0001238734,S,500.0,0.0,0.0,1.0
0001193125-25-337426,2025-12-31T01:09:15.000Z,,-,,,,
0001193125-25-337416,2025-12-31T00:48:13.000Z,,-,,,,
0001193125-25-337386,2025-12-30T23:45:55.000Z,,-,,,,
0001193125-25-337346,2025-12-30T23:09:00.000Z,,-,,,,
0001193125-25-325129,2025-12-18T22:28:21.000Z,,-,,,,
0001193125-25-325123,2025-12-18T22:25:47.000Z,,-,,,,
0001193125-25-325094,2025-12-18T22:18:00.000Z,,-,,,,
0001193125-25-325075,2025-12-18T22:13:55.000Z,,-,,,,
0001193125-25-325042,2025-12-18T22:06:36.000Z,,-,,,,
0001193125-25-323453,2025-12-18T02:51:44.000Z,,-,,,,
0001193125-25-323423,2025-12-18T02:38:47.000Z,,-,,,,
0001193125-25-323408,2025-12-18T02:26:10.000Z,,-,,,,
0001193125-25-323394,2025-12-18T02:12:23.000Z,,-,,,,
0001193125-25-323357,2025-12-18T01:51:08.000Z,0001534753,S,11379.0,0.0,0.0,1.0
0001193125-25-323357,2025-12-18T01:51:08.000Z,0001534753,S,5533.0,0.0,0.0,1.0
0001193125-25-323357,2025-12-18T01:51:08.000Z,0001534753,S,8127.0,0.0,0.0,1.0
0001193125-25-323357,2025-12-18T01:51:08.000Z,0001534753,S,4461.0,0.0,0.0,1.0
0001193125-25-323357,2025-12-18T01:51:08.000Z,0001534753,S,1800.0,0.0,0.0,1.0
0001193125-25-323357,2025-12-18T01:51:08.000Z,0001534753,S,300.0,0.0,0.0,1.0
0001193125-25-323357,2025-12-18T01:51:08.000Z,0001534753,S,100.0,0.0,0.0,1.0
0001193125-25-323357,2025-12-18T01:51:08.000Z,0001534753,S,300.0,0.0,0.0,1.0
0001193125-25-323357,2025-12-18T01:51:08.000Z,0001534753,S,500.0,0.0,0.0,1.0
0001193125-25-323314,2025-12-18T01:08:55.000Z,0001198046,S,33.0,0.0,0.0,1.0
0001193125-25-323314,2025-12-18T01:08:55.000Z,0001198046,S,78.0,0.0,0.0,1.0
0001193125-25-323314,2025-12-18T01:08:55.000Z,0001198046,S,89.0,0.0,0.0,1.0
0001193125-25-323314,2025-12-18T01:08:55.000Z,0001198046,S,50.0,0.0,0.0,1.0
0001193125-25-323314,2025-12-18T01:08:55.000Z,0001198046,S,90.0,0.0,0.0,1.0
0001193125-25-323314,2025-12-18T01:08:55.000Z,0001198046,S,60.0,0.0,0.0,1.0
0001193125-25-323314,2025-12-18T01:08:55.000Z,0001198046,S,30.0,0.0,0.0,1.0
0001193125-25-323314,2025-12-18T01:08:55.000Z,0001198046,S,50.0,0.0,0.0,1.0
0001193125-25-323314,2025-12-18T01:08:55.000Z,0001198046,S,92.0,0.0,0.0,1.0
0001193125-25-323314,2025-12-18T01:08:55.000Z,0001198046,S,28.0,0.0,0.0,1.0
0001193125-25-323246,2025-12-18T00:05:19.000Z,0001738007,S,2778.0,312.3,867569.4,1.0
0001193125-25-316370,2025-12-11T23:22:23.000Z,,-,,,,
0001193125-25-310054,2025-12-05T23:41:19.000Z,0001534753,S,1100.0,0.0,0.0,1.0
0001193125-25-310054,2025-12-05T23:41:19.000Z,0001534753,S,3200.0,0.0,0.0,1.0
0001193125-25-310054,2025-12-05T23:41:19.000Z,0001534753,S,2800.0,0.0,0.0,1.0
0001193125-25-310054,2025-12-05T23:41:19.000Z,0001534753,S,2900.0,0.0,0.0,1.0
0001193125-25-310054,2025-12-05T23:41:19.000Z,0001534753,S,2700.0,0.0,0.0,1.0
0001193125-25-310054,2025-12-05T23:41:19.000Z,0001534753,S,7143.0,0.0,0.0,1.0
0001193125-25-310054,2025-12-05T23:41:19.000Z,0001534753,S,10357.0,0.0,0.0,1.0
0001193125-25-310054,2025-12-05T23:41:19.000Z,0001534753,S,2300.0,0.0,0.0,1.0
0001193125-25-305621,2025-12-03T00:21:46.000Z,0001738007,S,954.0,0.0,0.0,1.0
0001193125-25-305547,2025-12-02T23:14:46.000Z,0001665419,S,102.0,317.66,32401.320000000003,1.0
0001193125-25-302626,2025-11-28T22:13:22.000Z,,-,,,,
0001193125-25-300961,2025-11-27T00:24:36.000Z,,-,,,,
0001193125-25-291724,2025-11-22T01:04:57.000Z,0001534753,S,100.0,0.0,0.0,1.0
0001193125-25-291724,2025-11-22T01:04:57.000Z,0001534753,S,400.0,0.0,0.0,1.0
0001193125-25-291724,2025-11-22T01:04:57.000Z,0001534753,S,500.0,0.0,0.0,1.0
0001193125-25-291724,2025-11-22T01:04:57.000Z,0001534753,S,3825.0,0.0,0.0,1.0
0001193125-25-291724,2025-11-22T01:04:57.000Z,0001534753,S,8237.0,0.0,0.0,1.0
0001193125-25-291724,2025-11-22T01:04:57.000Z,0001534753,S,4139.0,0.0,0.0,1.0
0001193125-25-291724,2025-11-22T01:04:57.000Z,0001534753,S,3655.0,0.0,0.0,1.0
0001193125-25-291724,2025-11-22T01:04:57.000Z,0001534753,S,1600.0,0.0,0.0,1.0
0001193125-25-291724,2025-11-22T01:04:57.000Z,0001534753,S,600.0,0.0,0.0,1.0
0001193125-25-291724,2025-11-22T01:04:57.000Z,0001534753,S,1700.0,0.0,0.0,1.0
0001193125-25-291724,2025-11-22T01:04:57.000Z,0001534753,S,1900.0,0.0,0.0,1.0
0001193125-25-291724,2025-11-22T01:04:57.000Z,0001534753,S,2600.0,0.0,0.0,1.0
0001193125-25-291724,2025-11-22T01:04:57.000Z,0001534753,S,1600.0,0.0,0.0,1.0
0001193125-25-291724,2025-11-22T01:04:57.000Z,0001534753,S,1644.0,0.0,0.0,1.0
0001193125-25-288144,2025-11-19T21:27:08.000Z,0001738007,S,878.0,0.0,0.0,1.0
0001193125-25-288144,2025-11-19T21:27:08.000Z,0001738007,S,400.0,0.0,0.0,1.0
0001193125-25-288144,2025-11-19T21:27:08.000Z,0001738007,S,300.0,0.0,0.0,1.0
0001193125-25-288144,2025-11-19T21:27:08.000Z,0001738007,S,700.0,0.0,0.0,1.0
0001193125-25-288144,2025-11-19T21:27:08.000Z,0001738007,S,100.0,0.0,0.0,1.0
0001193125-25-288144,2025-11-19T21:27:08.000Z,0001738007,S,200.0,0.0,0.0,1.0
0001193125-25-288144,2025-11-19T21:27:08.000Z,0001738007,S,200.0,0.0,0.0,1.0
0001193125-25-284951,2025-11-18T00:26:10.000Z,0001198046,S,82.0,0.0,0.0,1.0
0001193125-25-284951,2025-11-18T00:26:10.000Z,0001198046,S,46.0,0.0,0.0,1.0
0001193125-25-284951,2025-11-18T00:26:10.000Z,0001198046,S,62.0,0.0,0.0,1.0
0001193125-25-284951,2025-11-18T00:26:10.000Z,0001198046,S,10.0,283.04,2830.4,1.0
0001193125-25-284951,2025-11-18T00:26:10.000Z,0001198046,S,53.0,0.0,0.0,1.0
0001193125-25-284951,2025-11-18T00:26:10.000Z,0001198046,S,100.0,0.0,0.0,1.0
0001193125-25-284951,2025-11-18T00:26:10.000Z,0001198046,S,37.0,0.0,0.0,1.0
0001193125-25-284951,2025-11-18T00:26:10.000Z,0001198046,S,10.0,283.05,2830.5,1.0
0001193125-25-284951,2025-11-18T00:26:10.000Z,0001198046,S,72.0,0.0,0.0,1.0
0001193125-25-284951,2025-11-18T00:26:10.000Z,0001198046,S,68.0,0.0,0.0,1.0
0001193125-25-284951,2025-11-18T00:26:10.000Z,0001198046,S,50.0,0.0,0.0,1.0
0001193125-25-284951,2025-11-18T00:26:10.000Z,0001198046,S,10.0,283.04,2830.4,1.0
0001193125-25-272562,2025-11-07T22:08:35.000Z,0001534753,S,1400.0,0.0,0.0,1.0
0001193125-25-272562,2025-11-07T22:08:35.000Z,0001534753,S,1600.0,0.0,0.0,1.0
0001193125-25-272562,2025-11-07T22:08:35.000Z,0001534753,S,970.0,0.0,0.0,1.0
0001193125-25-272562,2025-11-07T22:08:35.000Z,0001534753,S,500.0,0.0,0.0,1.0
0001193125-25-272562,2025-11-07T22:08:35.000Z,0001534753,S,3791.0,0.0,0.0,1.0
0001193125-25-272562,2025-11-07T22:08:35.000Z,0001534753,S,14192.0,0.0,0.0,1.0
0001193125-25-272562,2025-11-07T22:08:35.000Z,0001534753,S,9947.0,0.0,0.0,1.0
0001193125-25-272562,2025-11-07T22:08:35.000Z,0001534753,S,100.0,0.0,0.0,1.0
0001193125-25-265136,2025-11-04T23:10:16.000Z,0001738007,S,954.0,0.0,0.0,1.0
0001193125-25-262627,2025-11-03T21:27:07.000Z,0001665419,S,112.0,291.8,32681.600000000002,1.0
0001193125-25-256392,2025-10-29T20:26:34.000Z,,-,,,,
0001193125-25-242778,2025-10-18T01:52:05.000Z,0001738007,S,300.0,0.0,0.0,1.0
0001193125-25-242778,2025-10-18T01:52:05.000Z,0001738007,S,600.0,0.0,0.0,1.0
0001193125-25-242778,2025-10-18T01:52:05.000Z,0001738007,S,800.0,0.0,0.0,1.0
0001193125-25-242778,2025-10-18T01:52:05.000Z,0001738007,S,978.0,0.0,0.0,1.0
0001193125-25-242778,2025-10-18T01:52:05.000Z,0001738007,S,100.0,0.0,0.0,1.0
0001193125-25-242766,2025-10-18T01:35:08.000Z,0001534753,S,2047.0,0.0,0.0,1.0
0001193125-25-242766,2025-10-18T01:35:08.000Z,0001534753,S,5513.0,0.0,0.0,1.0
0001193125-25-242766,2025-10-18T01:35:08.000Z,0001534753,S,4621.0,0.0,0.0,1.0
0001193125-25-242766,2025-10-18T01:35:08.000Z,0001534753,S,10740.0,0.0,0.0,1.0
0001193125-25-242766,2025-10-18T01:35:08.000Z,0001534753,S,8401.0,0.0,0.0,1.0
0001193125-25-242766,2025-10-18T01:35:08.000Z,0001534753,S,1178.0,0.0,0.0,1.0
0001193125-25-240596,2025-10-16T00:48:49.000Z,0001198046,S,80.0,0.0,0.0,1.0
0001193125-25-240596,2025-10-16T00:48:49.000Z,0001198046,S,260.0,0.0,0.0,1.0
0001193125-25-240596,2025-10-16T00:48:49.000Z,0001198046,S,130.0,0.0,0.0,1.0
0001193125-25-240596,2025-10-16T00:48:49.000Z,0001198046,S,90.0,0.0,0.0,1.0
0001193125-25-240596,2025-10-16T00:48:49.000Z,0001198046,S,40.0,0.0,0.0,1.0
0001193125-25-228937,2025-10-03T00:29:24.000Z,,-,,,,
0001193125-25-228891,2025-10-02T23:47:20.000Z,0001738007,S,953.0,0.0,0.0,1.0
0001193125-25-228860,2025-10-02T23:31:17.000Z,0001534753,S,900.0,0.0,0.0,1.0
0001193125-25-228860,2025-10-02T23:31:17.000Z,0001534753,S,12192.0,0.0,0.0,1.0
0001193125-25-228860,2025-10-02T23:31:17.000Z,0001534753,S,1586.0,0.0,0.0,1.0
0001193125-25-228860,2025-10-02T23:31:17.000Z,0001534753,S,1350.0,0.0,0.0,1.0
0001193125-25-228860,2025-10-02T23:31:17.000Z,0001534753,S,5872.0,0.0,0.0,1.0
0001193125-25-228860,2025-10-02T23:31:17.000Z,0001534753,S,4400.0,0.0,0.0,1.0
0001193125-25-228860,2025-10-02T23:31:17.000Z,0001534753,S,5200.0,0.0,0.0,1.0
0001193125-25-228860,2025-10-02T23:31:17.000Z,0001534753,S,1000.0,0.0,0.0,1.0
0001193125-25-227254,2025-10-02T00:16:53.000Z,0001238734,S,2900.0,0.0,0.0,1.0
0001193125-25-227254,2025-10-02T00:16:53.000Z,0001238734,S,1385.0,0.0,0.0,1.0
0001193125-25-227254,2025-10-02T00:16:53.000Z,0001238734,S,2500.0,0.0,0.0,1.0
0001193125-25-227254,2025-10-02T00:16:53.000Z,0001238734,S,400.0,0.0,0.0,1.0
0001193125-25-227254,2025-10-02T00:16:53.000Z,0001238734,S,2000.0,0.0,0.0,1.0
0001193125-25-227254,2025-10-02T00:16:53.000Z,0001238734,S,4731.0,0.0,0.0,1.0
0001193125-25-227254,2025-10-02T00:16:53.000Z,0001238734,S,1900.0,0.0,0.0,1.0
0001193125-25-227254,2025-10-02T00:16:53.000Z,0001238734,S,1800.0,0.0,0.0,1.0
0001193125-25-227254,2025-10-02T00:16:53.000Z,0001238734,S,200.0,0.0,0.0,1.0
0001193125-25-225449,2025-09-30T23:09:25.000Z,0001665419,S,103.0,243.13,25042.39,1.0
0001193125-25-223749,2025-09-30T00:47:11.000Z,,-,,,,
0001193125-25-223746,2025-09-30T00:44:58.000Z,,-,,,,
0001193125-25-223743,2025-09-30T00:43:32.000Z,,-,,,,
0001193125-25-223741,2025-09-30T00:42:14.000Z,,-,,,,
0001193125-25-223737,2025-09-30T00:40:47.000Z,,-,,,,
0001193125-25-223734,2025-09-30T00:39:27.000Z,,-,,,,
0001193125-25-223731,2025-09-30T00:38:02.000Z,,-,,,,
0001193125-25-206631,2025-09-18T01:59:22.000Z,0001534753,S,1165.0,0.0,0.0,1.0
0001193125-25-206631,2025-09-18T01:59:22.000Z,0001534753,S,11390.0,0.0,0.0,1.0
0001193125-25-206631,2025-09-18T01:59:22.000Z,0001534753,S,9062.0,0.0,0.0,1.0
0001193125-25-206631,2025-09-18T01:59:22.000Z,0001534753,S,6957.0,0.0,0.0,1.0
0001193125-25-206631,2025-09-18T01:59:22.000Z,0001534753,S,3926.0,0.0,0.0,1.0
0001193125-25-206614,2025-09-18T01:45:01.000Z,,-,,,,
0001193125-25-206604,2025-09-18T01:36:45.000Z,,-,,,,
0001193125-25-206597,2025-09-18T01:29:59.000Z,,-,,,,
0001193125-25-206593,2025-09-18T01:22:32.000Z,,-,,,,
0001193125-25-206585,2025-09-18T01:11:50.000Z,,-,,,,
0001193125-25-206579,2025-09-18T01:01:47.000Z,,-,,,,
0001193125-25-206575,2025-09-18T00:55:58.000Z,,-,,,,
0001193125-25-206564,2025-09-18T00:45:07.000Z,,-,,,,
0001193125-25-206518,2025-09-17T23:40:12.000Z,,-,,,,
0001193125-25-206510,2025-09-17T23:25:16.000Z,,-,,,,
0001193125-25-205278,2025-09-17T00:08:47.000Z,0001738007,S,2778.0,0.0,0.0,1.0
0001193125-25-205274,2025-09-16T23:57:59.000Z,0001198046,S,30.0,245.4,7362.0,1.0
0001193125-25-205274,2025-09-16T23:57:59.000Z,0001198046,S,240.0,0.0,0.0,1.0
0001193125-25-205274,2025-09-16T23:57:59.000Z,0001198046,S,240.0,0.0,0.0,1.0
0001193125-25-205274,2025-09-16T23:57:59.000Z,0001198046,S,60.0,0.0,0.0,1.0
0001193125-25-205274,2025-09-16T23:57:59.000Z,0001198046,S,30.0,252.16,7564.8,1.0
0000950170-25-113278,2025-09-05T21:16:04.000Z,0001534753,S,600.0,0.0,0.0,1.0
0000950170-25-113278,2025-09-05T21:16:04.000Z,0001534753,S,1100.0,0.0,0.0,1.0
0000950170-25-113278,2025-09-05T21:16:04.000Z,0001534753,S,2725.0,0.0,0.0,1.0
0000950170-25-113278,2025-09-05T21:16:04.000Z,0001534753,S,7842.0,0.0,0.0,1.0
0000950170-25-113278,2025-09-05T21:16:04.000Z,0001534753,S,14140.0,0.0,0.0,1.0
0000950170-25-113278,2025-09-05T21:16:04.000Z,0001534753,S,6093.0,0.0,0.0,1.0
0000950170-25-112319,2025-08-29T22:24:06.000Z,0001665419,S,102.0,207.8,21195.600000000002,1.0
0000950170-25-111530,2025-08-27T00:00:10.000Z,,-,,,,
0000950170-25-110749,2025-08-21T22:47:25.000Z,0001534753,S,4637.0,0.0,0.0,1.0
0000950170-25-110749,2025-08-21T22:47:25.000Z,0001534753,S,5729.0,0.0,0.0,1.0
0000950170-25-110749,2025-08-21T22:47:25.000Z,0001534753,S,13161.0,0.0,0.0,1.0
0000950170-25-110749,2025-08-21T22:47:25.000Z,0001534753,S,8473.0,0.0,0.0,1.0
0000950170-25-110749,2025-08-21T22:47:25.000Z,0001534753,S,500.0,0.0,0.0,1.0
0000950170-25-109713,2025-08-18T20:06:02.000Z,0001295084,S,14000.0,0.0,0.0,1.0
0000950170-25-109713,2025-08-18T20:06:02.000Z,0001295084,S,12000.0,0.0,0.0,1.0
0000950170-25-109103,2025-08-14T21:56:28.000Z,0001198046,S,10.0,200.58,2005.8000000000002,1.0
0000950170-25-109103,2025-08-14T21:56:28.000Z,0001198046,S,72.0,0.0,0.0,1.0
0000950170-25-109103,2025-08-14T21:56:28.000Z,0001198046,S,108.0,0.0,0.0,1.0
0000950170-25-109103,2025-08-14T21:56:28.000Z,0001198046,S,10.0,0.0,0.0,1.0
0000950170-25-109103,2025-08-14T21:56:28.000Z,0001198046,S,163.0,0.0,0.0,1.0
0000950170-25-109103,2025-08-14T21:56:28.000Z,0001198046,S,108.0,0.0,0.0,1.0
0000950170-25-109103,2025-08-14T21:56:28.000Z,0001198046,S,11.0,0.0,0.0,1.0
0000950170-25-109103,2025-08-14T21:56:28.000Z,0001198046,S,90.0,0.0,0.0,1.0
0000950170-25-109103,2025-08-14T21:56:28.000Z,0001198046,S,28.0,0.0,0.0,1.0
0000950170-25-106731,2025-08-11T21:54:38.000Z,0001198046,S,1000.0,200.0,200000.0,1.0
0000950170-25-105288,2025-08-07T22:12:39.000Z,,-,,,,
0000950170-25-104305,2025-08-06T22:00:01.000Z,0001534753,S,7986.0,0.0,0.0,1.0
0000950170-25-104305,2025-08-06T22:00:01.000Z,0001534753,S,9379.0,0.0,0.0,1.0
0000950170-25-104305,2025-08-06T22:00:01.000Z,0001534753,S,15135.0,0.0,0.0,1.0
0000950170-25-104177,2025-08-06T20:45:37.000Z,0001238734,S,23820.0,194.7,4637754.0,1.0
0001415889-25-021025,2025-08-05T20:07:52.000Z,0001861206,P,1500000.0,3.3,4950000.0,0.0
0000950170-25-101085,2025-08-01T01:26:15.000Z,0001665419,S,101.0,196.31,19827.31,1.0
0000950170-25-099314,2025-07-28T23:46:49.000Z,,-,,,,
0001415889-25-020384,2025-07-28T21:19:24.000Z,,-,,,,
0000950170-25-097289,2025-07-21T20:47:16.000Z,0001295084,S,18566.0,0.0,0.0,1.0
0000950170-25-097289,2025-07-21T20:47:16.000Z,0001295084,S,15000.0,0.0,0.0,1.0
0000950170-25-096682,2025-07-17T22:06:42.000Z,0001534753,S,10254.0,0.0,0.0,1.0
0000950170-25-096682,2025-07-17T22:06:42.000Z,0001534753,S,21590.0,0.0,0.0,1.0
0000950170-25-096682,2025-07-17T22:06:42.000Z,0001534753,S,656.0,0.0,0.0,1.0
0000950170-25-096392,2025-07-16T23:38:44.000Z,0001198046,S,119.0,0.0,0.0,1.0
0000950170-25-096392,2025-07-16T23:38:44.000Z,0001198046,S,81.0,0.0,0.0,1.0
0000950170-25-096392,2025-07-16T23:38:44.000Z,0001198046,S,92.0,0.0,0.0,1.0
0000950170-25-096392,2025-07-16T23:38:44.000Z,0001198046,S,98.0,0.0,0.0,1.0
0000950170-25-096392,2025-07-16T23:38:44.000Z,0001198046,S,10.0,182.03,1820.3,1.0
0000950170-25-095431,2025-07-12T01:07:12.000Z,,-,,,,
0000950170-25-095429,2025-07-12T01:00:48.000Z,,-,,,,
0000950170-25-095427,2025-07-12T00:56:24.000Z,,-,,,,
0000950170-25-095425,2025-07-12T00:25:24.000Z,,-,,,,
0000950170-25-095423,2025-07-12T00:22:40.000Z,,-,,,,
0000950170-25-095421,2025-07-12T00:12:32.000Z,,-,,,,
0000950170-25-095419,2025-07-12T00:06:54.000Z,,-,,,,
0000950170-25-094067,2025-07-03T22:38:53.000Z,0001534753,S,4546.0,0.0,0.0,1.0
0000950170-25-094067,2025-07-03T22:38:53.000Z,0001534753,S,7900.0,0.0,0.0,1.0
0000950170-25-094067,2025-07-03T22:38:53.000Z,0001534753,S,9102.0,0.0,0.0,1.0
0000950170-25-094067,2025-07-03T22:38:53.000Z,0001534753,S,10952.0,0.0,0.0,1.0
0000950170-25-091830,2025-07-01T00:15:42.000Z,0001665419,S,121.0,180.72,21867.12,1.0
0000950170-25-091012,2025-06-27T21:04:26.000Z,,-,,,,
0000950170-25-090996,2025-06-27T21:00:15.000Z,,-,,,,
0000950170-25-090982,2025-06-27T20:57:11.000Z,,-,,,,
0000950170-25-090969,2025-06-27T20:54:00.000Z,,-,,,,
0000950170-25-090965,2025-06-27T20:51:48.000Z,,-,,,,
0000950170-25-090957,2025-06-27T20:49:28.000Z,,-,,,,
0000950170-25-088597,2025-06-20T21:24:42.000Z,0001534753,S,2195.0,0.0,0.0,0.0
0000950170-25-088597,2025-06-20T21:24:42.000Z,0001534753,S,1300.0,0.0,0.0,0.0
0000950170-25-088597,2025-06-20T21:24:42.000Z,0001534753,S,23942.0,0.0,0.0,0.0
0000950170-25-088597,2025-06-20T21:24:42.000Z,0001534753,S,5063.0,0.0,0.0,0.0
0000950170-25-088033,2025-06-18T23:03:46.000Z,,-,,,,
0000950170-25-088027,2025-06-18T22:59:13.000Z,,-,,,,
0000950170-25-088023,2025-06-18T22:54:32.000Z,,-,,,,
0000950170-25-088020,2025-06-18T22:50:05.000Z,,-,,,,
0000950170-25-088017,2025-06-18T22:47:59.000Z,,-,,,,
0000950170-25-088015,2025-06-18T22:45:52.000Z,,-,,,,
0000950170-25-088013,2025-06-18T22:44:41.000Z,,-,,,,
0000950170-25-088011,2025-06-18T22:42:41.000Z,,-,,,,
0000950170-25-087990,2025-06-18T22:06:59.000Z,,-,,,,
0000950170-25-087988,2025-06-18T22:03:34.000Z,,-,,,,
0000950170-25-087985,2025-06-18T22:01:09.000Z,,-,,,,
0000950170-25-087578,2025-06-17T22:38:54.000Z,,-,,,,
0000950170-25-087366,2025-06-17T20:14:15.000Z,0001198046,S,190.0,175.0,33250.0,1.0
0000950170-25-087366,2025-06-17T20:14:15.000Z,0001198046,S,10.0,175.01,1750.1,1.0
0000950170-25-087366,2025-06-17T20:14:15.000Z,0001198046,S,10.0,0.0,0.0,1.0
0000950170-25-087366,2025-06-17T20:14:15.000Z,0001198046,S,30.0,0.0,0.0,1.0
0000950170-25-087366,2025-06-17T20:14:15.000Z,0001198046,S,55.0,0.0,0.0,1.0
0000950170-25-087366,2025-06-17T20:14:15.000Z,0001198046,S,105.0,0.0,0.0,1.0
0000950170-25-081829,2025-06-04T22:19:48.000Z,0001534753,S,19550.0,0.0,0.0,1.0
0000950170-25-081829,2025-06-04T22:19:48.000Z,0001534753,S,12950.0,0.0,0.0,1.0
0000950170-25-080442,2025-06-02T22:24:43.000Z,0001665419,S,111.0,172.41,19137.51,1.0
0000950170-25-078530,2025-05-29T00:21:24.000Z,,-,,,,
0000950170-25-077129,2025-05-23T21:29:53.000Z,0001534753,S,814.0,0.0,0.0,1.0
0000950170-25-077129,2025-05-23T21:29:53.000Z,0001534753,S,1660.0,0.0,0.0,1.0
0000950170-25-077129,2025-05-23T21:29:53.000Z,0001534753,S,700.0,0.0,0.0,1.0
0000950170-25-077129,2025-05-23T21:29:53.000Z,0001534753,S,1900.0,0.0,0.0,1.0
0000950170-25-077129,2025-05-23T21:29:53.000Z,0001534753,S,9460.0,0.0,0.0,1.0
0000950170-25-077129,2025-05-23T21:29:53.000Z,0001534753,S,8444.0,0.0,0.0,1.0
0000950170-25-077129,2025-05-23T21:29:53.000Z,0001534753,S,2223.0,0.0,0.0,1.0
0000950170-25-077129,2025-05-23T21:29:53.000Z,0001534753,S,5901.0,0.0,0.0,1.0
0000950170-25-077129,2025-05-23T21:29:53.000Z,0001534753,S,1398.0,0.0,0.0,1.0
0000950170-25-077118,2025-05-23T21:24:34.000Z,0001295084,S,10500.0,0.0,0.0,1.0
0000950170-25-077118,2025-05-23T21:24:34.000Z,0001295084,S,9000.0,0.0,0.0,1.0
0000950170-25-077083,2025-05-23T21:08:28.000Z,0001198046,S,600.0,175.0,105000.0,1.0
0000950170-25-075820,2025-05-21T20:36:59.000Z,,-,,,,
0001415889-25-013728,2025-05-19T23:09:24.000Z,,-,,,,
0000950170-25-072605,2025-05-15T20:05:52.000Z,0001198046,S,10.0,158.635,1586.35,1.0
0000950170-25-072605,2025-05-15T20:05:52.000Z,0001198046,S,10.0,159.9,1599.0,1.0
0000950170-25-072605,2025-05-15T20:05:52.000Z,0001198046,S,123.0,0.0,0.0,1.0
0000950170-25-072605,2025-05-15T20:05:52.000Z,0001198046,S,57.0,0.0,0.0,1.0
0000950170-25-068322,2025-05-09T21:48:01.000Z,0001534753,S,1400.0,0.0,0.0,1.0
0000950170-25-068322,2025-05-09T21:48:01.000Z,0001534753,S,7600.0,0.0,0.0,1.0
0000950170-25-068322,2025-05-09T21:48:01.000Z,0001534753,S,8678.0,0.0,0.0,1.0
0000950170-25-068322,2025-05-09T21:48:01.000Z,0001534753,S,2823.0,0.0,0.0,1.0
0000950170-25-068322,2025-05-09T21:48:01.000Z,0001534753,S,800.0,0.0,0.0,1.0
0000950170-25-068322,2025-05-09T21:48:01.000Z,0001534753,S,700.0,0.0,0.0,1.0
0000950170-25-068322,2025-05-09T21:48:01.000Z,0001534753,S,900.0,0.0,0.0,1.0
0000950170-25-068322,2025-05-09T21:48:01.000Z,0001534753,S,600.0,0.0,0.0,1.0
0000950170-25-068322,2025-05-09T21:48:01.000Z,0001534753,S,400.0,0.0,0.0,1.0
0000950170-25-068322,2025-05-09T21:48:01.000Z,0001534753,S,200.0,0.0,0.0,1.0
0000950170-25-068322,2025-05-09T21:48:01.000Z,0001534753,S,200.0,0.0,0.0,1.0
0000950170-25-068322,2025-05-09T21:48:01.000Z,0001534753,S,7499.0,0.0,0.0,1.0
0000950170-25-068322,2025-05-09T21:48:01.000Z,0001534753,S,700.0,0.0,0.0,1.0
0000950170-25-061986,2025-05-01T21:00:42.000Z,0001665419,S,111.0,159.85,17743.35,1.0
0000950170-25-060465,2025-04-29T22:54:42.000Z,,-,,,,
0000950170-25-060426,2025-04-29T21:58:24.000Z,,-,,,,
0000950170-25-055829,2025-04-18T19:16:09.000Z,0001534753,S,3700.0,0.0,0.0,1.0
0000950170-25-055829,2025-04-18T19:16:09.000Z,0001534753,S,12667.0,0.0,0.0,1.0
0000950170-25-055829,2025-04-18T19:16:09.000Z,0001534753,S,6115.0,0.0,0.0,1.0
0000950170-25-055829,2025-04-18T19:16:09.000Z,0001534753,S,9918.0,0.0,0.0,1.0
0000950170-25-055829,2025-04-18T19:16:09.000Z,0001534753,S,100.0,158.03,15803.0,1.0
0000950170-25-053784,2025-04-14T21:16:44.000Z,0001198046,S,60.0,0.0,0.0,1.0
0000950170-25-053784,2025-04-14T21:16:44.000Z,0001198046,S,50.0,0.0,0.0,1.0
0000950170-25-053784,2025-04-14T21:16:44.000Z,0001198046,S,50.0,0.0,0.0,1.0
0000950170-25-053784,2025-04-14T21:16:44.000Z,0001198046,S,40.0,0.0,0.0,1.0
0000950170-25-051206,2025-04-04T20:49:02.000Z,0001534753,S,1400.0,0.0,0.0,1.0
0000950170-25-051206,2025-04-04T20:49:02.000Z,0001534753,S,19972.0,0.0,0.0,1.0
0000950170-25-051206,2025-04-04T20:49:02.000Z,0001534753,S,9389.0,0.0,0.0,1.0
0000950170-25-051206,2025-04-04T20:49:02.000Z,0001534753,S,1739.0,0.0,0.0,1.0
0000950170-25-048755,2025-04-01T21:54:57.000Z,0001738007,S,673.0,155.33,104537.09000000001,1.0
0000950170-25-047884,2025-03-31T21:03:05.000Z,,-,,,,
0000950170-25-047807,2025-03-31T20:33:39.000Z,0001665419,S,111.0,162.42,18028.62,1.0
0000950170-25-046258,2025-03-27T22:54:10.000Z,,-,,,,
0000950170-25-046216,2025-03-27T21:43:41.000Z,0001238734,S,11764.0,166.8395,1962699.8779999998,1.0
0000950170-25-046023,2025-03-27T19:43:31.000Z,,-,,,,
0000950170-25-045982,2025-03-27T19:03:29.000Z,,-,,,,
0000950170-25-045596,2025-03-26T23:55:04.000Z,,-,,,,
0000950170-25-045574,2025-03-26T23:02:24.000Z,,-,,,,
0000950170-25-042199,2025-03-19T21:51:49.000Z,,-,,,,
0000950170-25-042158,2025-03-19T21:19:40.000Z,,-,,,,
0000950170-25-042088,2025-03-19T20:43:15.000Z,,-,,,,
0000950170-25-041948,2025-03-19T19:07:54.000Z,,-,,,,
0000950170-25-041911,2025-03-19T18:18:15.000Z,,-,,,,
0000950170-25-041857,2025-03-19T16:49:50.000Z,,-,,,,
0000950170-25-041851,2025-03-19T16:43:03.000Z,,-,,,,
0000950170-25-041841,2025-03-19T16:31:38.000Z,,-,,,,
0000950170-25-041836,2025-03-19T16:20:11.000Z,,-,,,,
0000950170-25-041834,2025-03-19T16:16:24.000Z,,-,,,,
0000950170-25-041829,2025-03-19T16:10:53.000Z,,-,,,,
0000950170-25-041566,2025-03-18T23:02:52.000Z,,-,,,,
0000950170-25-041543,2025-03-18T22:30:35.000Z,,-,,,,
0000950170-25-038976,2025-03-13T22:49:34.000Z,0001198046,S,60.0,0.0,0.0,1.0
0000950170-25-038976,2025-03-13T22:49:34.000Z,0001198046,S,99.0,0.0,0.0,1.0
0000950170-25-038976,2025-03-13T22:49:34.000Z,0001198046,S,31.0,0.0,0.0,1.0
0000950170-25-038976,2025-03-13T22:49:34.000Z,0001198046,S,10.0,168.05,1680.5,1.0
0000950170-25-035624,2025-03-07T21:53:05.000Z,,-,,,,
0000950170-25-035608,2025-03-07T21:49:29.000Z,,-,,,,
0000950170-25-035587,2025-03-07T21:45:34.000Z,,-,,,,
0000950170-25-035576,2025-03-07T21:41:01.000Z,,-,,,,
0000950170-25-035540,2025-03-07T21:28:10.000Z,,-,,,,
0000950170-25-031172,2025-03-03T23:47:27.000Z,0001738007,S,1374.0,173.47,238347.78,1.0
0000950170-25-029764,2025-02-28T18:23:33.000Z,0001665419,S,121.0,170.3,20606.300000000003,1.0
0000950170-25-028131,2025-02-27T00:23:50.000Z,,-,,,,
0000950170-25-028107,2025-02-26T23:57:54.000Z,,-,,,,
0000950170-25-025147,2025-02-22T00:48:44.000Z,0001479258,S,5855.0,0.0,0.0,1.0
0000950170-25-025147,2025-02-22T00:48:44.000Z,0001479258,S,4207.0,0.0,0.0,1.0
0000950170-25-025147,2025-02-22T00:48:44.000Z,0001479258,S,2424.0,0.0,0.0,1.0
0000950170-25-025147,2025-02-22T00:48:44.000Z,0001479258,S,1202.0,0.0,0.0,1.0
0000950170-25-025147,2025-02-22T00:48:44.000Z,0001479258,S,2202.0,0.0,0.0,1.0
0000950170-25-025147,2025-02-22T00:48:44.000Z,0001479258,S,1800.0,0.0,0.0,1.0
0000950170-25-023879,2025-02-20T17:12:52.000Z,0001238734,S,3280.0,0.0,0.0,1.0
0000950170-25-023879,2025-02-20T17:12:52.000Z,0001238734,S,8208.0,0.0,0.0,1.0
0000950170-25-023879,2025-02-20T17:12:52.000Z,0001238734,S,5602.0,0.0,0.0,1.0
0000950170-25-023879,2025-02-20T17:12:52.000Z,0001238734,S,600.0,0.0,0.0,1.0
0000950170-25-022933,2025-02-19T18:22:09.000Z,0001295084,S,2743.0,0.0,0.0,1.0
0000950170-25-022933,2025-02-19T18:22:09.000Z,0001295084,S,4557.0,0.0,0.0,1.0
0000950170-25-022933,2025-02-19T18:22:09.000Z,0001295084,S,2500.0,0.0,0.0,1.0
0000950170-25-022933,2025-02-19T18:22:09.000Z,0001295084,S,19266.0,0.0,0.0,1.0
0000950170-25-022933,2025-02-19T18:22:09.000Z,0001295084,S,3392.0,0.0,0.0,1.0
0000950170-25-022933,2025-02-19T18:22:09.000Z,0001295084,S,1371.0,0.0,0.0,1.0
0000950170-25-022933,2025-02-19T18:22:09.000Z,0001295084,S,3327.0,0.0,0.0,1.0
0000950170-25-022933,2025-02-19T18:22:09.000Z,0001295084,S,15910.0,0.0,0.0,1.0
0000950170-25-022825,2025-02-19T16:11:25.000Z,0001738007,S,2824.0,187.43,529302.3200000001,1.0
0001415889-25-003895,2025-02-13T21:21:17.000Z,,-,,,,
0000950170-25-012415,2025-02-03T21:57:02.000Z,0001738007,S,1340.0,202.08,270787.2,1.0
0000950170-25-011901,2025-01-31T22:50:28.000Z,0001295084,S,14000.0,205.0,2870000.0,1.0
0000950170-25-011901,2025-01-31T22:50:28.000Z,0001295084,S,12000.0,205.0,2460000.0,1.0
0000950170-25-010987,2025-01-30T19:53:00.000Z,0001665419,S,110.0,200.0,22000.0,1.0
0000950170-25-010076,2025-01-29T01:01:21.000Z,,-,,,,
0000950170-25-008968,2025-01-25T02:20:18.000Z,,-,,,,
0000950170-25-005957,2025-01-15T23:45:33.000Z,0001738007,S,2834.0,194.32,550702.88,1.0
0000950170-25-004989,2025-01-14T00:57:42.000Z,0001198046,S,104.0,0.0,0.0,1.0
0000950170-25-004989,2025-01-14T00:57:42.000Z,0001198046,S,674.0,0.0,0.0,1.0
0000950170-25-004989,2025-01-14T00:57:42.000Z,0001198046,S,722.0,0.0,0.0,1.0
0000950170-25-004355,2025-01-10T23:09:43.000Z,,-,,,,
0000950170-25-004312,2025-01-10T22:35:58.000Z,,-,,,,
0000950170-25-004285,2025-01-10T22:05:17.000Z,,-,,,,
0000950170-25-000947,2025-01-03T19:29:29.000Z,0001738007,S,1368.0,191.55,262040.40000000002,1.0
0000950170-25-000324,2025-01-02T20:19:52.000Z,0001238734,S,2200.0,0.0,0.0,1.0
0000950170-25-000324,2025-01-02T20:19:52.000Z,0001238734,S,4931.0,0.0,0.0,1.0
0000950170-25-000324,2025-01-02T20:19:52.000Z,0001238734,S,9489.0,0.0,0.0,1.0
0000950170-25-000324,2025-01-02T20:19:52.000Z,0001238734,S,200.0,0.0,0.0,1.0
0000950170-25-000278,2025-01-02T19:37:56.000Z,0001665419,S,111.0,192.49,21366.39,1.0
0000950170-24-140885,2024-12-28T01:00:47.000Z,,-,,,,
0000950170-24-140879,2024-12-28T00:47:43.000Z,,-,,,,
0000950170-24-140876,2024-12-28T00:29:55.000Z,,-,,,,
0000950170-24-140868,2024-12-27T23:30:52.000Z,,-,,,,
0000950170-24-140860,2024-12-27T23:06:18.000Z,,-,,,,
0000950170-24-140850,2024-12-27T22:43:14.000Z,,-,,,,
0000950170-24-138126,2024-12-19T01:38:08.000Z,,-,,,,
0000950170-24-138084,2024-12-19T00:40:57.000Z,,-,,,,
0000950170-24-138071,2024-12-19T00:16:18.000Z,,-,,,,
0000950170-24-138047,2024-12-18T23:23:11.000Z,,-,,,,
0000950170-24-138032,2024-12-18T23:06:04.000Z,,-,,,,
0000950170-24-137741,2024-12-18T18:28:04.000Z,,-,,,,
0000950170-24-137696,2024-12-18T17:48:39.000Z,,-,,,,
0000950170-24-137690,2024-12-18T17:28:43.000Z,,-,,,,
0000950170-24-137572,2024-12-18T02:54:20.000Z,,-,,,,
0000950170-24-137560,2024-12-18T02:20:55.000Z,0001738007,S,594.0,194.4118,115480.6092,1.0
0000950170-24-137560,2024-12-18T02:20:55.000Z,0001738007,S,600.0,195.8367,117502.02,1.0
0000950170-24-137560,2024-12-18T02:20:55.000Z,0001738007,S,541.0,198.4241,107347.4381,1.0
0000950170-24-137560,2024-12-18T02:20:55.000Z,0001738007,S,899.0,199.617,179455.683,1.0
0000950170-24-137560,2024-12-18T02:20:55.000Z,0001738007,S,200.0,200.32,40064.0,1.0
0000950170-24-137554,2024-12-18T02:10:43.000Z,,-,,,,
0000950170-24-137549,2024-12-18T02:01:09.000Z,,-,,,,
0000950170-24-137542,2024-12-18T01:49:25.000Z,,-,,,,
0000950170-24-136302,2024-12-13T23:18:54.000Z,0001198046,S,75.0,0.0,0.0,1.0
0000950170-24-136302,2024-12-13T23:18:54.000Z,0001198046,S,332.0,0.0,0.0,1.0
0000950170-24-136302,2024-12-13T23:18:54.000Z,0001198046,S,990.0,0.0,0.0,1.0
0000950170-24-136302,2024-12-13T23:18:54.000Z,0001198046,S,103.0,0.0,0.0,1.0
0000950170-24-135152,2024-12-11T01:49:27.000Z,0001295084,S,37134.0,0.0,0.0,1.0
0000950170-24-135152,2024-12-11T01:49:27.000Z,0001295084,S,35366.0,0.0,0.0,1.0
0000950170-24-133433,2024-12-05T00:34:37.000Z,,-,,,,
0000950170-24-132408,2024-12-03T01:38:32.000Z,,-,,,,
0000950170-24-132343,2024-12-02T23:19:45.000Z,0001738007,S,1367.0,170.41,232950.47,1.0
0000950170-24-132320,2024-12-02T22:39:34.000Z,0001665419,S,111.0,169.98,18867.78,1.0
0000950170-24-131196,2024-11-27T00:07:12.000Z,,-,,,,
0000950170-24-131189,2024-11-26T23:33:29.000Z,,-,,,,
0000950170-24-129767,2024-11-21T21:55:59.000Z,0001534753,S,10412.0,0.0,0.0,1.0
0000950170-24-129767,2024-11-21T21:55:59.000Z,0001534753,S,9251.0,0.0,0.0,1.0
0000950170-24-129767,2024-11-21T21:55:59.000Z,0001534753,S,2120.0,0.0,0.0,1.0
0000950170-24-129767,2024-11-21T21:55:59.000Z,0001534753,S,717.0,0.0,0.0,1.0
0000950170-24-127970,2024-11-18T21:16:32.000Z,0001738007,S,2835.0,175.86,498563.10000000003,1.0
0000950170-24-125682,2024-11-12T22:18:11.000Z,0001198046,S,419.0,0.0,0.0,1.0
0000950170-24-125682,2024-11-12T22:18:11.000Z,0001198046,S,465.0,0.0,0.0,1.0
0000950170-24-125682,2024-11-12T22:18:11.000Z,0001198046,S,522.0,0.0,0.0,1.0
0000950170-24-125682,2024-11-12T22:18:11.000Z,0001198046,S,94.0,0.0,0.0,1.0
0000950170-24-123574,2024-11-07T23:00:28.000Z,0001295084,S,10500.0,177.41,1862805.0,1.0
0000950170-24-123574,2024-11-07T23:00:28.000Z,0001295084,S,9000.0,177.41,1596690.0,1.0
0000950170-24-122606,2024-11-06T23:54:43.000Z,0001534753,S,1700.0,0.0,0.0,1.0
0000950170-24-122606,2024-11-06T23:54:43.000Z,0001534753,S,9587.0,0.0,0.0,1.0
0000950170-24-122606,2024-11-06T23:54:43.000Z,0001534753,S,9413.0,0.0,0.0,1.0
0000950170-24-122606,2024-11-06T23:54:43.000Z,0001534753,S,1800.0,0.0,0.0,1.0
0000950170-24-121043,2024-11-05T02:01:21.000Z,0001738007,S,1367.0,171.42,234331.13999999998,1.0
0000950170-24-121038,2024-11-05T01:50:04.000Z,0001665419,S,441.0,171.06,75437.46,1.0
0000950170-24-119905,2024-11-01T16:13:46.000Z,0001295084,S,10500.0,180.78,1898190.0,1.0
0000950170-24-119905,2024-11-01T16:13:46.000Z,0001295084,S,9000.0,180.78,1627020.0,1.0
0000950170-24-117861,2024-10-28T23:27:26.000Z,,-,,,,
0000950170-24-115045,2024-10-16T20:59:48.000Z,0001534753,S,10104.0,0.0,0.0,1.0
0000950170-24-115045,2024-10-16T20:59:48.000Z,0001534753,S,12396.0,0.0,0.0,1.0
0000950170-24-114821,2024-10-16T00:11:41.000Z,,-,,,,
0000950170-24-114771,2024-10-15T21:32:28.000Z,0001738007,S,2834.0,167.23,473929.81999999995,1.0
0000950170-24-114761,2024-10-15T21:16:52.000Z,0001198046,S,1.0,163.7,163.7,1.0
0000950170-24-114761,2024-10-15T21:16:52.000Z,0001198046,S,518.0,0.0,0.0,1.0
0000950170-24-114761,2024-10-15T21:16:52.000Z,0001198046,S,281.0,0.0,0.0,1.0
0000950170-24-114761,2024-10-15T21:16:52.000Z,0001198046,S,700.0,165.0,115500.0,1.0
0000950170-24-111591,2024-10-02T20:56:19.000Z,0001534753,S,17067.0,0.0,0.0,1.0
0000950170-24-111591,2024-10-02T20:56:19.000Z,0001534753,S,4833.0,0.0,0.0,1.0
0000950170-24-111591,2024-10-02T20:56:19.000Z,0001534753,S,600.0,0.0,0.0,1.0
0000950170-24-111510,2024-10-02T20:31:09.000Z,0001738007,S,1367.0,168.84,230804.28,1.0
0000950170-24-110479,2024-09-30T22:36:33.000Z,0001238734,S,16802.0,165.474,2780294.148,1.0
0000950170-24-110107,2024-09-27T21:29:03.000Z,,-,,,,
0000950170-24-110028,2024-09-27T20:25:57.000Z,,-,,,,
0000950170-24-109952,2024-09-27T19:27:58.000Z,,-,,,,
0000950170-24-109916,2024-09-27T18:46:31.000Z,,-,,,,
0000950170-24-109740,2024-09-27T01:19:58.000Z,,-,,,,
0000950170-24-109735,2024-09-27T00:45:35.000Z,,-,,,,
0000950170-24-109725,2024-09-27T00:18:37.000Z,,-,,,,
0000950170-24-109142,2024-09-24T21:56:13.000Z,0001198046,S,700.0,165.0,115500.0,1.0
0000950170-24-107936,2024-09-18T23:11:39.000Z,0001534753,S,12647.0,0.0,0.0,1.0
0000950170-24-107936,2024-09-18T23:11:39.000Z,0001534753,S,9853.0,0.0,0.0,1.0
0000950170-24-107927,2024-09-18T22:30:53.000Z,,-,,,,
0000950170-24-107901,2024-09-18T21:39:09.000Z,,-,,,,
0000950170-24-107867,2024-09-18T21:02:38.000Z,,-,,,,
0000950170-24-107836,2024-09-18T20:46:27.000Z,,-,,,,
0000950170-24-107702,2024-09-18T17:52:42.000Z,,-,,,,
0000950170-24-107680,2024-09-18T17:16:19.000Z,,-,,,,
0000950170-24-107673,2024-09-18T16:51:42.000Z,,-,,,,
0000950170-24-107669,2024-09-18T16:33:00.000Z,,-,,,,
0000950170-24-107653,2024-09-18T15:26:17.000Z,,-,,,,
0000950170-24-107649,2024-09-18T15:18:40.000Z,,-,,,,
0000950170-24-107646,2024-09-18T15:13:38.000Z,,-,,,,
0000950170-24-107567,2024-09-18T01:38:59.000Z,,-,,,,
0000950170-24-107535,2024-09-18T00:11:35.000Z,,-,,,,
0000950170-24-107513,2024-09-17T23:45:50.000Z,,-,,,,
0000950170-24-106720,2024-09-16T17:52:01.000Z,0001198046,S,496.0,0.0,0.0,1.0
0000950170-24-106720,2024-09-16T17:52:01.000Z,0001198046,S,304.0,0.0,0.0,1.0
0000950170-24-105252,2024-09-10T22:43:34.000Z,0001738007,S,2835.0,151.53,429587.55,1.0
0000950170-24-104325,2024-09-06T18:03:17.000Z,,-,,,,
0000950170-24-104145,2024-09-05T22:20:30.000Z,0001238734,S,4567.0,0.0,0.0,1.0
0000950170-24-104145,2024-09-05T22:20:30.000Z,0001238734,S,2887.0,0.0,0.0,1.0
0000950170-24-104145,2024-09-05T22:20:30.000Z,0001238734,S,7613.0,0.0,0.0,1.0
0000950170-24-104145,2024-09-05T22:20:30.000Z,0001238734,S,4200.0,0.0,0.0,1.0
0000950170-24-104145,2024-09-05T22:20:30.000Z,0001238734,S,2100.0,0.0,0.0,1.0
0000950170-24-104145,2024-09-05T22:20:30.000Z,0001238734,S,100.0,163.18,16318.0,1.0
0000950170-24-103909,2024-09-05T18:41:15.000Z,0001534753,S,11654.0,0.0,0.0,1.0
0000950170-24-103909,2024-09-05T18:41:15.000Z,0001534753,S,7646.0,0.0,0.0,1.0
0000950170-24-103909,2024-09-05T18:41:15.000Z,0001534753,S,3200.0,0.0,0.0,1.0
0000950170-24-102976,2024-09-03T21:46:53.000Z,0001738007,S,682.0,160.44,109420.08,1.0
0000950170-24-101168,2024-08-27T23:03:54.000Z,,-,,,,
0000950170-24-099613,2024-08-21T22:51:41.000Z,0001534753,S,16211.0,0.0,0.0,1.0
0000950170-24-099613,2024-08-21T22:51:41.000Z,0001534753,S,6289.0,0.0,0.0,1.0
0000950170-24-098822,2024-08-20T00:59:58.000Z,0001198046,S,700.0,165.0,115500.0,1.0
0000950170-24-098138,2024-08-16T21:09:34.000Z,0001286672,S,14999.0,0.0,0.0,1.0
0000950170-24-098138,2024-08-16T21:09:34.000Z,0001286672,S,19258.0,0.0,0.0,1.0
0000950170-24-095703,2024-08-13T01:34:40.000Z,0001198046,S,402.0,0.0,0.0,1.0
0000950170-24-095703,2024-08-13T01:34:40.000Z,0001198046,S,382.0,0.0,0.0,1.0
0000950170-24-095703,2024-08-13T01:34:40.000Z,0001198046,S,16.0,0.0,0.0,1.0
0000950170-24-094779,2024-08-09T20:18:35.000Z,,-,,,,
0000950170-24-093141,2024-08-07T23:13:33.000Z,0001534753,S,5905.0,0.0,0.0,1.0
0000950170-24-093141,2024-08-07T23:13:33.000Z,0001534753,S,3956.0,0.0,0.0,1.0
0000950170-24-093141,2024-08-07T23:13:33.000Z,0001534753,S,7364.0,0.0,0.0,1.0
0000950170-24-093141,2024-08-07T23:13:33.000Z,0001534753,S,4975.0,0.0,0.0,1.0
0000950170-24-093141,2024-08-07T23:13:33.000Z,0001534753,S,300.0,164.55,49365.0,1.0
0000950170-24-090220,2024-08-03T00:02:45.000Z,0001738007,S,682.0,168.0,114576.0,1.0
0000950170-24-088112,2024-07-30T22:26:23.000Z,,-,,,,
0000950170-24-087040,2024-07-26T23:18:22.000Z,,-,,,,
0000950170-24-087025,2024-07-26T22:46:15.000Z,,-,,,,
0000950170-24-084634,2024-07-18T21:05:23.000Z,0001534753,S,12351.0,0.0,0.0,1.0
0000950170-24-084634,2024-07-18T21:05:23.000Z,0001534753,S,9149.0,0.0,0.0,1.0
0000950170-24-084634,2024-07-18T21:05:23.000Z,0001534753,S,1000.0,0.0,0.0,1.0
0000950170-24-084027,2024-07-16T23:08:55.000Z,0001198046,S,1026.0,0.0,0.0,1.0
0000950170-24-084027,2024-07-16T23:08:55.000Z,0001198046,S,474.0,0.0,0.0,1.0
0000950170-24-081916,2024-07-05T22:44:50.000Z,,-,,,,
0000950170-24-081914,2024-07-05T22:36:52.000Z,,-,,,,
0000950170-24-081911,2024-07-05T22:26:49.000Z,,-,,,,
0000950170-24-081909,2024-07-05T22:14:44.000Z,,-,,,,
0000950170-24-081905,2024-07-05T21:41:21.000Z,,-,,,,
0000950170-24-081827,2024-07-05T17:45:03.000Z,,-,,,,
0000950170-24-081819,2024-07-05T17:11:13.000Z,,-,,,,
0000950170-24-081571,2024-07-03T20:31:53.000Z,0001534753,S,8975.0,0.0,0.0,1.0
0000950170-24-081571,2024-07-03T20:31:53.000Z,0001534753,S,13525.0,0.0,0.0,1.0
0000950170-24-080932,2024-07-02T23:00:25.000Z,0001738007,S,682.0,183.47,125126.54,1.0
0000950170-24-080252,2024-07-02T17:53:32.000Z,0001286672,S,1500.0,0.0,0.0,1.0
0000950170-24-080252,2024-07-02T17:53:32.000Z,0001286672,S,1662.0,0.0,0.0,1.0
0000950170-24-080252,2024-07-02T17:53:32.000Z,0001286672,S,100.0,185.14,18514.0,1.0
0000950170-24-078703,2024-06-27T23:21:55.000Z,,-,,,,
0000950170-24-078628,2024-06-27T21:53:59.000Z,,-,,,,
0000950170-24-078601,2024-06-27T21:16:21.000Z,,-,,,,
0000950170-24-078388,2024-06-27T19:35:43.000Z,,-,,,,
0000950170-24-078107,2024-06-27T01:13:23.000Z,,-,,,,
0000950170-24-078083,2024-06-27T00:11:10.000Z,,-,,,,
0000950170-24-076275,2024-06-21T20:26:39.000Z,0001534753,S,15096.0,0.0,0.0,1.0
0000950170-24-076275,2024-06-21T20:26:39.000Z,0001534753,S,7404.0,0.0,0.0,1.0
0001209191-24-005905,2024-06-19T01:06:36.000Z,,-,,,,
0001209191-24-005903,2024-06-19T00:47:27.000Z,,-,,,,
0001209191-24-005901,2024-06-19T00:33:15.000Z,,-,,,,
0001209191-24-005899,2024-06-19T00:13:16.000Z,,-,,,,
0001209191-24-005897,2024-06-19T00:00:01.000Z,,-,,,,
0001209191-24-005895,2024-06-18T23:20:33.000Z,,-,,,,
0001209191-24-005893,2024-06-18T23:06:34.000Z,,-,,,,
0001209191-24-005891,2024-06-18T22:38:19.000Z,,-,,,,
0001209191-24-005889,2024-06-18T22:24:58.000Z,,-,,,,
0001209191-24-005887,2024-06-18T22:09:39.000Z,,-,,,,
0001209191-24-005885,2024-06-18T21:56:18.000Z,,-,,,,
0001209191-24-005882,2024-06-18T20:47:46.000Z,,-,,,,
0001209191-24-005872,2024-06-18T19:12:04.000Z,,-,,,,
0001209191-24-005854,2024-06-13T00:07:38.000Z,0001198046,S,32.0,177.97,5695.04,1.0
0001209191-24-005854,2024-06-13T00:07:38.000Z,0001198046,S,424.0,0.0,0.0,1.0
0001209191-24-005854,2024-06-13T00:07:38.000Z,0001198046,S,155.0,0.0,0.0,1.0
0001209191-24-005854,2024-06-13T00:07:38.000Z,0001198046,S,53.0,0.0,0.0,1.0
0001209191-24-005854,2024-06-13T00:07:38.000Z,0001198046,S,519.0,0.0,0.0,1.0
0001209191-24-005854,2024-06-13T00:07:38.000Z,0001198046,S,176.0,0.0,0.0,1.0
0001209191-24-005854,2024-06-13T00:07:38.000Z,0001198046,S,130.0,0.0,0.0,1.0
0001209191-24-005854,2024-06-13T00:07:38.000Z,0001198046,S,11.0,179.19,1971.09,1.0
0001209191-24-005809,2024-06-05T22:33:26.000Z,0001534753,S,8101.0,0.0,0.0,1.0
0001209191-24-005809,2024-06-05T22:33:26.000Z,0001534753,S,11323.0,0.0,0.0,1.0
0001209191-24-005809,2024-06-05T22:33:26.000Z,0001534753,S,3076.0,0.0,0.0,1.0
0001209191-24-005788,2024-06-03T21:47:17.000Z,0001738007,S,682.0,173.86,118572.52,0.0
0001209191-24-005786,2024-06-03T21:31:12.000Z,,-,,,,
0001209191-24-005762,2024-05-30T00:42:21.000Z,,-,,,,
0001209191-24-005652,2024-05-15T23:24:06.000Z,0001534753,S,10004.0,0.0,0.0,1.0
0001209191-24-005652,2024-05-15T23:24:06.000Z,0001534753,S,12496.0,0.0,0.0,1.0
0001209191-24-005640,2024-05-14T17:00:19.000Z,0001738007,S,682.0,166.67,113668.93999999999,1.0
0001209191-24-005630,2024-05-13T23:14:24.000Z,0001198046,S,3.0,165.9,497.70000000000005,1.0
0001209191-24-005630,2024-05-13T23:14:24.000Z,0001198046,S,280.0,0.0,0.0,1.0
0001209191-24-005630,2024-05-13T23:14:24.000Z,0001198046,S,79.0,0.0,0.0,1.0
0001209191-24-005630,2024-05-13T23:14:24.000Z,0001198046,S,660.0,0.0,0.0,1.0
0001209191-24-005630,2024-05-13T23:14:24.000Z,0001198046,S,5.0,170.03,850.15,1.0
0001209191-24-005630,2024-05-13T23:14:24.000Z,0001198046,S,473.0,0.0,0.0,1.0
0001209191-24-005506,2024-05-03T21:06:28.000Z,,-,,,,
0001209191-24-005503,2024-05-03T20:54:11.000Z,,-,,,,
0001209191-24-005501,2024-05-03T20:51:06.000Z,,-,,,,
0001209191-24-005499,2024-05-03T20:48:08.000Z,,-,,,,
0001209191-24-005457,2024-05-01T23:29:06.000Z,0001534753,S,4834.0,0.0,0.0,1.0
0001209191-24-005457,2024-05-01T23:29:06.000Z,0001534753,S,9076.0,0.0,0.0,1.0
0001209191-24-005457,2024-05-01T23:29:06.000Z,0001534753,S,6600.0,0.0,0.0,1.0
0001209191-24-005457,2024-05-01T23:29:06.000Z,0001534753,S,1990.0,0.0,0.0,1.0
0001209191-24-005437,2024-04-30T21:59:20.000Z,0001665419,S,80.0,167.38,13390.4,1.0
0001209191-24-005394,2024-04-26T22:53:26.000Z,0001198046,S,2100.0,175.76,369096.0,1.0
0001209191-24-005392,2024-04-26T22:07:50.000Z,,-,,,,
0001209191-24-005330,2024-04-17T23:30:15.000Z,0001534753,S,22500.0,157.4117,3541763.25,1.0
0001209191-24-005305,2024-04-16T00:17:13.000Z,0001198046,S,245.0,0.0,0.0,0.0
0001209191-24-005305,2024-04-16T00:17:13.000Z,0001198046,S,393.0,0.0,0.0,0.0
0001209191-24-005305,2024-04-16T00:17:13.000Z,0001198046,S,94.0,0.0,0.0,0.0
0001209191-24-005305,2024-04-16T00:17:13.000Z,0001198046,S,68.0,0.0,0.0,0.0
0001209191-24-005228,2024-04-04T19:07:58.000Z,0001534753,S,3840.0,0.0,0.0,1.0
0001209191-24-005228,2024-04-04T19:07:58.000Z,0001534753,S,17352.0,0.0,0.0,1.0
0001209191-24-005228,2024-04-04T19:07:58.000Z,0001534753,S,1308.0,0.0,0.0,1.0
0001209191-24-005191,2024-04-03T00:10:54.000Z,0001286672,S,200.0,0.0,0.0,1.0
0001209191-24-005191,2024-04-03T00:10:54.000Z,0001286672,S,1300.0,0.0,0.0,1.0
0001209191-24-005191,2024-04-03T00:10:54.000Z,0001286672,S,1758.0,0.0,0.0,1.0
0001209191-24-005189,2024-04-02T21:58:55.000Z,0001738007,S,682.0,154.79,105566.78,1.0
0001209191-24-005187,2024-04-02T21:49:46.000Z,,-,,,,
0001209191-24-005134,2024-03-29T17:33:38.000Z,0001238734,S,12084.0,151.1859,1826930.4156,1.0
0001209191-24-005132,2024-03-29T15:53:39.000Z,0001665419,S,90.0,152.0,13680.0,1.0
0001209191-24-005096,2024-03-27T01:37:32.000Z,,-,,,,
0001209191-24-005094,2024-03-27T00:59:54.000Z,,-,,,,
0001209191-24-005092,2024-03-27T00:46:12.000Z,,-,,,,
0001209191-24-005090,2024-03-27T00:30:56.000Z,,-,,,,
0001209191-24-005086,2024-03-27T00:14:03.000Z,,-,,,,
0001209191-24-005083,2024-03-26T23:53:18.000Z,,-,,,,
0001209191-24-005015,2024-03-20T22:41:25.000Z,0001534753,S,12370.0,0.0,0.0,1.0
0001209191-24-005015,2024-03-20T22:41:25.000Z,0001534753,S,10130.0,0.0,0.0,1.0
0001209191-24-004957,2024-03-19T22:32:47.000Z,0001198046,S,500.0,149.5,74750.0,1.0
0001209191-24-004784,2024-03-12T21:22:18.000Z,0001198046,S,15.0,138.23,2073.45,0.0
0001209191-24-004784,2024-03-12T21:22:18.000Z,0001198046,S,285.0,0.0,0.0,0.0
0001209191-24-004710,2024-03-08T22:40:03.000Z,0001479258,S,1400.0,0.0,0.0,1.0
0001209191-24-004710,2024-03-08T22:40:03.000Z,0001479258,S,19831.0,0.0,0.0,1.0
0001209191-24-004710,2024-03-08T22:40:03.000Z,0001479258,S,9700.0,0.0,0.0,1.0
0001209191-24-004710,2024-03-08T22:40:03.000Z,0001479258,S,17046.0,0.0,0.0,1.0
0001209191-24-004710,2024-03-08T22:40:03.000Z,0001479258,S,100.0,138.93,13893.0,1.0
0001209191-24-004707,2024-03-08T21:44:03.000Z,,-,,,,
0001209191-24-004611,2024-03-07T01:07:29.000Z,0001534753,S,19000.0,0.0,0.0,1.0
0001209191-24-004611,2024-03-07T01:07:29.000Z,0001534753,S,2400.0,0.0,0.0,1.0
0001209191-24-004611,2024-03-07T01:07:29.000Z,0001534753,S,1100.0,0.0,0.0,1.0
0001209191-24-004226,2024-03-04T23:38:21.000Z,0001738007,S,682.0,136.49,93086.18000000001,1.0
0001209191-24-004133,2024-03-01T02:48:25.000Z,0001665419,S,100.0,138.22,13822.0,1.0
0001209191-24-004023,2024-02-27T23:22:34.000Z,,-,,,,
0001209191-24-003905,2024-02-23T22:55:33.000Z,,-,,,,
0001209191-24-003845,2024-02-22T22:57:59.000Z,0001534753,S,8583.0,0.0,0.0,1.0
0001209191-24-003845,2024-02-22T22:57:59.000Z,0001534753,S,13917.0,0.0,0.0,1.0
0001209191-24-003823,2024-02-22T22:09:20.000Z,0001238734,S,6686.0,0.0,0.0,1.0
0001209191-24-003823,2024-02-22T22:09:20.000Z,0001238734,S,36886.0,0.0,0.0,1.0
0001209191-24-003823,2024-02-22T22:09:20.000Z,0001238734,S,4504.0,0.0,0.0,1.0
0001209191-24-003227,2024-02-13T23:50:44.000Z,,-,,,,
0001209191-24-003209,2024-02-13T23:01:17.000Z,0001198046,S,28.0,148.885,4168.78,1.0
0001209191-24-003209,2024-02-13T23:01:17.000Z,0001198046,S,325.0,0.0,0.0,1.0
0001209191-24-003209,2024-02-13T23:01:17.000Z,0001198046,S,147.0,0.0,0.0,1.0
0001209191-24-003209,2024-02-13T23:01:17.000Z,0001198046,S,21.0,148.88,3126.48,1.0
0001209191-24-003209,2024-02-13T23:01:17.000Z,0001198046,S,176.0,0.0,0.0,1.0
0001209191-24-003209,2024-02-13T23:01:17.000Z,0001198046,S,103.0,0.0,0.0,1.0
0001209191-24-003067,2024-02-10T01:51:30.000Z,,-,,,,
0001209191-24-003065,2024-02-10T01:40:30.000Z,,-,,,,
0001209191-24-003063,2024-02-10T01:39:03.000Z,,-,,,,
0001209191-24-003059,2024-02-10T01:36:06.000Z,,-,,,,
0001209191-24-002998,2024-02-08T23:38:17.000Z,0001534753,S,11109.0,0.0,0.0,1.0
0001209191-24-002998,2024-02-08T23:38:17.000Z,0001534753,S,11391.0,0.0,0.0,1.0
0001209191-24-002588,2024-02-02T00:13:31.000Z,0001738007,S,660.0,143.59,94769.40000000001,1.0
0001209191-24-002451,2024-01-30T23:32:07.000Z,0001665419,S,230.0,154.06,35433.8,1.0
0001209191-24-002324,2024-01-27T02:09:49.000Z,,-,,,,
0001209191-24-001796,2024-01-17T22:51:36.000Z,0001534753,S,3488.0,0.0,0.0,1.0
0001209191-24-001796,2024-01-17T22:51:36.000Z,0001534753,S,15323.0,0.0,0.0,1.0
0001209191-24-001796,2024-01-17T22:51:36.000Z,0001534753,S,3689.0,0.0,0.0,1.0
0001209191-24-001498,2024-01-12T19:13:36.000Z,0001198046,S,2400.0,145.0,348000.0,0.0
0001209191-24-001401,2024-01-11T01:25:14.000Z,0001198046,S,146.0,0.0,0.0,1.0
0001209191-24-001401,2024-01-11T01:25:14.000Z,0001198046,S,28.0,0.0,0.0,1.0
0001209191-24-001401,2024-01-11T01:25:14.000Z,0001198046,S,26.0,0.0,0.0,1.0
0001209191-24-000702,2024-01-04T20:21:13.000Z,,-,,,,
0001209191-24-000683,2024-01-04T18:37:31.000Z,0001534753,S,6200.0,0.0,0.0,1.0
0001209191-24-000683,2024-01-04T18:37:31.000Z,0001534753,S,12512.0,0.0,0.0,1.0
0001209191-24-000683,2024-01-04T18:37:31.000Z,0001534753,S,3788.0,0.0,0.0,1.0
0001209191-24-000278,2024-01-03T16:08:43.000Z,0001286672,S,4700.0,0.0,0.0,1.0
0001209191-24-000278,2024-01-03T16:08:43.000Z,0001286672,S,10988.0,0.0,0.0,1.0
0001209191-24-000278,2024-01-03T16:08:43.000Z,0001286672,S,400.0,0.0,0.0,1.0
0001209191-24-000150,2024-01-02T21:49:06.000Z,0001738007,S,425.0,139.61,59334.25000000001,1.0
0001209191-23-060025,2023-12-30T01:06:51.000Z,0001238734,S,28281.0,141.4025,3999004.1025,1.0
0001209191-23-060024,2023-12-30T00:51:38.000Z,0001665419,S,240.0,140.51,33722.399999999994,1.0
0001209191-23-059848,2023-12-28T01:21:32.000Z,,-,,,,
0001209191-23-059844,2023-12-28T00:57:31.000Z,,-,,,,
0001209191-23-059838,2023-12-28T00:36:30.000Z,,-,,,,
0001209191-23-059836,2023-12-28T00:21:03.000Z,,-,,,,
0001209191-23-059827,2023-12-27T23:54:14.000Z,,-,,,,
0001209191-23-059823,2023-12-27T23:30:33.000Z,,-,,,,
0001209191-23-059463,2023-12-21T22:11:48.000Z,0001534753,S,5484.0,0.0,0.0,1.0
0001209191-23-059463,2023-12-21T22:11:48.000Z,0001534753,S,4200.0,0.0,0.0,1.0
0001209191-23-059463,2023-12-21T22:11:48.000Z,0001534753,S,11616.0,0.0,0.0,1.0
0001209191-23-059463,2023-12-21T22:11:48.000Z,0001534753,S,1200.0,0.0,0.0,1.0
0001209191-23-058104,2023-12-11T22:48:03.000Z,0001198046,S,101.0,0.0,0.0,0.0
0001209191-23-058104,2023-12-11T22:48:03.000Z,0001198046,S,99.0,0.0,0.0,0.0
0001209191-23-057900,2023-12-08T21:14:57.000Z,0001534753,S,14769.0,0.0,0.0,1.0
0001209191-23-057900,2023-12-08T21:14:57.000Z,0001534753,S,7731.0,0.0,0.0,1.0
0001209191-23-057092,2023-12-01T22:06:42.000Z,0001738007,S,420.0,133.32,55994.399999999994,1.0
0001209191-23-056994,2023-11-30T22:21:13.000Z,0001665419,S,230.0,136.4,31372.0,1.0
0001209191-23-056865,2023-11-29T18:42:11.000Z,,-,,,,
0001209191-23-056850,2023-11-29T00:58:15.000Z,,-,,,,
0001209191-23-056848,2023-11-29T00:42:22.000Z,,-,,,,
0001209191-23-055143,2023-11-14T19:54:39.000Z,0001198046,S,45.0,0.0,0.0,1.0
0001209191-23-055143,2023-11-14T19:54:39.000Z,0001198046,S,50.0,0.0,0.0,1.0
0001209191-23-055143,2023-11-14T19:54:39.000Z,0001198046,S,105.0,0.0,0.0,1.0
0001209191-23-054800,2023-11-09T20:21:22.000Z,0001295084,S,51605.0,0.0,0.0,1.0
0001209191-23-054800,2023-11-09T20:21:22.000Z,0001295084,S,23395.0,0.0,0.0,1.0
0001209191-23-054800,2023-11-09T20:21:22.000Z,0001295084,S,24227.0,0.0,0.0,1.0
0001209191-23-054800,2023-11-09T20:21:22.000Z,0001295084,S,50773.0,0.0,0.0,1.0
0001209191-23-054345,2023-11-03T20:52:53.000Z,0001738007,S,425.0,129.08,54859.00000000001,1.0
0001209191-23-053892,2023-10-30T23:09:09.000Z,0001665419,S,250.0,124.36,31090.0,1.0
0001209191-23-053801,2023-10-28T00:44:22.000Z,,-,,,,
0001209191-23-053714,2023-10-26T23:55:43.000Z,,-,,,,
0001209191-23-053712,2023-10-26T23:38:40.000Z,0001244892,S,260.0,129.82,33753.2,1.0
0001209191-23-052553,2023-10-10T21:15:57.000Z,0001198046,S,114.0,0.0,0.0,0.0
0001209191-23-052553,2023-10-10T21:15:57.000Z,0001198046,S,86.0,0.0,0.0,0.0
0001209191-23-052055,2023-10-04T21:41:06.000Z,0001286672,S,3817.0,132.172,504500.524,1.0
0001209191-23-052055,2023-10-04T21:41:06.000Z,0001286672,S,7700.0,134.0512,1032194.24,1.0
0001209191-23-052055,2023-10-04T21:41:06.000Z,0001286672,S,4566.0,134.7911,615456.1626,1.0
0001209191-23-051265,2023-10-03T01:20:11.000Z,,-,,,,
0001209191-23-051224,2023-10-02T23:06:30.000Z,0001738007,S,420.0,132.09,55477.8,1.0
0001209191-23-051208,2023-10-02T22:54:00.000Z,0001244892,S,180.0,132.09,23776.2,0.0
0001209191-23-050720,2023-09-28T19:23:19.000Z,0001665419,S,240.0,130.85,31404.0,0.0
0001209191-23-050698,2023-09-28T00:19:32.000Z,0001238734,S,18363.0,0.0,0.0,1.0
0001209191-23-050698,2023-09-28T00:19:32.000Z,0001238734,S,15136.0,0.0,0.0,1.0
0001209191-23-050698,2023-09-28T00:19:32.000Z,0001238734,S,2300.0,0.0,0.0,1.0
0001209191-23-050684,2023-09-27T22:30:30.000Z,,-,,,,
0001209191-23-050676,2023-09-27T21:34:33.000Z,,-,,,,
0001209191-23-050659,2023-09-27T20:36:16.000Z,0001244892,S,220.0,130.89,28795.799999999996,1.0
0001209191-23-050631,2023-09-27T19:13:47.000Z,,-,,,,
0001209191-23-050615,2023-09-26T23:06:40.000Z,,-,,,,
0001209191-23-050610,2023-09-26T22:29:53.000Z,,-,,,,
0001209191-23-049052,2023-09-12T01:34:36.000Z,0001198046,S,54.0,0.0,0.0,1.0
0001209191-23-049052,2023-09-12T01:34:36.000Z,0001198046,S,146.0,0.0,0.0,1.0
0001209191-23-048679,2023-09-07T21:56:15.000Z,0001238734,S,23531.0,136.215,3205275.165,1.0
0001209191-23-048679,2023-09-07T21:56:15.000Z,0001238734,S,19369.0,136.8614,2650868.4566,1.0
0001209191-23-048237,2023-09-05T22:19:51.000Z,0001738007,S,3749.0,136.28,510913.72000000003,1.0
0001209191-23-048045,2023-09-02T01:27:06.000Z,0001665419,S,230.0,135.56,31178.8,1.0
0001209191-23-047589,2023-08-29T20:15:39.000Z,,-,,,,
0001209191-23-047583,2023-08-29T20:14:03.000Z,0001244892,S,220.0,130.14,28630.799999999996,1.0
0000929638-23-002316,2023-08-21T20:30:20.000Z,0001652044,S,5719438.0,0.0,0.0,0.0
0000929638-23-002316,2023-08-21T20:30:20.000Z,0001652044,S,525470.0,0.0,0.0,0.0
0000929638-23-002316,2023-08-21T20:30:20.000Z,0001652044,S,255092.0,0.0,0.0,0.0
0001209191-23-045324,2023-08-10T21:17:31.000Z,0001198046,S,50.0,0.0,0.0,1.0
0001209191-23-045324,2023-08-10T21:17:31.000Z,0001198046,S,150.0,0.0,0.0,1.0
0001209191-23-043728,2023-07-28T23:28:41.000Z,0001665419,S,230.0,130.95,30118.499999999996,1.0
0001209191-23-043556,2023-07-27T21:00:31.000Z,0001244892,S,220.0,121.75,26785.0,1.0
0001209191-23-043511,2023-07-27T20:06:30.000Z,,-,,,,
0001209191-23-042309,2023-07-14T23:04:09.000Z,0001295084,S,24976.0,0.0,0.0,1.0
0001209191-23-042309,2023-07-14T23:04:09.000Z,0001295084,S,6098.0,0.0,0.0,1.0
0001209191-23-042309,2023-07-14T23:04:09.000Z,0001295084,S,166.0,0.0,0.0,1.0
0001209191-23-042309,2023-07-14T23:04:09.000Z,0001295084,S,8546.0,116.598,996446.508,1.0
0001209191-23-042309,2023-07-14T23:04:09.000Z,0001295084,S,2216.0,0.0,0.0,1.0
0001209191-23-042309,2023-07-14T23:04:09.000Z,0001295084,S,58.0,118.25,6858.5,1.0
0001209191-23-042309,2023-07-14T23:04:09.000Z,0001295084,S,5005.0,0.0,0.0,1.0
0001209191-23-042309,2023-07-14T23:04:09.000Z,0001295084,S,1221.0,0.0,0.0,1.0
0001209191-23-042309,2023-07-14T23:04:09.000Z,0001295084,S,34.0,0.0,0.0,1.0
0001209191-23-042309,2023-07-14T23:04:09.000Z,0001295084,S,37500.0,0.0,0.0,1.0
0001209191-23-042309,2023-07-14T23:04:09.000Z,0001295084,S,21072.0,0.0,0.0,1.0
0001209191-23-042309,2023-07-14T23:04:09.000Z,0001295084,S,5466.0,0.0,0.0,1.0
0001209191-23-042309,2023-07-14T23:04:09.000Z,0001295084,S,142.0,118.25,16791.5,1.0
0001209191-23-042309,2023-07-14T23:04:09.000Z,0001295084,S,37500.0,0.0,0.0,1.0
0001209191-23-042242,2023-07-13T22:37:44.000Z,0001198046,S,200.0,125.0,25000.0,1.0
0001209191-23-041714,2023-07-07T00:25:38.000Z,,-,,,,
0001209191-23-041712,2023-07-07T00:14:19.000Z,,-,,,,
0001209191-23-041705,2023-07-06T23:58:04.000Z,,-,,,,
0001209191-23-041695,2023-07-06T23:11:55.000Z,,-,,,,
0001209191-23-041687,2023-07-06T23:01:50.000Z,,-,,,,
0001209191-23-041653,2023-07-06T22:07:48.000Z,,-,,,,
0001209191-23-041643,2023-07-06T21:52:22.000Z,,-,,,,
0001209191-23-041639,2023-07-06T21:41:26.000Z,,-,,,,
0001209191-23-040892,2023-07-05T18:23:13.000Z,0001286672,S,15183.0,0.0,0.0,1.0
0001209191-23-040892,2023-07-05T18:23:13.000Z,0001286672,S,900.0,0.0,0.0,1.0
0001209191-23-040232,2023-06-29T22:51:24.000Z,0001665419,S,240.0,120.02,28804.8,1.0
0001209191-23-040019,2023-06-28T17:54:10.000Z,0001244892,S,380.0,121.42,46139.6,1.0
0001209191-23-039993,2023-06-28T01:10:47.000Z,,-,,,,
0001209191-23-039984,2023-06-28T00:21:54.000Z,,-,,,,
0001209191-23-039975,2023-06-27T23:47:46.000Z,,-,,,,
0001209191-23-039969,2023-06-27T23:27:39.000Z,,-,,,,
0001209191-23-039964,2023-06-27T22:35:48.000Z,,-,,,,
0001209191-23-039962,2023-06-27T22:12:17.000Z,,-,,,,
0001209191-23-039122,2023-06-22T21:03:25.000Z,0001845038,S,37405.0,0.0,0.0,1.0
0001209191-23-039122,2023-06-22T21:03:25.000Z,0001845038,S,19003.0,0.0,0.0,1.0
0001209191-23-038363,2023-06-20T20:17:34.000Z,0001845038,S,66659.0,0.0,0.0,1.0
0001209191-23-038363,2023-06-20T20:17:34.000Z,0001845038,S,6532.0,0.0,0.0,1.0
0001209191-23-037334,2023-06-15T20:22:53.000Z,0001845038,S,28100.0,0.0,0.0,1.0
0001209191-23-037334,2023-06-15T20:22:53.000Z,0001845038,S,28960.0,0.0,0.0,1.0
0001209191-23-036816,2023-06-13T21:14:11.000Z,0001198046,S,200.0,125.65,25130.0,1.0
0001209191-23-036666,2023-06-13T20:20:27.000Z,0001845038,S,15672.0,0.0,0.0,1.0
0001209191-23-036666,2023-06-13T20:20:27.000Z,0001845038,S,16031.0,0.0,0.0,1.0
0001209191-23-035849,2023-06-09T20:24:14.000Z,0001845038,S,15000.0,0.0,0.0,1.0
0001209191-23-035849,2023-06-09T20:24:14.000Z,0001845038,S,5000.0,0.0,0.0,1.0
0001209191-23-035068,2023-06-07T20:17:03.000Z,0001845038,S,22434.0,0.0,0.0,1.0
0001209191-23-035068,2023-06-07T20:17:03.000Z,0001845038,S,29975.0,0.0,0.0,1.0
0001209191-23-034034,2023-06-02T23:02:33.000Z,0001244892,S,5245.0,125.0146,655701.577,0.0
0001209191-23-034034,2023-06-02T23:02:33.000Z,0001244892,S,4295.0,125.7117,539931.7515,0.0
0001209191-23-033697,2023-06-02T20:17:44.000Z,0001845038,S,16633.0,0.0,0.0,1.0
0001209191-23-033697,2023-06-02T20:17:44.000Z,0001845038,S,44752.0,0.0,0.0,1.0
0001209191-23-033697,2023-06-02T20:17:44.000Z,0001845038,S,471.0,0.0,0.0,1.0
0001209191-23-033115,2023-05-31T20:30:49.000Z,0001665419,S,240.0,123.73,29695.2,0.0
0001209191-23-033107,2023-05-31T20:15:59.000Z,0001845038,S,12602.0,0.0,0.0,1.0
0001209191-23-033107,2023-05-31T20:15:59.000Z,0001845038,S,16805.0,0.0,0.0,1.0
0001209191-23-032700,2023-05-26T22:36:49.000Z,,-,,,,
0001209191-23-032690,2023-05-26T22:23:24.000Z,0001665419,S,950.0,125.25,118987.5,0.0
0001209191-23-032529,2023-05-26T20:17:24.000Z,0001845038,S,7900.0,0.0,0.0,1.0
0001209191-23-032529,2023-05-26T20:17:24.000Z,0001845038,S,23161.0,0.0,0.0,1.0
0001209191-23-031916,2023-05-24T21:07:53.000Z,0001845038,S,87922.0,0.0,0.0,1.0
0001209191-23-031916,2023-05-24T21:07:53.000Z,0001845038,S,43939.0,0.0,0.0,1.0
0001209191-23-031450,2023-05-22T20:21:42.000Z,0001845038,S,13076.0,0.0,0.0,1.0
0001209191-23-031450,2023-05-22T20:21:42.000Z,0001845038,S,14022.0,0.0,0.0,1.0
0001209191-23-031450,2023-05-22T20:21:42.000Z,0001845038,S,63212.0,0.0,0.0,1.0
0001209191-23-031354,2023-05-22T15:54:18.000Z,0001198046,S,800.0,125.0,100000.0,0.0
0001209191-23-030621,2023-05-18T20:16:57.000Z,0001845038,S,50649.0,0.0,0.0,1.0
0001209191-23-030621,2023-05-18T20:16:57.000Z,0001845038,S,15000.0,0.0,0.0,1.0
0001209191-23-030509,2023-05-18T16:04:42.000Z,0001295084,S,75000.0,0.0,0.0,0.0
0001209191-23-030509,2023-05-18T16:04:42.000Z,0001295084,S,75000.0,0.0,0.0,0.0
0001209191-23-029789,2023-05-16T20:16:42.000Z,0001845038,S,27290.0,0.0,0.0,1.0
0001209191-23-029789,2023-05-16T20:16:42.000Z,0001845038,S,157952.0,0.0,0.0,1.0
0001209191-23-029270,2023-05-15T16:01:13.000Z,,-,,,,
0001209191-23-029033,2023-05-12T20:16:55.000Z,0001845038,S,87397.0,0.0,0.0,1.0
0001209191-23-029033,2023-05-12T20:16:55.000Z,0001845038,S,21819.0,0.0,0.0,1.0
0001209191-23-029033,2023-05-12T20:16:55.000Z,0001845038,S,4807.0,0.0,0.0,1.0
0001209191-23-028464,2023-05-10T20:17:10.000Z,0001845038,S,100772.0,0.0,0.0,1.0
0001209191-23-028464,2023-05-10T20:17:10.000Z,0001845038,S,321238.0,0.0,0.0,1.0
0001209191-23-028245,2023-05-09T20:18:07.000Z,0001861206,P,7286.0,0.0,0.0,0.0
0001209191-23-027747,2023-05-05T20:55:39.000Z,0001295084,S,23739.0,104.7598,2486892.8922,0.0
0001209191-23-027747,2023-05-05T20:55:39.000Z,0001295084,S,13761.0,105.532,1452225.852,0.0
0001209191-23-027747,2023-05-05T20:55:39.000Z,0001295084,S,23606.0,104.761,2472988.1659999997,0.0
0001209191-23-027747,2023-05-05T20:55:39.000Z,0001295084,S,13894.0,105.5286,1466214.3684,0.0
0001209191-23-027711,2023-05-05T20:44:09.000Z,0001861206,P,287470.0,0.0,0.0,0.0
0001209191-23-027711,2023-05-05T20:44:09.000Z,0001861206,P,22461.0,0.0,0.0,0.0
0001209191-23-027711,2023-05-05T20:44:09.000Z,0001861206,P,302483.0,0.0,0.0,0.0
0001209191-23-027711,2023-05-05T20:44:09.000Z,0001861206,P,91710.0,0.0,0.0,0.0
0001209191-23-027711,2023-05-05T20:44:09.000Z,0001861206,P,2168.0,0.0,0.0,0.0
0001209191-23-027189,2023-05-03T23:56:30.000Z,,-,,,,
0001209191-23-027179,2023-05-03T23:13:48.000Z,,-,,,,
0001209191-23-027168,2023-05-03T23:01:19.000Z,,-,,,,
0001209191-23-027157,2023-05-03T22:48:47.000Z,,-,,,,
0001209191-23-026620,2023-05-02T21:50:15.000Z,0001738007,S,637.0,107.51,68483.87000000001,0.0
0001209191-23-025795,2023-04-27T19:02:42.000Z,,-,,,,
0001209191-23-025790,2023-04-27T18:40:24.000Z,,-,,,,
0001209191-23-022885,2023-04-04T21:44:36.000Z,0001286672,S,17340.0,102.9662,1785433.908,0.0
0001209191-23-022885,2023-04-04T21:44:36.000Z,0001286672,S,12400.0,103.8746,1288045.04,0.0
0001209191-23-022885,2023-04-04T21:44:36.000Z,0001286672,S,2639.0,104.774,276498.586,0.0
0001209191-23-022816,2023-04-04T21:10:37.000Z,0001738007,S,645.0,104.91,67666.95,0.0
0001209191-23-021834,2023-03-31T18:11:51.000Z,0001238734,S,29006.0,0.0,0.0,0.0
0001209191-23-021457,2023-03-29T01:13:40.000Z,,-,,,,
0001209191-23-021454,2023-03-29T00:48:15.000Z,,-,,,,
0001209191-23-021452,2023-03-29T00:24:42.000Z,,-,,,,
0001209191-23-021447,2023-03-29T00:03:01.000Z,,-,,,,
0001209191-23-021442,2023-03-28T23:08:20.000Z,,-,,,,
0001209191-23-021439,2023-03-28T22:37:28.000Z,,-,,,,
0001209191-23-019177,2023-03-16T18:54:19.000Z,0001295084,S,21229.0,100.0,2122900.0,0.0
0001209191-23-019177,2023-03-16T18:54:19.000Z,0001295084,S,8054.0,100.005,805440.27,0.0
0001209191-23-019177,2023-03-16T18:54:19.000Z,0001295084,S,7216.0,100.01,721672.16,0.0
0001209191-23-019177,2023-03-16T18:54:19.000Z,0001295084,S,301.0,100.015,30104.515,0.0
0001209191-23-019177,2023-03-16T18:54:19.000Z,0001295084,S,700.0,100.04,70028.0,0.0
0001209191-23-019177,2023-03-16T18:54:19.000Z,0001295084,S,22878.0,100.0,2287800.0,0.0
0001209191-23-019177,2023-03-16T18:54:19.000Z,0001295084,S,14622.0,100.005,1462273.1099999999,0.0
0001209191-23-018969,2023-03-15T21:43:43.000Z,0001861206,P,119798.0,0.0,0.0,0.0
0001209191-23-018969,2023-03-15T21:43:43.000Z,0001861206,P,152251.0,0.0,0.0,0.0
0001209191-23-018969,2023-03-15T21:43:43.000Z,0001861206,P,126938.0,0.0,0.0,0.0
0001209191-23-018969,2023-03-15T21:43:43.000Z,0001861206,P,16013.0,0.0,0.0,0.0
0001209191-23-018969,2023-03-15T21:43:43.000Z,0001861206,P,169156.0,0.0,0.0,0.0
0001209191-23-018969,2023-03-15T21:43:43.000Z,0001861206,P,55051.0,0.0,0.0,0.0
0001209191-23-017789,2023-03-10T21:05:21.000Z,,-,,,,
0001209191-23-014259,2023-03-01T22:25:21.000Z,0001738007,S,637.0,90.15,57425.55,0.0
0001209191-23-013907,2023-03-01T00:57:04.000Z,,-,,,,
0001209191-23-013904,2023-03-01T00:41:02.000Z,0001244892,S,380.0,90.05,34219.0,0.0
0001209191-23-007919,2023-02-09T01:11:42.000Z,,-,,,,
0001209191-23-005986,2023-02-01T23:13:51.000Z,0001738007,S,637.0,99.87,63617.19,0.0
0001209191-23-005184,2023-01-27T19:05:19.000Z,0001244892,S,340.0,96.92,32952.8,0.0
0001209191-23-005130,2023-01-27T02:10:41.000Z,,-,,,,
0001209191-23-004849,2023-01-25T21:44:44.000Z,0001238734,S,11313.0,100.0,1131300.0,0.0
0001209191-23-002483,2023-01-07T00:48:31.000Z,,-,,,,
0001209191-23-001423,2023-01-05T00:35:45.000Z,0001738007,S,855.0,91.15,77933.25,0.0
0001209191-23-000414,2023-01-03T23:27:06.000Z,0001286672,S,18327.0,0.0,0.0,0.0
0001209191-23-000414,2023-01-03T23:27:06.000Z,0001286672,S,3344.0,0.0,0.0,0.0
0001209191-23-000414,2023-01-03T23:27:06.000Z,0001286672,S,532.0,0.0,0.0,0.0
0001209191-22-062875,2022-12-29T02:01:22.000Z,,-,,,,
0001209191-22-062870,2022-12-29T01:24:15.000Z,,-,,,,
0001209191-22-062866,2022-12-29T00:51:01.000Z,,-,,,,
0001209191-22-062864,2022-12-29T00:34:23.000Z,0001244892,S,380.0,89.24,33911.2,0.0
0001209191-22-062862,2022-12-28T23:57:05.000Z,,-,,,,
0001209191-22-062857,2022-12-28T23:30:22.000Z,,-,,,,
0001209191-22-062853,2022-12-28T22:59:30.000Z,,-,,,,
0001209191-22-062355,2022-12-21T22:11:51.000Z,,-,,,,
0001209191-22-061722,2022-12-16T22:34:18.000Z,,-,,,,
0001209191-22-059251,2022-12-02T00:43:08.000Z,0001738007,S,855.0,101.1311,86467.0905,0.0
0001209191-22-058929,2022-11-29T19:39:50.000Z,,-,,,,
0001209191-22-058906,2022-11-29T01:09:13.000Z,,-,,,,
0001209191-22-058904,2022-11-29T00:59:56.000Z,0001244892,S,360.0,98.48,35452.8,0.0
0001209191-22-056458,2022-11-11T00:00:57.000Z,0001861206,P,14264.0,0.0,0.0,0.0
0001209191-22-056458,2022-11-11T00:00:57.000Z,0001861206,P,25159.0,0.0,0.0,0.0
0001209191-22-056458,2022-11-11T00:00:57.000Z,0001861206,P,128911.0,0.0,0.0,0.0
0001209191-22-056458,2022-11-11T00:00:57.000Z,0001861206,P,42833.0,0.0,0.0,0.0
0001209191-22-056458,2022-11-11T00:00:57.000Z,0001861206,P,10568.0,0.0,0.0,0.0
0001209191-22-056129,2022-11-08T22:11:05.000Z,0001861206,P,121424.0,0.0,0.0,0.0
0001209191-22-056129,2022-11-08T22:11:05.000Z,0001861206,P,141028.0,0.0,0.0,0.0
0001209191-22-056129,2022-11-08T22:11:05.000Z,0001861206,P,15041.0,0.0,0.0,0.0
0001209191-22-056129,2022-11-08T22:11:05.000Z,0001861206,P,136376.0,0.0,0.0,0.0
0001209191-22-056129,2022-11-08T22:11:05.000Z,0001861206,P,65421.0,0.0,0.0,0.0
0001209191-22-056129,2022-11-08T22:11:05.000Z,0001861206,P,100.0,36.41,3640.9999999999995,0.0
0001209191-22-056122,2022-11-08T22:04:16.000Z,0001733338,S,47690.0,0.0,0.0,0.0
0001209191-22-056122,2022-11-08T22:04:16.000Z,0001733338,S,651.0,0.0,0.0,0.0
0001209191-22-056122,2022-11-08T22:04:16.000Z,0001733338,S,242.0,32.9,7961.799999999999,0.0
0001209191-22-056122,2022-11-08T22:04:16.000Z,0001733338,S,47690.0,0.0,0.0,0.0
0001209191-22-056122,2022-11-08T22:04:16.000Z,0001733338,S,650.0,0.0,0.0,0.0
0001209191-22-056122,2022-11-08T22:04:16.000Z,0001733338,S,243.0,32.9,7994.7,0.0
0001209191-22-055791,2022-11-04T20:16:07.000Z,0001733338,S,9349.0,0.0,0.0,0.0
0001209191-22-055791,2022-11-04T20:16:07.000Z,0001733338,S,10372.0,0.0,0.0,0.0
0001209191-22-055791,2022-11-04T20:16:07.000Z,0001733338,S,8930.0,0.0,0.0,0.0
0001209191-22-055791,2022-11-04T20:16:07.000Z,0001733338,S,9350.0,0.0,0.0,0.0
0001209191-22-055791,2022-11-04T20:16:07.000Z,0001733338,S,10372.0,0.0,0.0,0.0
0001209191-22-055791,2022-11-04T20:16:07.000Z,0001733338,S,8930.0,0.0,0.0,0.0
0001209191-22-055791,2022-11-04T20:16:07.000Z,0001733338,S,22279.0,0.0,0.0,0.0
0001209191-22-055791,2022-11-04T20:16:07.000Z,0001733338,S,25535.0,0.0,0.0,0.0
0001209191-22-055791,2022-11-04T20:16:07.000Z,0001733338,S,1755.0,0.0,0.0,0.0
0001209191-22-055791,2022-11-04T20:16:07.000Z,0001733338,S,22279.0,0.0,0.0,0.0
0001209191-22-055791,2022-11-04T20:16:07.000Z,0001733338,S,25534.0,0.0,0.0,0.0
0001209191-22-055791,2022-11-04T20:16:07.000Z,0001733338,S,1755.0,0.0,0.0,0.0
0001209191-22-055607,2022-11-03T21:49:11.000Z,0001244892,S,260.0,86.31,22440.600000000002,0.0
0001209191-22-055561,2022-11-03T21:29:11.000Z,0001738007,S,855.0,90.85,77676.75,0.0
0001209191-22-055288,2022-11-02T20:25:36.000Z,0001733338,S,23732.0,0.0,0.0,0.0
0001209191-22-055288,2022-11-02T20:25:36.000Z,0001733338,S,23276.0,0.0,0.0,0.0
0001209191-22-055288,2022-11-02T20:25:36.000Z,0001733338,S,6601.0,0.0,0.0,0.0
0001209191-22-055288,2022-11-02T20:25:36.000Z,0001733338,S,88.0,0.0,0.0,0.0
0001209191-22-055288,2022-11-02T20:25:36.000Z,0001733338,S,23732.0,0.0,0.0,0.0
0001209191-22-055288,2022-11-02T20:25:36.000Z,0001733338,S,23275.0,0.0,0.0,0.0
0001209191-22-055288,2022-11-02T20:25:36.000Z,0001733338,S,6601.0,0.0,0.0,0.0
0001209191-22-055288,2022-11-02T20:25:36.000Z,0001733338,S,88.0,0.0,0.0,0.0
0001209191-22-055288,2022-11-02T20:25:36.000Z,0001733338,S,29326.0,0.0,0.0,0.0
0001209191-22-055288,2022-11-02T20:25:36.000Z,0001733338,S,2377.0,0.0,0.0,0.0
0001209191-22-055288,2022-11-02T20:25:36.000Z,0001733338,S,260.0,0.0,0.0,0.0
0001209191-22-055288,2022-11-02T20:25:36.000Z,0001733338,S,29326.0,0.0,0.0,0.0
0001209191-22-055288,2022-11-02T20:25:36.000Z,0001733338,S,2377.0,0.0,0.0,0.0
0001209191-22-055288,2022-11-02T20:25:36.000Z,0001733338,S,260.0,0.0,0.0,0.0
0001628280-22-027126,2022-10-27T00:02:00.000Z,0001845038,P,0.0,17.0,0.0,0.0
0001209191-22-054677,2022-10-26T23:15:27.000Z,,-,,,,
0001209191-22-054572,2022-10-25T22:41:04.000Z,0001244892,S,280.0,103.23,28904.4,0.0
0001209191-22-052966,2022-10-06T19:55:51.000Z,0001837573,S,76678.0,0.0,0.0,0.0
0001209191-22-052920,2022-10-06T01:37:40.000Z,0001738007,S,855.0,101.04,86389.20000000001,0.0
0001209191-22-052328,2022-10-04T20:49:51.000Z,0001286672,S,12237.0,0.0,0.0,0.0
0001209191-22-052328,2022-10-04T20:49:51.000Z,0001286672,S,6158.0,0.0,0.0,0.0
0001209191-22-052328,2022-10-04T20:49:51.000Z,0001286672,S,3813.0,0.0,0.0,0.0
0001209191-22-051975,2022-10-03T23:21:42.000Z,0001238734,S,34809.0,100.0047,3481063.6023,0.0
