hour,messages,bullish,bearish
2026-10-01 00:00:00,1,1,0
2026-10-01 01:00:00,1,0,1
2026-10-01 02:00:00,1,0,1
2026-10-01 03:00:00,6,2,4
2026-10-01 04:00:00,4,2,2
2026-10-01 05:00:00,4,2,2
2026-10-01 06:00:00,4,1,3
2026-10-01 07:00:00,4,0,4
2026-10-01 08:00:00,5,0,5
2026-10-01 09:00:00,1,1,0
2026-10-01 10:00:00,1,1,0
2026-10-01 11:00:00,6,4,1
2026-10-01 12:00:00,5,2,0
2026-10-01 13:00:00,2,1,0
2026-10-01 14:00:00,4,0,1
2026-10-01 15:00:00,5,1,1
2026-10-01 16:00:00,8,7,0
2026-10-01 17:00:00,6,2,0
2026-10-01 18:00:00,7,2,1
2026-10-01 19:00:00,10,2,5
2026-10-01 20:00:00,12,8,0
2026-10-01 21:00:00,2,2,0
