id,label,family,candidate,s_events,s_ic,s_icir,s_return,s_sharpe,s_max_dd,s_trades,s_avg_r,s_sr_daily,s_n_days,s_skew,s_kurt,s_rand_avg_r,s_rand_return,v_events,v_ic,v_icir,v_return,v_sharpe,v_max_dd,v_trades,v_avg_r,v_sr_daily,v_n_days,v_skew,v_kurt,v_rand_avg_r,v_rand_return,months,pos_months,longest_bad_run,ic_first_half,ic_second_half,regimes_positive,regimes_seen,breadth,s_dsr,gates_passed,failed
ce271c7be3,"donchian(n=20, trend_ma=100) | stop_atr=2.0, rr=2.0",donchian,"{""family"": ""donchian"", ""params"": {""n"": 20, ""trend_ma"": 100}, ""rule"": {""stop_atr"": 2.0, ""rr"": 2.0}, ""short"": false, ""trend"": true, ""notes"": """"}",4262,-0.4051290161951847,-0.4642465592929318,-0.15313469899661747,-0.2822331059711979,-0.31006192004357613,1397,-0.02707283264462481,-0.014772755941226387,720,1.101214249574606,9.68065151840146,0.04777653407250688,0.4470827849760435,902,-0.13106676274521947,-0.12585955133059926,-0.04371388966174161,-0.34032025971189783,-0.13146880115460846,320,-0.03290047322059601,-0.017813176527532185,180,1.7828944810172491,14.996403733566762,-0.0312116285849679,-0.052739966675973804,29,0.4827586206896552,4,-0.19734282023986907,-0.30467839360175664,1,3,0.4090909090909091,2.6575166197031557e-06,1,search: positive edge (IC); search: ICIR >= 0.2 (stable month to month); search: beats random entries (avg R); search: deflated Sharpe >= 0.90; validation: positive edge; validation: beats random entries; validation: makes money after costs; shelf life: positive in >= 55% of months; shelf life: no decay (2nd half >= half of 1st); shelf life: positive in every market regime seen; shelf life: works on >= 55% of assets
4c699ab7db,"donchian(n=20, trend_ma=100) | stop_atr=1.5, rr=2.0, max_bars=12",donchian,"{""family"": ""donchian"", ""params"": {""n"": 20, ""trend_ma"": 100}, ""rule"": {""stop_atr"": 1.5, ""rr"": 2.0, ""max_bars"": 12}, ""short"": false, ""trend"": true, ""notes"": """"}",4262,-0.2483033388872556,-0.4960256183083951,-0.6214876520316492,-2.4151056416559733,-0.6424205743630564,1862,-0.13053961138335735,-0.12641240684253247,720,1.3775385356179466,14.930099563528863,-0.08957593418723163,-0.584649799652007,944,-0.18957255285821764,-0.2634015046108226,-0.3282789319782482,-4.20957790916421,-0.3477437929876541,441,-0.25849796889276616,-0.22033937816638413,180,1.1200020371573238,9.427909924514442,-0.15632541788372667,-0.32519186203021255,29,0.4482758620689655,4,-0.21769109213282276,-0.15608730595248216,1,3,0.5,4.006121097334293e-12,1,search: positive edge (IC); search: ICIR >= 0.2 (stable month to month); search: beats random entries (avg R); search: deflated Sharpe >= 0.90; validation: positive edge; validation: beats random entries; validation: makes money after costs; shelf life: positive in >= 55% of months; shelf life: no decay (2nd half >= half of 1st); shelf life: positive in every market regime seen; shelf life: works on >= 55% of assets
ee06f48212,"donchian(n=20, trend_ma=100) | stop_atr=2.5, rr=None, trail_atr=3.0",donchian,"{""family"": ""donchian"", ""params"": {""n"": 20, ""trend_ma"": 100}, ""rule"": {""stop_atr"": 2.5, ""rr"": null, ""trail_atr"": 3.0}, ""short"": false, ""trend"": true, ""notes"": """"}",4262,-0.4051290161951847,-0.4642465592929318,0.20681027451641398,0.578265309264236,-0.19560903023733422,1039,0.03968095497665844,0.030267789647292948,720,1.1837239948948652,10.22587024037066,0.08593498984098706,0.8048884177444814,902,-0.13106676274521947,-0.12585955133059926,-0.08167137341099295,-0.8293532920606785,-0.16414049446491752,249,-0.09550272003666313,-0.04341033533435075,180,0.7891869891910552,10.504718190282961,-0.06446907522133956,-0.09206303574115782,29,0.4827586206896552,4,-0.19734282023986907,-0.30467839360175664,1,3,0.4090909090909091,0.0002901354368854003,1,search: positive edge (IC); search: ICIR >= 0.2 (stable month to month); search: beats random entries (avg R); search: deflated Sharpe >= 0.90; validation: positive edge; validation: beats random entries; validation: makes money after costs; shelf life: positive in >= 55% of months; shelf life: no decay (2nd half >= half of 1st); shelf life: positive in every market regime seen; shelf life: works on >= 55% of assets
c94c32d4a8,"donchian(n=20, trend_ma=200) | stop_atr=2.0, rr=2.0",donchian,"{""family"": ""donchian"", ""params"": {""n"": 20, ""trend_ma"": 200}, ""rule"": {""stop_atr"": 2.0, ""rr"": 2.0}, ""short"": false, ""trend"": true, ""notes"": """"}",4241,-0.4337962184314916,-0.47437082270018477,-0.014162585145718776,0.07584813855105277,-0.2526801730404603,1374,0.00397276693429988,0.003970073020155805,720,1.3948772616313114,13.222897020464396,0.056440520331108884,0.5006019691090887,895,-0.10300569067263234,-0.10001824776101884,-0.02391628258335199,-0.1354261154175186,-0.11869049801081322,317,-0.00242686082639295,-0.007088526855299261,180,1.8938387713912743,15.240512581006456,-0.020373552037512687,-0.035403697690067605,29,0.4827586206896552,4,-0.19758845347709636,-0.315798831786143,1,3,0.45454545454545453,2.0783768232623716e-05,2,search: positive edge (IC); search: ICIR >= 0.2 (stable month to month); search: beats random entries (avg R); search: deflated Sharpe >= 0.90; validation: positive edge; validation: makes money after costs; shelf life: positive in >= 55% of months; shelf life: no decay (2nd half >= half of 1st); shelf life: positive in every market regime seen; shelf life: works on >= 55% of assets
2289724c9e,"donchian(n=20, trend_ma=200) | stop_atr=1.5, rr=2.0, max_bars=12",donchian,"{""family"": ""donchian"", ""params"": {""n"": 20, ""trend_ma"": 200}, ""rule"": {""stop_atr"": 1.5, ""rr"": 2.0, ""max_bars"": 12}, ""short"": false, ""trend"": true, ""notes"": """"}",4241,-0.26555407818706966,-0.5033585144673772,-0.5366470971762773,-1.9358360714995837,-0.5701127133461781,1819,-0.09505387399860593,-0.10132629100359415,720,1.3398877201023478,13.967058913418171,-0.08090422889684236,-0.5389090348661579,938,-0.15661919080561576,-0.21413655873731602,-0.3175257694947904,-3.9844182403786728,-0.33200926351639926,438,-0.2538977202690162,-0.2085539824619002,180,1.1154598413217056,9.140959184850967,-0.14882520719184747,-0.3039510594201147,29,0.4482758620689655,4,-0.2266687001721144,-0.15034401699439448,1,3,0.5,8.208092721354513e-11,1,search: positive edge (IC); search: ICIR >= 0.2 (stable month to month); search: beats random entries (avg R); search: deflated Sharpe >= 0.90; validation: positive edge; validation: beats random entries; validation: makes money after costs; shelf life: positive in >= 55% of months; shelf life: no decay (2nd half >= half of 1st); shelf life: positive in every market regime seen; shelf life: works on >= 55% of assets
5e9d26ca3b,"donchian(n=20, trend_ma=200) | stop_atr=2.5, rr=None, trail_atr=3.0",donchian,"{""family"": ""donchian"", ""params"": {""n"": 20, ""trend_ma"": 200}, ""rule"": {""stop_atr"": 2.5, ""rr"": null, ""trail_atr"": 3.0}, ""short"": false, ""trend"": true, ""notes"": """"}",4241,-0.4337962184314916,-0.47437082270018477,0.3510282086437426,0.8492622503400447,-0.18614879235557102,1016,0.0707395631678472,0.04445241783807782,720,1.3838174530392902,12.328401175616252,0.09562254992035452,0.9352711686736388,895,-0.10300569067263234,-0.10001824776101884,-0.05233687292139988,-0.48429777762510917,-0.14589051645119622,243,-0.05483587834472111,-0.025349304246625768,180,0.7875498907748751,10.328731903664128,-0.060879526416202756,-0.08120445377854675,29,0.4827586206896552,4,-0.19758845347709636,-0.315798831786143,1,3,0.45454545454545453,0.0010026593806055104,2,search: positive edge (IC); search: ICIR >= 0.2 (stable month to month); search: beats random entries (avg R); search: deflated Sharpe >= 0.90; validation: positive edge; validation: makes money after costs; shelf life: positive in >= 55% of months; shelf life: no decay (2nd half >= half of 1st); shelf life: positive in every market regime seen; shelf life: works on >= 55% of assets
acf85221ce,"donchian(n=55, trend_ma=100) | stop_atr=2.0, rr=2.0",donchian,"{""family"": ""donchian"", ""params"": {""n"": 55, ""trend_ma"": 100}, ""rule"": {""stop_atr"": 2.0, ""rr"": 2.0}, ""short"": false, ""trend"": true, ""notes"": """"}",3198,-0.44693508379321895,-0.4686431122554171,-0.061606642699045144,-0.07550218594146434,-0.18676159319264785,1093,-0.0038816192679330674,-0.003951965032961695,720,0.5006828937071433,7.511385818520193,0.05067202556993328,0.3634222148100798,686,-0.19238687829443832,-0.1525168220551973,0.03171990672923308,0.4274396401801278,-0.10577711377107946,256,0.02646780796529985,0.022373213313363203,180,0.7351466422734746,9.27930724795618,-0.03446051073973617,-0.05907115889337888,29,0.41379310344827586,5,-0.32594563980145325,-0.25912518767432896,1,3,0.45454545454545453,8.717159261913793e-06,3,search: positive edge (IC); search: ICIR >= 0.2 (stable month to month); search: beats random entries (avg R); search: deflated Sharpe >= 0.90; validation: positive edge; shelf life: positive in >= 55% of months; shelf life: no decay (2nd half >= half of 1st); shelf life: positive in every market regime seen; shelf life: works on >= 55% of assets
3f54615eac,"donchian(n=55, trend_ma=100) | stop_atr=1.5, rr=2.0, max_bars=12",donchian,"{""family"": ""donchian"", ""params"": {""n"": 55, ""trend_ma"": 100}, ""rule"": {""stop_atr"": 1.5, ""rr"": 2.0, ""max_bars"": 12}, ""short"": false, ""trend"": true, ""notes"": """"}",3198,-0.2653916997444466,-0.4915175498649662,-0.4429628132368625,-1.6586909884491954,-0.49563185583098013,1403,-0.10121178480442765,-0.08681985435391168,720,1.0352222229016537,10.166967078579452,-0.06682301750915576,-0.3922130886039332,722,-0.19785200817048446,-0.23787712644936113,-0.23895295425168062,-3.0145306363624615,-0.25948299086181714,353,-0.1916562093560041,-0.15778774504532128,180,1.1791415858574217,8.832990964945715,-0.14526118623255557,-0.2665059599265139,29,0.41379310344827586,5,-0.2950835718819356,-0.1008448211764302,1,3,0.45454545454545453,2.856411947283603e-10,2,search: positive edge (IC); search: ICIR >= 0.2 (stable month to month); search: beats random entries (avg R); search: deflated Sharpe >= 0.90; validation: positive edge; validation: beats random entries; validation: makes money after costs; shelf life: positive in >= 55% of months; shelf life: positive in every market regime seen; shelf life: works on >= 55% of assets
cac7cc1a16,"donchian(n=55, trend_ma=100) | stop_atr=2.5, rr=None, trail_atr=3.0",donchian,"{""family"": ""donchian"", ""params"": {""n"": 55, ""trend_ma"": 100}, ""rule"": {""stop_atr"": 2.5, ""rr"": null, ""trail_atr"": 3.0}, ""short"": false, ""trend"": true, ""notes"": """"}",3198,-0.44693508379321895,-0.4686431122554171,0.2590197102555363,0.7785996065868783,-0.11762256319578368,783,0.048355159883565375,0.040753766020690106,720,0.9959760899212446,8.071059384525833,0.08849454844527106,0.6890881507205527,686,-0.19238687829443832,-0.1525168220551973,-0.02438516347558939,-0.22146057584153536,-0.10821422994856544,188,-0.021948663309535224,-0.011591776330606396,180,0.6417247805044979,12.486652262973724,-0.06041225898709004,-0.09091076499771918,29,0.41379310344827586,5,-0.32594563980145325,-0.25912518767432896,1,3,0.45454545454545453,0.0007859151260786608,2,search: positive edge (IC); search: ICIR >= 0.2 (stable month to month); search: beats random entries (avg R); search: deflated Sharpe >= 0.90; validation: positive edge; validation: makes money after costs; shelf life: positive in >= 55% of months; shelf life: no decay (2nd half >= half of 1st); shelf life: positive in every market regime seen; shelf life: works on >= 55% of assets
273753fd8a,"donchian(n=55, trend_ma=200) | stop_atr=2.0, rr=2.0",donchian,"{""family"": ""donchian"", ""params"": {""n"": 55, ""trend_ma"": 200}, ""rule"": {""stop_atr"": 2.0, ""rr"": 2.0}, ""short"": false, ""trend"": true, ""notes"": """"}",3157,-0.46213714070517187,-0.482514759823657,0.004945187387948025,0.10665040272560022,-0.17046531259857234,1076,0.007761991634204679,0.005582337214045969,720,0.5475924392187067,7.673613670676813,0.05171947197631264,0.36740181941785144,681,-0.17531318190955994,-0.13709116184380166,0.04099975665409117,0.5250793347161319,-0.10577711377107946,254,0.038341055831187326,0.027483908504817755,180,0.7546072259346177,9.454328294748862,-0.03329726603461428,-0.05720700383956719,29,0.41379310344827586,5,-0.3068246963287963,-0.2655320689047311,1,3,0.45454545454545453,2.5588859780987165e-05,3,search: positive edge (IC); search: ICIR >= 0.2 (stable month to month); search: beats random entries (avg R); search: deflated Sharpe >= 0.90; validation: positive edge; shelf life: positive in >= 55% of months; shelf life: no decay (2nd half >= half of 1st); shelf life: positive in every market regime seen; shelf life: works on >= 55% of assets
0d3e53f41a,"donchian(n=55, trend_ma=200) | stop_atr=1.5, rr=2.0, max_bars=12",donchian,"{""family"": ""donchian"", ""params"": {""n"": 55, ""trend_ma"": 200}, ""rule"": {""stop_atr"": 1.5, ""rr"": 2.0, ""max_bars"": 12}, ""short"": false, ""trend"": true, ""notes"": """"}",3157,-0.26066562487849526,-0.5252180010752694,-0.39971673623895887,-1.4528530812840963,-0.46349843489923304,1379,-0.08485332000119754,-0.07604580587530003,720,1.0386851280029588,10.40139739885113,-0.0631477975758132,-0.3629595080122465,717,-0.18375996284582227,-0.21670207122028415,-0.23933951209779403,-3.007910951742837,-0.25985908240949596,351,-0.18838560553704392,-0.15744125491632988,180,1.129385498205086,8.826140605553448,-0.1437579922554891,-0.26344480161702716,29,0.41379310344827586,5,-0.2635796753569503,-0.10346391625130698,1,3,0.45454545454545453,1.238482500231113e-09,2,search: positive edge (IC); search: ICIR >= 0.2 (stable month to month); search: beats random entries (avg R); search: deflated Sharpe >= 0.90; validation: positive edge; validation: beats random entries; validation: makes money after costs; shelf life: positive in >= 55% of months; shelf life: positive in every market regime seen; shelf life: works on >= 55% of assets
58041f7e87,"donchian(n=55, trend_ma=200) | stop_atr=2.5, rr=None, trail_atr=3.0",donchian,"{""family"": ""donchian"", ""params"": {""n"": 55, ""trend_ma"": 200}, ""rule"": {""stop_atr"": 2.5, ""rr"": null, ""trail_atr"": 3.0}, ""short"": false, ""trend"": true, ""notes"": """"}",3157,-0.46213714070517187,-0.482514759823657,0.3154339961494288,0.9169185038997747,-0.11107063121948091,764,0.06503734762819871,0.047993708000677024,720,0.9486588643064023,8.126991109631831,0.09480901008359001,0.7422750117518114,681,-0.17531318190955994,-0.13709116184380166,-0.015250481637630764,-0.10786844478732746,-0.10821422994856544,186,-0.009200657856812818,-0.005646092449428883,180,0.6343028061314078,12.612136224736393,-0.05372256010395343,-0.07577066569519479,29,0.41379310344827586,5,-0.3068246963287963,-0.2655320689047311,1,3,0.45454545454545453,0.0014937858492779432,2,search: positive edge (IC); search: ICIR >= 0.2 (stable month to month); search: beats random entries (avg R); search: deflated Sharpe >= 0.90; validation: positive edge; validation: makes money after costs; shelf life: positive in >= 55% of months; shelf life: no decay (2nd half >= half of 1st); shelf life: positive in every market regime seen; shelf life: works on >= 55% of assets
5811e53222,"donchian(n=120, trend_ma=100) | stop_atr=2.0, rr=2.0",donchian,"{""family"": ""donchian"", ""params"": {""n"": 120, ""trend_ma"": 100}, ""rule"": {""stop_atr"": 2.0, ""rr"": 2.0}, ""short"": false, ""trend"": true, ""notes"": """"}",2624,-0.5189169511123957,-0.45193947115308575,0.028523145528522642,0.168832380941553,-0.20439378633104388,897,0.045035880355155954,0.008837090709267291,720,0.5621854298305258,8.2824027496995,0.06274392765342386,0.4550691668841161,563,-0.07072773353193633,-0.04904707048082001,0.16457503256407668,1.811488269402182,-0.09228680221971186,209,0.17834350512595212,0.0948176295696648,180,1.0638945009367227,9.068718636692907,0.002503890018493521,-0.006194874459587478,29,0.3793103448275862,5,-0.3639071948881318,-0.2200802069048227,1,3,0.45454545454545453,3.64829500031585e-05,3,search: positive edge (IC); search: ICIR >= 0.2 (stable month to month); search: beats random entries (avg R); search: deflated Sharpe >= 0.90; validation: positive edge; shelf life: positive in >= 55% of months; shelf life: no decay (2nd half >= half of 1st); shelf life: positive in every market regime seen; shelf life: works on >= 55% of assets
121c2db7be,"donchian(n=120, trend_ma=100) | stop_atr=1.5, rr=2.0, max_bars=12",donchian,"{""family"": ""donchian"", ""params"": {""n"": 120, ""trend_ma"": 100}, ""rule"": {""stop_atr"": 1.5, ""rr"": 2.0, ""max_bars"": 12}, ""short"": false, ""trend"": true, ""notes"": """"}",2624,-0.23325436905723668,-0.43140884569561855,-0.26656259091591816,-0.9552442098705037,-0.36592514982476054,1160,-0.06440229535840007,-0.04999976713620084,720,1.3494968646170238,13.299503527962049,-0.03662163764480638,-0.22127718180749012,599,-0.11507406253009966,-0.1149116951062537,-0.15743749145324937,-2.066415008850942,-0.18508822302792127,300,-0.14092204858399915,-0.10816110496320512,180,1.3381801029629907,11.660359042304702,-0.15588767662703676,-0.258279610588865,29,0.41379310344827586,5,-0.2746002469123886,-0.005401778560220002,1,3,0.4090909090909091,4.7111638164349104e-08,3,search: positive edge (IC); search: ICIR >= 0.2 (stable month to month); search: beats random entries (avg R); search: deflated Sharpe >= 0.90; validation: positive edge; validation: makes money after costs; shelf life: positive in >= 55% of months; shelf life: positive in every market regime seen; shelf life: works on >= 55% of assets
f776b52ae7,"donchian(n=120, trend_ma=100) | stop_atr=2.5, rr=None, trail_atr=3.0",donchian,"{""family"": ""donchian"", ""params"": {""n"": 120, ""trend_ma"": 100}, ""rule"": {""stop_atr"": 2.5, ""rr"": null, ""trail_atr"": 3.0}, ""short"": false, ""trend"": true, ""notes"": """"}",2624,-0.5189169511123957,-0.45193947115308575,0.21329533893142316,0.7221962764759852,-0.12152072303372374,633,0.0968972558385566,0.03780148079131067,720,0.9463840792202635,9.871650473408591,0.10075556469807621,0.7316192291867729,563,-0.07072773353193633,-0.04904707048082001,0.05843363499138965,0.8069633703010642,-0.08539237632490315,148,0.09348918232222764,0.042238393266960224,180,0.6590720825196995,14.189329661489747,-0.022817690097718026,-0.045730931237601746,29,0.3793103448275862,5,-0.3639071948881318,-0.2200802069048227,1,3,0.45454545454545453,0.0006118201628322273,3,search: positive edge (IC); search: ICIR >= 0.2 (stable month to month); search: beats random entries (avg R); search: deflated Sharpe >= 0.90; validation: positive edge; shelf life: positive in >= 55% of months; shelf life: no decay (2nd half >= half of 1st); shelf life: positive in every market regime seen; shelf life: works on >= 55% of assets
757e542874,"donchian(n=120, trend_ma=200) | stop_atr=2.0, rr=2.0",donchian,"{""family"": ""donchian"", ""params"": {""n"": 120, ""trend_ma"": 200}, ""rule"": {""stop_atr"": 2.0, ""rr"": 2.0}, ""short"": false, ""trend"": true, ""notes"": """"}",2624,-0.5189169511123957,-0.45193947115308575,0.028523145528522642,0.168832380941553,-0.20439378633104388,897,0.045035880355155954,0.008837090709267291,720,0.5621854298305258,8.2824027496995,0.06274392765342386,0.4550691668841161,563,-0.07072773353193633,-0.04904707048082001,0.16457503256407668,1.811488269402182,-0.09228680221971186,209,0.17834350512595212,0.0948176295696648,180,1.0638945009367227,9.068718636692907,0.002503890018493521,-0.006194874459587478,29,0.3793103448275862,5,-0.3639071948881318,-0.2200802069048227,1,3,0.45454545454545453,3.64829500031585e-05,3,search: positive edge (IC); search: ICIR >= 0.2 (stable month to month); search: beats random entries (avg R); search: deflated Sharpe >= 0.90; validation: positive edge; shelf life: positive in >= 55% of months; shelf life: no decay (2nd half >= half of 1st); shelf life: positive in every market regime seen; shelf life: works on >= 55% of assets
4ccf5d7941,"donchian(n=120, trend_ma=200) | stop_atr=1.5, rr=2.0, max_bars=12",donchian,"{""family"": ""donchian"", ""params"": {""n"": 120, ""trend_ma"": 200}, ""rule"": {""stop_atr"": 1.5, ""rr"": 2.0, ""max_bars"": 12}, ""short"": false, ""trend"": true, ""notes"": """"}",2624,-0.23325436905723668,-0.43140884569561855,-0.26656259091591816,-0.9552442098705037,-0.36592514982476054,1160,-0.06440229535840007,-0.04999976713620084,720,1.3494968646170238,13.299503527962049,-0.03662163764480638,-0.22127718180749012,599,-0.11507406253009966,-0.1149116951062537,-0.15743749145324937,-2.066415008850942,-0.18508822302792127,300,-0.14092204858399915,-0.10816110496320512,180,1.3381801029629907,11.660359042304702,-0.15588767662703676,-0.258279610588865,29,0.41379310344827586,5,-0.2746002469123886,-0.005401778560220002,1,3,0.4090909090909091,4.7111638164349104e-08,3,search: positive edge (IC); search: ICIR >= 0.2 (stable month to month); search: beats random entries (avg R); search: deflated Sharpe >= 0.90; validation: positive edge; validation: makes money after costs; shelf life: positive in >= 55% of months; shelf life: positive in every market regime seen; shelf life: works on >= 55% of assets
f8747ca230,"donchian(n=120, trend_ma=200) | stop_atr=2.5, rr=None, trail_atr=3.0",donchian,"{""family"": ""donchian"", ""params"": {""n"": 120, ""trend_ma"": 200}, ""rule"": {""stop_atr"": 2.5, ""rr"": null, ""trail_atr"": 3.0}, ""short"": false, ""trend"": true, ""notes"": """"}",2624,-0.5189169511123957,-0.45193947115308575,0.21329533893142316,0.7221962764759852,-0.12152072303372374,633,0.0968972558385566,0.03780148079131067,720,0.9463840792202635,9.871650473408591,0.10075556469807621,0.7316192291867729,563,-0.07072773353193633,-0.04904707048082001,0.05843363499138965,0.8069633703010642,-0.08539237632490315,148,0.09348918232222764,0.042238393266960224,180,0.6590720825196995,14.189329661489747,-0.022817690097718026,-0.045730931237601746,29,0.3793103448275862,5,-0.3639071948881318,-0.2200802069048227,1,3,0.45454545454545453,0.0006118201628322273,3,search: positive edge (IC); search: ICIR >= 0.2 (stable month to month); search: beats random entries (avg R); search: deflated Sharpe >= 0.90; validation: positive edge; shelf life: positive in >= 55% of months; shelf life: no decay (2nd half >= half of 1st); shelf life: positive in every market regime seen; shelf life: works on >= 55% of assets
f47230924f,"squeeze(n=20, k=2.0, lookback=60, pct=0.1) | stop_atr=2.0, rr=2.0",squeeze,"{""family"": ""squeeze"", ""params"": {""n"": 20, ""k"": 2.0, ""lookback"": 60, ""pct"": 0.1}, ""rule"": {""stop_atr"": 2.0, ""rr"": 2.0}, ""short"": false, ""trend"": true, ""notes"": """"}",1607,-0.6988510543139708,-0.5560578621881713,-0.3309701193804029,-1.41072776162618,-0.3674009728637305,592,-0.1652765568568829,-0.07384086586972871,720,-0.07698999271327528,6.830410568875379,-0.005438327634010577,0.010326375111841202,341,-0.09813756486925479,-0.0651517039103679,-0.10681926892648419,-2.293966326234068,-0.12532502785784405,122,-0.22334063247680327,-0.12007168527672978,180,-0.0881938367347163,6.0510886895015386,-0.1127706661125046,-0.1433230542731466,29,0.41379310344827586,7,-0.2191229922235027,-0.723958456662,1,3,0.4090909090909091,3.4845522248829707e-10,1,search: positive edge (IC); search: ICIR >= 0.2 (stable month to month); search: beats random entries (avg R); search: deflated Sharpe >= 0.90; validation: positive edge; validation: beats random entries; validation: makes money after costs; shelf life: positive in >= 55% of months; shelf life: no decay (2nd half >= half of 1st); shelf life: positive in every market regime seen; shelf life: works on >= 55% of assets
c3d79392be,"squeeze(n=20, k=2.0, lookback=60, pct=0.1) | stop_atr=1.5, rr=2.0, max_bars=12",squeeze,"{""family"": ""squeeze"", ""params"": {""n"": 20, ""k"": 2.0, ""lookback"": 60, ""pct"": 0.1}, ""rule"": {""stop_atr"": 1.5, ""rr"": 2.0, ""max_bars"": 12}, ""short"": false, ""trend"": true, ""notes"": """"}",1607,-0.4199163668586997,-0.5362872167993396,-0.5666057479293376,-3.5288005448526225,-0.5723379899468923,698,-0.2990585070448061,-0.1847058623225243,720,-0.062353201346762546,7.395711794316449,-0.1237451878847412,-0.48372251208702927,342,-0.34276149386027616,-0.6125583619415828,-0.1536425488885993,-3.275921413864212,-0.1596902634084475,150,-0.2843915894519144,-0.17146956365420848,180,-0.41254053380413963,5.945683674971947,-0.2728894741165578,-0.3317499021616598,29,0.3103448275862069,6,-0.31361990032869663,-0.37736556493284296,0,3,0.4090909090909091,1.685677911418667e-19,1,search: positive edge (IC); search: ICIR >= 0.2 (stable month to month); search: beats random entries (avg R); search: deflated Sharpe >= 0.90; validation: positive edge; validation: beats random entries; validation: makes money after costs; shelf life: positive in >= 55% of months; shelf life: no decay (2nd half >= half of 1st); shelf life: positive in every market regime seen; shelf life: works on >= 55% of assets
30d3369271,"squeeze(n=20, k=2.0, lookback=60, pct=0.1) | stop_atr=2.5, rr=None, trail_atr=3.0",squeeze,"{""family"": ""squeeze"", ""params"": {""n"": 20, ""k"": 2.0, ""lookback"": 60, ""pct"": 0.1}, ""rule"": {""stop_atr"": 2.5, ""rr"": null, ""trail_atr"": 3.0}, ""short"": false, ""trend"": true, ""notes"": """"}",1607,-0.6988510543139708,-0.5560578621881713,-0.12271003034991834,-0.40570030636232535,-0.1977495067059114,552,-0.05952195273137207,-0.021235324575221978,720,0.6161862307162664,8.578475420041428,0.030079617107203277,0.08775804168040972,341,-0.09813756486925479,-0.0651517039103679,-0.07260802714848613,-1.340143488041186,-0.1029940452500342,122,-0.15116457553992954,-0.07014631613442487,180,0.8379929051639706,10.344374963764583,-0.12355529565155277,-0.15193059359610261,29,0.41379310344827586,7,-0.2191229922235027,-0.723958456662,1,3,0.4090909090909091,1.1207667726974697e-06,1,search: positive edge (IC); search: ICIR >= 0.2 (stable month to month); search: beats random entries (avg R); search: deflated Sharpe >= 0.90; validation: positive edge; validation: beats random entries; validation: makes money after costs; shelf life: positive in >= 55% of months; shelf life: no decay (2nd half >= half of 1st); shelf life: positive in every market regime seen; shelf life: works on >= 55% of assets
6f81afe98f,"squeeze(n=20, k=2.0, lookback=60, pct=0.2) | stop_atr=2.0, rr=2.0",squeeze,"{""family"": ""squeeze"", ""params"": {""n"": 20, ""k"": 2.0, ""lookback"": 60, ""pct"": 0.2}, ""rule"": {""stop_atr"": 2.0, ""rr"": 2.0}, ""short"": false, ""trend"": true, ""notes"": """"}",2256,-0.48231997359509293,-0.39692959849415876,-0.2890837786717467,-0.9699919569003196,-0.3256565295732844,794,-0.0967383429617135,-0.05077169949617228,720,0.25511995901725076,7.602010566302413,0.01252196057640372,0.04515764035139539,454,-0.21078345469927826,-0.14299675015130583,-0.07266991922603572,-1.1028626952665352,-0.11953645355955178,157,-0.11102492589739388,-0.057726471803482546,180,0.06570851773220564,9.071320439254162,-0.10906788418691978,-0.16638560405146932,29,0.4482758620689655,5,-0.035284681908423945,-0.6268951790060504,1,3,0.3181818181818182,1.8147437618451717e-08,1,search: positive edge (IC); search: ICIR >= 0.2 (stable month to month); search: beats random entries (avg R); search: deflated Sharpe >= 0.90; validation: positive edge; validation: beats random entries; validation: makes money after costs; shelf life: positive in >= 55% of months; shelf life: no decay (2nd half >= half of 1st); shelf life: positive in every market regime seen; shelf life: works on >= 55% of assets
626682875e,"squeeze(n=20, k=2.0, lookback=60, pct=0.2) | stop_atr=1.5, rr=2.0, max_bars=12",squeeze,"{""family"": ""squeeze"", ""params"": {""n"": 20, ""k"": 2.0, ""lookback"": 60, ""pct"": 0.2}, ""rule"": {""stop_atr"": 1.5, ""rr"": 2.0, ""max_bars"": 12}, ""short"": false, ""trend"": true, ""notes"": """"}",2256,-0.36367640503559373,-0.5194605428539857,-0.6108429529742265,-3.093309262786963,-0.6142668884374708,966,-0.2455427094762356,-0.16191120681125945,720,1.033425164542741,15.013748263379576,-0.11899033942415783,-0.5609806848272435,455,-0.3265909665754523,-0.5207350429678584,-0.14485938749727434,-2.7635650289997504,-0.15096986279580593,194,-0.22009415423224965,-0.14465160478121872,180,0.3063286675773428,6.240500528916494,-0.25094971614430955,-0.36879203805232713,29,0.3448275862068966,5,-0.27899712699746604,-0.31387081231432495,0,3,0.45454545454545453,1.409612833183126e-14,2,search: positive edge (IC); search: ICIR >= 0.2 (stable month to month); search: beats random entries (avg R); search: deflated Sharpe >= 0.90; validation: positive edge; validation: makes money after costs; shelf life: positive in >= 55% of months; shelf life: no decay (2nd half >= half of 1st); shelf life: positive in every market regime seen; shelf life: works on >= 55% of assets
b2bfbf8ed3,"squeeze(n=20, k=2.0, lookback=60, pct=0.2) | stop_atr=2.5, rr=None, trail_atr=3.0",squeeze,"{""family"": ""squeeze"", ""params"": {""n"": 20, ""k"": 2.0, ""lookback"": 60, ""pct"": 0.2}, ""rule"": {""stop_atr"": 2.5, ""rr"": null, ""trail_atr"": 3.0}, ""short"": false, ""trend"": true, ""notes"": """"}",2256,-0.48231997359509293,-0.39692959849415876,0.003701750960509731,0.09404860586258851,-0.17826008637472213,703,0.004959952575720833,0.004922729019473705,720,0.7754497978676114,8.551945220657846,0.04052593866469111,0.22974437652064683,454,-0.21078345469927826,-0.14299675015130583,-0.06665347883333816,-0.9779671919512236,-0.10207685861510418,150,-0.11174602630731868,-0.0511891423775646,180,0.9172058063704059,10.731329782420058,-0.09805770210392047,-0.14978681170379585,29,0.4482758620689655,5,-0.035284681908423945,-0.6268951790060504,1,3,0.3181818181818182,2.3561014148999264e-05,1,search: positive edge (IC); search: ICIR >= 0.2 (stable month to month); search: beats random entries (avg R); search: deflated Sharpe >= 0.90; validation: positive edge; validation: beats random entries; validation: makes money after costs; shelf life: positive in >= 55% of months; shelf life: no decay (2nd half >= half of 1st); shelf life: positive in every market regime seen; shelf life: works on >= 55% of assets
7bce34e7e7,"squeeze(n=20, k=2.0, lookback=120, pct=0.1) | stop_atr=2.0, rr=2.0",squeeze,"{""family"": ""squeeze"", ""params"": {""n"": 20, ""k"": 2.0, ""lookback"": 120, ""pct"": 0.1}, ""rule"": {""stop_atr"": 2.0, ""rr"": 2.0}, ""short"": false, ""trend"": true, ""notes"": """"}",1461,-0.6713080757356459,-0.4960832053905276,-0.28194442002131337,-1.2340481402263332,-0.3324648263527513,539,-0.15042400501577227,-0.06459303182224255,720,0.005749714571502396,7.864331361760193,0.03315486809591249,0.17004818332772864,330,-0.45265918330329863,-0.3928915385626344,-0.1226158318002406,-2.437958951959489,-0.1481596591879092,119,-0.2764182383734306,-0.12760860377485622,180,0.42405177590639553,8.269846849801965,-0.11781782497336805,-0.13180176585553394,29,0.3793103448275862,5,-0.17678113300659998,-0.8884301682707998,0,3,0.36363636363636365,1.7782897404662862e-09,1,search: positive edge (IC); search: ICIR >= 0.2 (stable month to month); search: beats random entries (avg R); search: deflated Sharpe >= 0.90; validation: positive edge; validation: beats random entries; validation: makes money after costs; shelf life: positive in >= 55% of months; shelf life: no decay (2nd half >= half of 1st); shelf life: positive in every market regime seen; shelf life: works on >= 55% of assets
2ddfd5cb96,"squeeze(n=20, k=2.0, lookback=120, pct=0.1) | stop_atr=1.5, rr=2.0, max_bars=12",squeeze,"{""family"": ""squeeze"", ""params"": {""n"": 20, ""k"": 2.0, ""lookback"": 120, ""pct"": 0.1}, ""rule"": {""stop_atr"": 1.5, ""rr"": 2.0, ""max_bars"": 12}, ""short"": false, ""trend"": true, ""notes"": """"}",1461,-0.3900807761577116,-0.5284087323655979,-0.4770933023850398,-2.7976947527101834,-0.48371716483133176,625,-0.25584942952394163,-0.14643803616736223,720,0.4141361268299853,9.799894646975012,-0.09390900023079383,-0.36802803085191765,331,-0.5605936939363788,-1.5515924540055295,-0.15454032598837975,-3.2590105916650427,-0.16058162537051646,143,-0.2936560087286113,-0.170584410765237,180,0.13687180193853316,7.549811022772059,-0.26475301537242296,-0.29718294671470213,29,0.3103448275862069,6,-0.3053177029807606,-0.4132537475971448,0,3,0.22727272727272727,6.043877689572932e-15,1,search: positive edge (IC); search: ICIR >= 0.2 (stable month to month); search: beats random entries (avg R); search: deflated Sharpe >= 0.90; validation: positive edge; validation: beats random entries; validation: makes money after costs; shelf life: positive in >= 55% of months; shelf life: no decay (2nd half >= half of 1st); shelf life: positive in every market regime seen; shelf life: works on >= 55% of assets
f9b420ce1a,"squeeze(n=20, k=2.0, lookback=120, pct=0.1) | stop_atr=2.5, rr=None, trail_atr=3.0",squeeze,"{""family"": ""squeeze"", ""params"": {""n"": 20, ""k"": 2.0, ""lookback"": 120, ""pct"": 0.1}, ""rule"": {""stop_atr"": 2.5, ""rr"": null, ""trail_atr"": 3.0}, ""short"": false, ""trend"": true, ""notes"": """"}",1461,-0.6713080757356459,-0.4960832053905276,-0.14077107222150143,-0.5154857568763138,-0.20480743811481028,495,-0.06045818765355746,-0.02698175769035854,720,0.8748235026990728,10.368389327380232,0.049166019792767045,0.17408460264243056,330,-0.45265918330329863,-0.3928915385626344,-0.09560339774897952,-1.7204705406370022,-0.1211353042842187,115,-0.21050543396827295,-0.09005354390811254,180,1.1621137130531483,15.491504594391504,-0.12178826700198105,-0.13401090867725937,29,0.3793103448275862,5,-0.17678113300659998,-0.8884301682707998,0,3,0.36363636363636365,5.982919470908791e-07,1,search: positive edge (IC); search: ICIR >= 0.2 (stable month to month); search: beats random entries (avg R); search: deflated Sharpe >= 0.90; validation: positive edge; validation: beats random entries; validation: makes money after costs; shelf life: positive in >= 55% of months; shelf life: no decay (2nd half >= half of 1st); shelf life: positive in every market regime seen; shelf life: works on >= 55% of assets
300d350cbb,"squeeze(n=20, k=2.0, lookback=120, pct=0.2) | stop_atr=2.0, rr=2.0",squeeze,"{""family"": ""squeeze"", ""params"": {""n"": 20, ""k"": 2.0, ""lookback"": 120, ""pct"": 0.2}, ""rule"": {""stop_atr"": 2.0, ""rr"": 2.0}, ""short"": false, ""trend"": true, ""notes"": """"}",2225,-0.45316352342885624,-0.38882142170052963,-0.3622366353570743,-1.359592938818177,-0.3814201603410029,772,-0.14803594945471993,-0.07116434691621668,720,-0.024931606791322666,6.915756282130209,0.018507677422613205,0.083145288214256,445,-0.26819268042018396,-0.19778849182250954,-0.06712234093920155,-1.0271748310666553,-0.11177103870710925,156,-0.11672408700037025,-0.053764787926284884,180,1.1699375620873596,9.562100033788216,-0.0798960460549611,-0.12681565556314947,29,0.4827586206896552,5,0.018513503750710553,-0.6552449346936924,1,3,0.45454545454545453,5.838112274915271e-10,1,search: positive edge (IC); search: ICIR >= 0.2 (stable month to month); search: beats random entries (avg R); search: deflated Sharpe >= 0.90; validation: positive edge; validation: beats random entries; validation: makes money after costs; shelf life: positive in >= 55% of months; shelf life: no decay (2nd half >= half of 1st); shelf life: positive in every market regime seen; shelf life: works on >= 55% of assets
99c6e4d468,"squeeze(n=20, k=2.0, lookback=120, pct=0.2) | stop_atr=1.5, rr=2.0, max_bars=12",squeeze,"{""family"": ""squeeze"", ""params"": {""n"": 20, ""k"": 2.0, ""lookback"": 120, ""pct"": 0.2}, ""rule"": {""stop_atr"": 1.5, ""rr"": 2.0, ""max_bars"": 12}, ""short"": false, ""trend"": true, ""notes"": """"}",2225,-0.32542236860413865,-0.5404082079726649,-0.5838912702609022,-2.9677689052617118,-0.5867497332551015,929,-0.23296380090847998,-0.15534012417333495,720,0.6592672001935685,10.656056213254566,-0.10474260917959188,-0.5044261293664933,448,-0.39201562707326304,-0.7432691153511123,-0.13800829025163674,-2.4676660065988965,-0.14419689823868242,201,-0.1952693497545507,-0.12916354208165226,180,0.5979527618521858,6.830010762849021,-0.23957419038841996,-0.35235152455081004,29,0.3448275862068966,6,-0.19835324232383103,-0.35822348326246745,0,3,0.4090909090909091,4.279694968777597e-15,2,search: positive edge (IC); search: ICIR >= 0.2 (stable month to month); search: beats random entries (avg R); search: deflated Sharpe >= 0.90; validation: positive edge; validation: makes money after costs; shelf life: positive in >= 55% of months; shelf life: no decay (2nd half >= half of 1st); shelf life: positive in every market regime seen; shelf life: works on >= 55% of assets
07ee7b714c,"squeeze(n=20, k=2.0, lookback=120, pct=0.2) | stop_atr=2.5, rr=None, trail_atr=3.0",squeeze,"{""family"": ""squeeze"", ""params"": {""n"": 20, ""k"": 2.0, ""lookback"": 120, ""pct"": 0.2}, ""rule"": {""stop_atr"": 2.5, ""rr"": null, ""trail_atr"": 3.0}, ""short"": false, ""trend"": true, ""notes"": """"}",2225,-0.45316352342885624,-0.38882142170052963,-0.030405228897140146,-0.015307106660130736,-0.20214812775086566,674,0.0034480999838161336,-0.0008012105811552416,720,0.728079198206842,7.788172086679289,0.04809978000371475,0.2822175052770087,445,-0.26819268042018396,-0.19778849182250954,-0.047285141744901726,-0.6555872780072409,-0.09942253750873209,151,-0.0843046267536508,-0.0343150064654791,180,1.0495179878063559,11.320616454005549,-0.0738996671493314,-0.11809466146229208,29,0.4827586206896552,5,0.018513503750710553,-0.6552449346936924,1,3,0.45454545454545453,1.254263680654046e-05,1,search: positive edge (IC); search: ICIR >= 0.2 (stable month to month); search: beats random entries (avg R); search: deflated Sharpe >= 0.90; validation: positive edge; validation: beats random entries; validation: makes money after costs; shelf life: positive in >= 55% of months; shelf life: no decay (2nd half >= half of 1st); shelf life: positive in every market regime seen; shelf life: works on >= 55% of assets
4d15a621d6,"rsi2(rsi_n=2, threshold=5.0, trend_ma=100) | stop_atr=2.0, rr=2.0",rsi2,"{""family"": ""rsi2"", ""params"": {""rsi_n"": 2, ""threshold"": 5.0, ""trend_ma"": 100}, ""rule"": {""stop_atr"": 2.0, ""rr"": 2.0}, ""short"": false, ""trend"": true, ""notes"": """"}",1676,-0.167293410136971,-0.15255715598066844,-0.013002952790107547,0.05252297404005495,-0.2299940358709287,806,0.004588416069745575,0.002749178109814953,720,0.23390578616555704,14.600721044024283,0.0478903962586999,0.22738708201634647,332,0.08094481989615017,0.06903092285218679,-0.006509904691758606,0.03311356560435373,-0.141924247564846,188,0.017445863148550268,0.0017332432399579211,180,-2.2867945874807245,21.895831442597558,-0.0765124325151534,-0.1043253724971442,29,0.4482758620689655,5,0.15653218733878146,-0.17386945039827423,1,3,0.5454545454545454,1.883424855872211e-05,3,search: positive edge (IC); search: ICIR >= 0.2 (stable month to month); search: beats random entries (avg R); search: deflated Sharpe >= 0.90; validation: makes money after costs; shelf life: positive in >= 55% of months; shelf life: no decay (2nd half >= half of 1st); shelf life: positive in every market regime seen; shelf life: works on >= 55% of assets
3b6dcde6e6,"rsi2(rsi_n=2, threshold=5.0, trend_ma=100) | stop_atr=1.5, rr=2.0, max_bars=12",rsi2,"{""family"": ""rsi2"", ""params"": {""rsi_n"": 2, ""threshold"": 5.0, ""trend_ma"": 100}, ""rule"": {""stop_atr"": 1.5, ""rr"": 2.0, ""max_bars"": 12}, ""short"": false, ""trend"": true, ""notes"": """"}",1676,-0.1804383927627879,-0.33213661208975287,-0.5432893550616661,-2.299328664826705,-0.5679955626270965,1020,-0.18496504135155398,-0.12035236290677127,720,0.5448786234963113,27.726125155763576,-0.07241792011744669,-0.3180129104622496,335,-0.25761281923188123,-0.30033105794167936,-0.025373207351754967,-0.24133629578134874,-0.10177061537148213,232,-0.03270479278614023,-0.01263211906012656,180,-2.495706557549484,22.29720061626666,-0.19389606216831645,-0.24337304655577027,29,0.41379310344827586,5,-0.021503462314964757,-0.25614144349571316,1,3,0.45454545454545453,2.9267933892351554e-12,2,search: positive edge (IC); search: ICIR >= 0.2 (stable month to month); search: beats random entries (avg R); search: deflated Sharpe >= 0.90; validation: positive edge; validation: makes money after costs; shelf life: positive in >= 55% of months; shelf life: no decay (2nd half >= half of 1st); shelf life: positive in every market regime seen; shelf life: works on >= 55% of assets
100e061510,"rsi2(rsi_n=2, threshold=5.0, trend_ma=100) | stop_atr=2.5, rr=None, trail_atr=3.0",rsi2,"{""family"": ""rsi2"", ""params"": {""rsi_n"": 2, ""threshold"": 5.0, ""trend_ma"": 100}, ""rule"": {""stop_atr"": 2.5, ""rr"": null, ""trail_atr"": 3.0}, ""short"": false, ""trend"": true, ""notes"": """"}",1676,-0.167293410136971,-0.15255715598066844,-0.041960574067560374,-0.01620127832611588,-0.26945407530975873,822,0.014959279535124975,-0.0008480136652431387,720,1.16526982598942,14.514536089607393,0.08491784358514516,0.40228165139158983,332,0.08094481989615017,0.06903092285218679,0.11228285639905944,1.1836494976263887,-0.12424981304532146,194,0.1617348242245088,0.06195504630195403,180,-0.21763068859434803,17.62981442556141,-0.08558141201617471,-0.10385520787937257,29,0.4482758620689655,5,0.15653218733878146,-0.17386945039827423,1,3,0.5454545454545454,1.2520466418304e-05,4,search: positive edge (IC); search: ICIR >= 0.2 (stable month to month); search: beats random entries (avg R); search: deflated Sharpe >= 0.90; shelf life: positive in >= 55% of months; shelf life: no decay (2nd half >= half of 1st); shelf life: positive in every market regime seen; shelf life: works on >= 55% of assets
1065447e41,"rsi2(rsi_n=2, threshold=5.0, trend_ma=200) | stop_atr=2.0, rr=2.0",rsi2,"{""family"": ""rsi2"", ""params"": {""rsi_n"": 2, ""threshold"": 5.0, ""trend_ma"": 200}, ""rule"": {""stop_atr"": 2.0, ""rr"": 2.0}, ""short"": false, ""trend"": true, ""notes"": """"}",2324,-0.1704410681534006,-0.15877115387157753,-0.15877922742456152,-0.3329028992069174,-0.26384747816895027,1013,-0.02122696645963016,-0.017424934134453927,720,0.22294453309473608,11.315232702601461,0.03675997850200518,0.212698935562501,464,0.11937710032271005,0.13037520542790956,-0.05289102061259021,-0.40316337373098377,-0.16440446456301894,237,-0.04966243224670695,-0.021102535452297587,180,-1.9529882351770833,17.653084270718196,-0.060208692449461976,-0.09746138939464226,29,0.41379310344827586,7,0.15777835768262619,-0.17589306405397104,1,3,0.4090909090909091,1.6582805751746144e-06,3,search: positive edge (IC); search: ICIR >= 0.2 (stable month to month); search: beats random entries (avg R); search: deflated Sharpe >= 0.90; validation: makes money after costs; shelf life: positive in >= 55% of months; shelf life: no decay (2nd half >= half of 1st); shelf life: positive in every market regime seen; shelf life: works on >= 55% of assets
81187f706f,"rsi2(rsi_n=2, threshold=5.0, trend_ma=200) | stop_atr=1.5, rr=2.0, max_bars=12",rsi2,"{""family"": ""rsi2"", ""params"": {""rsi_n"": 2, ""threshold"": 5.0, ""trend_ma"": 200}, ""rule"": {""stop_atr"": 1.5, ""rr"": 2.0, ""max_bars"": 12}, ""short"": false, ""trend"": true, ""notes"": """"}",2324,-0.12680411234846978,-0.19363660430902502,-0.5772285211875727,-2.210304048144643,-0.5891962415371472,1342,-0.15790573079955278,-0.11569260149968978,720,1.070109440268706,25.59865135935323,-0.07658475902750723,-0.39314564176083994,469,-0.34425611551498486,-0.4966916880112428,-0.09156727923495966,-0.9430848663302072,-0.17164950184570416,292,-0.09754726876095339,-0.049363318007002444,180,-2.2595334645112786,18.37197828254953,-0.16266647208683502,-0.2616876703029562,29,0.3793103448275862,5,0.08762401617068002,-0.3169222952360729,1,3,0.4090909090909091,1.5328372681206316e-11,2,search: positive edge (IC); search: ICIR >= 0.2 (stable month to month); search: beats random entries (avg R); search: deflated Sharpe >= 0.90; validation: positive edge; validation: makes money after costs; shelf life: positive in >= 55% of months; shelf life: no decay (2nd half >= half of 1st); shelf life: positive in every market regime seen; shelf life: works on >= 55% of assets
8769385cbe,"rsi2(rsi_n=2, threshold=5.0, trend_ma=200) | stop_atr=2.5, rr=None, trail_atr=3.0",rsi2,"{""family"": ""rsi2"", ""params"": {""rsi_n"": 2, ""threshold"": 5.0, ""trend_ma"": 200}, ""rule"": {""stop_atr"": 2.5, ""rr"": null, ""trail_atr"": 3.0}, ""short"": false, ""trend"": true, ""notes"": """"}",2324,-0.1704410681534006,-0.15877115387157753,-0.04090163353341947,0.006627221086896034,-0.32370871474861307,1069,0.0179378806153644,0.00034688460571757017,720,0.7320889302909465,10.75377567272965,0.07241170347216662,0.40873567760328827,464,0.11937710032271005,0.13037520542790956,0.12153023256720052,1.200227495477893,-0.1407913636139302,228,0.12789119562015974,0.06282277836836668,180,-0.15085961677915136,17.562040537856756,-0.06899353533846415,-0.10352739142604057,29,0.41379310344827586,7,0.15777835768262619,-0.17589306405397104,1,3,0.4090909090909091,1.4257808903193039e-05,4,search: positive edge (IC); search: ICIR >= 0.2 (stable month to month); search: beats random entries (avg R); search: deflated Sharpe >= 0.90; shelf life: positive in >= 55% of months; shelf life: no decay (2nd half >= half of 1st); shelf life: positive in every market regime seen; shelf life: works on >= 55% of assets
d4217e2e49,"rsi2(rsi_n=2, threshold=10.0, trend_ma=100) | stop_atr=2.0, rr=2.0",rsi2,"{""family"": ""rsi2"", ""params"": {""rsi_n"": 2, ""threshold"": 10.0, ""trend_ma"": 100}, ""rule"": {""stop_atr"": 2.0, ""rr"": 2.0}, ""short"": false, ""trend"": true, ""notes"": """"}",3586,-0.2568294019294142,-0.2383464603470497,-0.09694079535495581,-0.13856871530208134,-0.21835537650968706,1175,-0.007973616876583272,-0.007253018051170198,720,-0.14091883407405179,8.420089366783607,0.02893072169346575,0.3433648723994331,764,-0.1977432166725014,-0.16357436962683775,-0.021960277471393397,-0.0667161474064773,-0.17112608631336457,282,0.011519918411440287,-0.0034920827575605265,180,-3.136582012353743,29.735343117055397,-0.03152483402060186,-0.06494756164806308,29,0.41379310344827586,5,0.059787925697226796,-0.359915699246258,1,3,0.5909090909090909,5.659924893645308e-06,3,search: positive edge (IC); search: ICIR >= 0.2 (stable month to month); search: beats random entries (avg R); search: deflated Sharpe >= 0.90; validation: positive edge; validation: makes money after costs; shelf life: positive in >= 55% of months; shelf life: no decay (2nd half >= half of 1st); shelf life: positive in every market regime seen
2ed578c368,"rsi2(rsi_n=2, threshold=10.0, trend_ma=100) | stop_atr=1.5, rr=2.0, max_bars=12",rsi2,"{""family"": ""rsi2"", ""params"": {""rsi_n"": 2, ""threshold"": 10.0, ""trend_ma"": 100}, ""rule"": {""stop_atr"": 1.5, ""rr"": 2.0, ""max_bars"": 12}, ""short"": false, ""trend"": true, ""notes"": """"}",3586,-0.17135935603347258,-0.3394342010624759,-0.6426708802741361,-2.3069519553297595,-0.6516830756862177,1822,-0.13206000357638856,-0.12075138416858662,720,-0.010360927421057015,13.147034728561524,-0.09806699333371387,-0.5786660633679994,774,-0.13899331101868437,-0.19621146216708032,-0.1756817852216832,-1.552805440492493,-0.22704367004581838,434,-0.13543466843199092,-0.08127755146820054,180,-2.979948089143944,26.9084738851432,-0.1760170723951057,-0.3541478493553755,29,0.3793103448275862,5,-0.013122261931296064,-0.21827202700779252,1,3,0.5454545454545454,1.710093370271442e-13,2,search: positive edge (IC); search: ICIR >= 0.2 (stable month to month); search: beats random entries (avg R); search: deflated Sharpe >= 0.90; validation: positive edge; validation: makes money after costs; shelf life: positive in >= 55% of months; shelf life: no decay (2nd half >= half of 1st); shelf life: positive in every market regime seen; shelf life: works on >= 55% of assets
0486d5b4c8,"rsi2(rsi_n=2, threshold=10.0, trend_ma=100) | stop_atr=2.5, rr=None, trail_atr=3.0",rsi2,"{""family"": ""rsi2"", ""params"": {""rsi_n"": 2, ""threshold"": 10.0, ""trend_ma"": 100}, ""rule"": {""stop_atr"": 2.5, ""rr"": null, ""trail_atr"": 3.0}, ""short"": false, ""trend"": true, ""notes"": """"}",3586,-0.2568294019294142,-0.2383464603470497,0.1918235520207412,0.48983119410754583,-0.25602517602022645,1248,0.04493891179253312,0.025638936502682,720,0.7760357364467891,11.538463929594123,0.08171948613871975,0.6811197270800848,764,-0.1977432166725014,-0.16357436962683775,0.06903510939588076,0.7372073118831441,-0.1416466852860545,295,0.07597842252249391,0.03858719429480624,180,-0.7523942871162845,15.490605358221657,-0.07276506423644606,-0.1288889933834061,29,0.41379310344827586,5,0.059787925697226796,-0.359915699246258,1,3,0.5909090909090909,0.0002011444027782625,4,search: positive edge (IC); search: ICIR >= 0.2 (stable month to month); search: beats random entries (avg R); search: deflated Sharpe >= 0.90; validation: positive edge; shelf life: positive in >= 55% of months; shelf life: no decay (2nd half >= half of 1st); shelf life: positive in every market regime seen
a3da147e93,"rsi2(rsi_n=2, threshold=10.0, trend_ma=200) | stop_atr=2.0, rr=2.0",rsi2,"{""family"": ""rsi2"", ""params"": {""rsi_n"": 2, ""threshold"": 10.0, ""trend_ma"": 200}, ""rule"": {""stop_atr"": 2.0, ""rr"": 2.0}, ""short"": false, ""trend"": true, ""notes"": """"}",4689,-0.29712060208096147,-0.28004064118286986,-0.12494555326634926,-0.16619119278244962,-0.3471784882395784,1390,-0.008842015110535936,-0.00869884460261362,720,-0.0625415897277498,9.495687038853731,0.044218168050860485,0.43995939841800974,963,-0.08282472352889625,-0.08007176589073327,-0.07790665232294647,-0.5071136923162437,-0.19463499193657252,342,-0.03545184794200065,-0.026543543803137504,180,-2.612072514012918,24.26437109999418,-0.010292262093988565,-0.036287744150851196,29,0.41379310344827586,5,0.059366772503386255,-0.3749066308309005,1,3,0.5454545454545454,4.758199803810249e-06,1,search: positive edge (IC); search: ICIR >= 0.2 (stable month to month); search: beats random entries (avg R); search: deflated Sharpe >= 0.90; validation: positive edge; validation: beats random entries; validation: makes money after costs; shelf life: positive in >= 55% of months; shelf life: no decay (2nd half >= half of 1st); shelf life: positive in every market regime seen; shelf life: works on >= 55% of assets
3fbd3c6355,"rsi2(rsi_n=2, threshold=10.0, trend_ma=200) | stop_atr=1.5, rr=2.0, max_bars=12",rsi2,"{""family"": ""rsi2"", ""params"": {""rsi_n"": 2, ""threshold"": 10.0, ""trend_ma"": 200}, ""rule"": {""stop_atr"": 1.5, ""rr"": 2.0, ""max_bars"": 12}, ""short"": false, ""trend"": true, ""notes"": """"}",4689,-0.17961118860145192,-0.34181965011129306,-0.610673463419438,-1.8164070213993924,-0.6181340967243824,2276,-0.11604898181963588,-0.09507508881612763,720,-0.034407656700785626,10.968911766667675,-0.09697198966848981,-0.6144997826911877,974,-0.1726323936856792,-0.2592239295761,-0.2839844522758953,-2.5443453998347647,-0.3051018617437642,503,-0.1727128865070106,-0.13317712496058784,180,-3.3580664618564526,27.11340706091347,-0.14425278215099324,-0.3113126864611397,29,0.3448275862068966,5,0.02436563654965843,-0.28198177227671944,1,3,0.5,1.2017712225289433e-11,1,search: positive edge (IC); search: ICIR >= 0.2 (stable month to month); search: beats random entries (avg R); search: deflated Sharpe >= 0.90; validation: positive edge; validation: beats random entries; validation: makes money after costs; shelf life: positive in >= 55% of months; shelf life: no decay (2nd half >= half of 1st); shelf life: positive in every market regime seen; shelf life: works on >= 55% of assets
0eab9861e5,"rsi2(rsi_n=2, threshold=10.0, trend_ma=200) | stop_atr=2.5, rr=None, trail_atr=3.0",rsi2,"{""family"": ""rsi2"", ""params"": {""rsi_n"": 2, ""threshold"": 10.0, ""trend_ma"": 200}, ""rule"": {""stop_atr"": 2.5, ""rr"": null, ""trail_atr"": 3.0}, ""short"": false, ""trend"": true, ""notes"": """"}",4689,-0.29712060208096147,-0.28004064118286986,0.35929316756824936,0.7239927711115363,-0.29149713895530815,1542,0.05401761845457519,0.03789551361821591,720,0.49329518343616047,9.37518509974036,0.0821569655245092,0.7654928774855495,963,-0.08282472352889625,-0.08007176589073327,0.1375980665555987,1.272189023746986,-0.12089440070710955,332,0.1292638858538202,0.06658941690858619,180,0.07370408124829268,10.272501078037145,-0.05531301025392199,-0.09648445469217555,29,0.41379310344827586,5,0.059366772503386255,-0.3749066308309005,1,3,0.5454545454545454,0.0006803452285199629,3,search: positive edge (IC); search: ICIR >= 0.2 (stable month to month); search: beats random entries (avg R); search: deflated Sharpe >= 0.90; validation: positive edge; shelf life: positive in >= 55% of months; shelf life: no decay (2nd half >= half of 1st); shelf life: positive in every market regime seen; shelf life: works on >= 55% of assets
c10c2ed2a1,"rsi2(rsi_n=3, threshold=5.0, trend_ma=100) | stop_atr=2.0, rr=2.0",rsi2,"{""family"": ""rsi2"", ""params"": {""rsi_n"": 3, ""threshold"": 5.0, ""trend_ma"": 100}, ""rule"": {""stop_atr"": 2.0, ""rr"": 2.0}, ""short"": false, ""trend"": true, ""notes"": """"}",260,-0.06578659331115677,-0.030848833958549413,0.0055149157575782315,0.07425712346415884,-0.13270535053574606,169,0.019635689065442847,0.0038867954843875823,720,5.247083590100376,89.53855605437938,0.03967110682756734,0.03497661763269836,52,0.8983010610823712,0.4835778520093719,0.0077369189890694745,0.26415561506142293,-0.030348871685539458,34,0.06133394009379109,0.013826536820968053,180,-0.18927425693337505,9.470034583869474,0.034024183652813074,0.0037679394590252047,28,0.5357142857142857,6,0.1890131320356711,0.4911821525821919,2,3,0.5,1.8043480240015445e-05,5,search: positive edge (IC); search: ICIR >= 0.2 (stable month to month); search: beats random entries (avg R); search: deflated Sharpe >= 0.90; shelf life: positive in >= 55% of months; shelf life: positive in every market regime seen; shelf life: works on >= 55% of assets
d3de75154f,"rsi2(rsi_n=3, threshold=5.0, trend_ma=100) | stop_atr=1.5, rr=2.0, max_bars=12",rsi2,"{""family"": ""rsi2"", ""params"": {""rsi_n"": 3, ""threshold"": 5.0, ""trend_ma"": 100}, ""rule"": {""stop_atr"": 1.5, ""rr"": 2.0, ""max_bars"": 12}, ""short"": false, ""trend"": true, ""notes"": """"}",260,-0.10002368096520121,-0.0759165403743679,-0.09883160444127914,-0.5512476043476584,-0.1715630744998241,181,-0.12772689954460287,-0.028853618338610953,720,12.189395030669333,261.32201701530244,-0.019471847764369,-0.020679589928466118,52,0.25744847253272446,0.25326889259729357,-0.0111699942372816,-0.3909861819210218,-0.030427038393897154,36,-0.07461858387274428,-0.020465152101967213,180,-1.6673338110168294,16.854630047448605,0.05041574048108322,0.008636293825238154,28,0.5714285714285714,4,0.06106882588165864,-0.05504522907009744,1,3,0.5,1.3980300698186955e-05,3,search: positive edge (IC); search: ICIR >= 0.2 (stable month to month); search: beats random entries (avg R); search: deflated Sharpe >= 0.90; validation: beats random entries; validation: makes money after costs; shelf life: no decay (2nd half >= half of 1st); shelf life: positive in every market regime seen; shelf life: works on >= 55% of assets
9515df6876,"rsi2(rsi_n=3, threshold=5.0, trend_ma=100) | stop_atr=2.5, rr=None, trail_atr=3.0",rsi2,"{""family"": ""rsi2"", ""params"": {""rsi_n"": 3, ""threshold"": 5.0, ""trend_ma"": 100}, ""rule"": {""stop_atr"": 2.5, ""rr"": null, ""trail_atr"": 3.0}, ""short"": false, ""trend"": true, ""notes"": """"}",260,-0.06578659331115677,-0.030848833958549413,0.01170682387625166,0.11481900428223825,-0.1180347465445738,169,0.032942598981865384,0.006009901360931169,720,5.583897226621373,85.93753562851549,0.11055902312128302,0.10748027900402739,52,0.8983010610823712,0.4835778520093719,0.04274130039979429,1.252691456980657,-0.03141870402304758,35,0.31001309381665837,0.06556886762080655,180,2.0905115404630172,17.106871022398316,-0.021242442684057658,-0.005232565841701249,28,0.5357142857142857,6,0.1890131320356711,0.4911821525821919,2,3,0.5,2.0620209717120293e-05,5,search: positive edge (IC); search: ICIR >= 0.2 (stable month to month); search: beats random entries (avg R); search: deflated Sharpe >= 0.90; shelf life: positive in >= 55% of months; shelf life: positive in every market regime seen; shelf life: works on >= 55% of assets
76030bf7cb,"rsi2(rsi_n=3, threshold=5.0, trend_ma=200) | stop_atr=2.0, rr=2.0",rsi2,"{""family"": ""rsi2"", ""params"": {""rsi_n"": 3, ""threshold"": 5.0, ""trend_ma"": 200}, ""rule"": {""stop_atr"": 2.0, ""rr"": 2.0}, ""short"": false, ""trend"": true, ""notes"": """"}",494,-0.34904591197029733,-0.1938779950751996,-0.10566551617702591,-0.4811108024234255,-0.22429970461325055,307,-0.07901834792504511,-0.02518249034049947,720,2.347580756296978,40.799260242750584,0.08659721812312815,0.15147218473280177,114,1.12147645116275,0.5601898560497057,0.011809908058878271,0.30750255265371546,-0.051509164581597044,64,0.05164793548553889,0.01609541923165115,180,0.4710206822032916,10.694502813353068,-0.01816789841457397,-0.011335113488348703,29,0.4827586206896552,7,-0.010647693968423374,0.22474875675499542,1,3,0.4090909090909091,1.1958287635440839e-06,5,search: positive edge (IC); search: ICIR >= 0.2 (stable month to month); search: beats random entries (avg R); search: deflated Sharpe >= 0.90; shelf life: positive in >= 55% of months; shelf life: positive in every market regime seen; shelf life: works on >= 55% of assets
f28a69013c,"rsi2(rsi_n=3, threshold=5.0, trend_ma=200) | stop_atr=1.5, rr=2.0, max_bars=12",rsi2,"{""family"": ""rsi2"", ""params"": {""rsi_n"": 3, ""threshold"": 5.0, ""trend_ma"": 200}, ""rule"": {""stop_atr"": 1.5, ""rr"": 2.0, ""max_bars"": 12}, ""short"": false, ""trend"": true, ""notes"": """"}",494,-0.33975544532365526,-0.2772039561403919,-0.21348346642290728,-1.1190386324609038,-0.27804649154899075,328,-0.18201030995477768,-0.05857315905326747,720,7.602418938509064,153.70658964610922,-0.018634464569623362,-0.03956397646235451,114,0.18393316922823177,0.13942613527005013,-0.03168961251247393,-0.812886431857621,-0.05401849864874475,68,-0.11401207758917171,-0.042548420478327846,180,-2.4314093631862486,17.338988966669238,-0.10110681480223216,-0.04491308362697181,29,0.4482758620689655,7,-0.02900699273439128,-0.29034016187723716,0,3,0.22727272727272727,2.2024474577960305e-06,2,search: positive edge (IC); search: ICIR >= 0.2 (stable month to month); search: beats random entries (avg R); search: deflated Sharpe >= 0.90; validation: beats random entries; validation: makes money after costs; shelf life: positive in >= 55% of months; shelf life: no decay (2nd half >= half of 1st); shelf life: positive in every market regime seen; shelf life: works on >= 55% of assets
dad07c4a14,"rsi2(rsi_n=3, threshold=5.0, trend_ma=200) | stop_atr=2.5, rr=None, trail_atr=3.0",rsi2,"{""family"": ""rsi2"", ""params"": {""rsi_n"": 3, ""threshold"": 5.0, ""trend_ma"": 200}, ""rule"": {""stop_atr"": 2.5, ""rr"": null, ""trail_atr"": 3.0}, ""short"": false, ""trend"": true, ""notes"": """"}",494,-0.34904591197029733,-0.1938779950751996,-0.04808168094806209,-0.20132937009896576,-0.18262724328404112,302,-0.023951066105123618,-0.010538060862981754,720,2.9010374148646885,40.835222464652944,0.13605025640059537,0.2571035170800378,114,1.12147645116275,0.5601898560497057,0.10159511220113737,2.1929644334493563,-0.030861660641812727,62,0.40492135852316563,0.11478500458568877,180,1.9178206146793493,13.236589990177137,-0.004174503471749608,-0.006650342827440999,29,0.4827586206896552,7,-0.010647693968423374,0.22474875675499542,1,3,0.4090909090909091,5.238435486869565e-06,5,search: positive edge (IC); search: ICIR >= 0.2 (stable month to month); search: beats random entries (avg R); search: deflated Sharpe >= 0.90; shelf life: positive in >= 55% of months; shelf life: positive in every market regime seen; shelf life: works on >= 55% of assets
ad240baf26,"rsi2(rsi_n=3, threshold=10.0, trend_ma=100) | stop_atr=2.0, rr=2.0",rsi2,"{""family"": ""rsi2"", ""params"": {""rsi_n"": 3, ""threshold"": 10.0, ""trend_ma"": 100}, ""rule"": {""stop_atr"": 2.0, ""rr"": 2.0}, ""short"": false, ""trend"": true, ""notes"": """"}",1077,-0.11582899392901998,-0.082209585355154,-0.031103076863478796,-0.02428620643516989,-0.20004880622302434,573,-0.010523136765372134,-0.0012711981437132315,720,1.505806088308075,22.77259438093339,0.08028332845348247,0.27505365135172616,215,0.310572615103075,0.29475465264627404,0.05094217591324246,0.8461003448012359,-0.04247948164667559,129,0.10328925290698,0.04428691613807952,180,0.10298358412134326,8.338633774770518,-0.07149083605828968,-0.06519175191613351,28,0.5357142857142857,4,0.18340960892318922,-0.05176982781102869,1,3,0.5909090909090909,1.201057074741364e-05,5,search: positive edge (IC); search: ICIR >= 0.2 (stable month to month); search: beats random entries (avg R); search: deflated Sharpe >= 0.90; shelf life: positive in >= 55% of months; shelf life: no decay (2nd half >= half of 1st); shelf life: positive in every market regime seen
c017328473,"rsi2(rsi_n=3, threshold=10.0, trend_ma=100) | stop_atr=1.5, rr=2.0, max_bars=12",rsi2,"{""family"": ""rsi2"", ""params"": {""rsi_n"": 3, ""threshold"": 10.0, ""trend_ma"": 100}, ""rule"": {""stop_atr"": 1.5, ""rr"": 2.0, ""max_bars"": 12}, ""short"": false, ""trend"": true, ""notes"": """"}",1077,-0.16252769109857138,-0.21836419766582746,-0.3326421874822636,-1.4278746662544775,-0.3740879497644396,660,-0.15687648334181567,-0.07473837587781108,720,3.4319988485691093,60.53830941760786,-0.052093876218055855,-0.1754159923477393,216,-0.35875752310661896,-0.4051677194882506,-0.012129509860115406,-0.15321300834519977,-0.06271736485351898,154,-0.005053588365081492,-0.008019535381989162,180,0.00864460945214545,8.902968082666725,-0.1980259897112525,-0.1704010426679287,28,0.35714285714285715,7,0.03891158899910051,-0.35740109450407126,1,3,0.45454545454545453,4.282161989544427e-08,2,search: positive edge (IC); search: ICIR >= 0.2 (stable month to month); search: beats random entries (avg R); search: deflated Sharpe >= 0.90; validation: positive edge; validation: makes money after costs; shelf life: positive in >= 55% of months; shelf life: no decay (2nd half >= half of 1st); shelf life: positive in every market regime seen; shelf life: works on >= 55% of assets
d7647d9d4c,"rsi2(rsi_n=3, threshold=10.0, trend_ma=100) | stop_atr=2.5, rr=None, trail_atr=3.0",rsi2,"{""family"": ""rsi2"", ""params"": {""rsi_n"": 3, ""threshold"": 10.0, ""trend_ma"": 100}, ""rule"": {""stop_atr"": 2.5, ""rr"": null, ""trail_atr"": 3.0}, ""short"": false, ""trend"": true, ""notes"": """"}",1077,-0.11582899392901998,-0.082209585355154,0.025583944849562723,0.1592025165109596,-0.20246337226614086,587,0.026263142888610685,0.008333040567839975,720,1.7603540734630672,21.183113472715075,0.09718556128724044,0.32717630977011214,215,0.310572615103075,0.29475465264627404,0.12628558745396523,1.6968873109996567,-0.05744210046186515,136,0.25115944680553187,0.08881914125170003,180,2.2906652655524886,14.196952994008456,-0.05881135835546784,-0.056790742855085896,28,0.5357142857142857,4,0.18340960892318922,-0.05176982781102869,1,3,0.5909090909090909,3.179608072560045e-05,5,search: positive edge (IC); search: ICIR >= 0.2 (stable month to month); search: beats random entries (avg R); search: deflated Sharpe >= 0.90; shelf life: positive in >= 55% of months; shelf life: no decay (2nd half >= half of 1st); shelf life: positive in every market regime seen
ddf0895007,"rsi2(rsi_n=3, threshold=10.0, trend_ma=200) | stop_atr=2.0, rr=2.0",rsi2,"{""family"": ""rsi2"", ""params"": {""rsi_n"": 3, ""threshold"": 10.0, ""trend_ma"": 200}, ""rule"": {""stop_atr"": 2.0, ""rr"": 2.0}, ""short"": false, ""trend"": true, ""notes"": """"}",1662,-0.12857942263020702,-0.09707251382902113,-0.07077903706652533,-0.11601888075351331,-0.2970270333294821,810,-0.02425330013950196,-0.006072705765853019,720,1.0309966539145374,15.72598735829171,0.06515119749537501,0.31088197444465404,333,0.40994210923818825,0.34373412173751566,-0.016430065369583136,-0.14842775157792357,-0.06903287690388638,171,0.002572664324732861,-0.0077690635952162536,180,-0.40706628608796763,9.265469077739358,-0.05005553260211206,-0.0702914014088506,29,0.4827586206896552,6,0.21290621309036425,-0.07495759926083397,1,3,0.5,7.035651288427527e-06,3,search: positive edge (IC); search: ICIR >= 0.2 (stable month to month); search: beats random entries (avg R); search: deflated Sharpe >= 0.90; validation: makes money after costs; shelf life: positive in >= 55% of months; shelf life: no decay (2nd half >= half of 1st); shelf life: positive in every market regime seen; shelf life: works on >= 55% of assets
99784ba37a,"rsi2(rsi_n=3, threshold=10.0, trend_ma=200) | stop_atr=1.5, rr=2.0, max_bars=12",rsi2,"{""family"": ""rsi2"", ""params"": {""rsi_n"": 3, ""threshold"": 10.0, ""trend_ma"": 200}, ""rule"": {""stop_atr"": 1.5, ""rr"": 2.0, ""max_bars"": 12}, ""short"": false, ""trend"": true, ""notes"": """"}",1662,-0.12775895378383167,-0.16237348038817648,-0.3441896774984806,-1.2530383966951595,-0.37567766609250886,970,-0.11702920112605,-0.06558702727543327,720,2.486587293649358,40.8252047727977,-0.05925701430227931,-0.26643715429256254,335,-0.37803399428734297,-0.4424194592452029,-0.08423799416209887,-1.2433132068832247,-0.10395888464970482,203,-0.11177620727339194,-0.06507798757550354,180,-1.2606754355490695,10.118003923978552,-0.18520991417418922,-0.22431068923430095,29,0.3793103448275862,7,0.13905039430341765,-0.39432339136144723,1,3,0.2727272727272727,2.9722292844924398e-08,2,search: positive edge (IC); search: ICIR >= 0.2 (stable month to month); search: beats random entries (avg R); search: deflated Sharpe >= 0.90; validation: positive edge; validation: makes money after costs; shelf life: positive in >= 55% of months; shelf life: no decay (2nd half >= half of 1st); shelf life: positive in every market regime seen; shelf life: works on >= 55% of assets
a052cec00c,"rsi2(rsi_n=3, threshold=10.0, trend_ma=200) | stop_atr=2.5, rr=None, trail_atr=3.0",rsi2,"{""family"": ""rsi2"", ""params"": {""rsi_n"": 3, ""threshold"": 10.0, ""trend_ma"": 200}, ""rule"": {""stop_atr"": 2.5, ""rr"": null, ""trail_atr"": 3.0}, ""short"": false, ""trend"": true, ""notes"": """"}",1662,-0.12857942263020702,-0.09707251382902113,0.04126376941800558,0.20243223600214047,-0.2570818089295326,836,0.03925725597888191,0.010595787502694826,720,0.984372156709701,11.792857180442589,0.09467161503852516,0.48660655967829286,333,0.40994210923818825,0.34373412173751566,0.12123137975910092,1.522278927797362,-0.06563166360526662,170,0.1770218025441415,0.079679720766412,180,1.73299020457755,10.123523823079363,-0.06673547008384267,-0.08071962825626922,29,0.4827586206896552,6,0.21290621309036425,-0.07495759926083397,1,3,0.5,4.254188182734153e-05,4,search: positive edge (IC); search: ICIR >= 0.2 (stable month to month); search: beats random entries (avg R); search: deflated Sharpe >= 0.90; shelf life: positive in >= 55% of months; shelf life: no decay (2nd half >= half of 1st); shelf life: positive in every market regime seen; shelf life: works on >= 55% of assets
810b5e7f8a,"opening_range(n_open=1) | stop_atr=2.0, rr=2.0",opening_range,"{""family"": ""opening_range"", ""params"": {""n_open"": 1}, ""rule"": {""stop_atr"": 2.0, ""rr"": 2.0}, ""short"": false, ""trend"": true, ""notes"": """"}",2474,-0.3078663736755023,-0.3065280075751248,0.7536442155049741,1.6737483732894367,-0.17859488812161173,1173,0.15298076680494385,0.08760799389761463,495,0.30922942051521807,4.46635930023043,0.16224006882697586,0.827278733060259,534,-0.29661649493897796,-0.41511115927972514,0.08462466102284316,1.099388874911254,-0.179207866989328,270,0.057054589793478945,0.05754464373580903,121,-0.6458073844595946,8.127803176003173,0.12782854356075704,0.1468565110986162,28,0.42857142857142855,5,-0.18221676092807002,-0.30612763878998717,1,3,0.2631578947368421,0.0611872626435646,2,search: positive edge (IC); search: ICIR >= 0.2 (stable month to month); search: beats random entries (avg R); search: deflated Sharpe >= 0.90; validation: positive edge; validation: beats random entries; shelf life: positive in >= 55% of months; shelf life: no decay (2nd half >= half of 1st); shelf life: positive in every market regime seen; shelf life: works on >= 55% of assets
4d523f7706,"opening_range(n_open=1) | stop_atr=1.5, rr=2.0, max_bars=12",opening_range,"{""family"": ""opening_range"", ""params"": {""n_open"": 1}, ""rule"": {""stop_atr"": 1.5, ""rr"": 2.0, ""max_bars"": 12}, ""short"": false, ""trend"": true, ""notes"": """"}",2474,-0.10163866753392072,-0.20711235580793744,0.5913563603213989,1.5452114885310704,-0.13963238963334734,1663,0.09839484416456193,0.0808800658558396,495,0.3364487376530453,4.214009972961586,0.0849405180973699,0.5249853312383239,552,-0.19138845529071472,-0.47922881139500806,-0.12358153661093874,-1.4053040623646373,-0.2521193040307911,378,-0.15501263942286025,-0.07355697647548608,121,-1.0002608622097655,9.923874373620432,0.011444718427561895,0.006946811423727994,28,0.42857142857142855,5,-0.03886885104382281,-0.1347615445655602,1,3,0.3684210526315789,0.04482140877724466,2,search: positive edge (IC); search: ICIR >= 0.2 (stable month to month); search: deflated Sharpe >= 0.90; validation: positive edge; validation: beats random entries; validation: makes money after costs; shelf life: positive in >= 55% of months; shelf life: no decay (2nd half >= half of 1st); shelf life: positive in every market regime seen; shelf life: works on >= 55% of assets
a58924136b,"opening_range(n_open=1) | stop_atr=2.5, rr=None, trail_atr=3.0",opening_range,"{""family"": ""opening_range"", ""params"": {""n_open"": 1}, ""rule"": {""stop_atr"": 2.5, ""rr"": null, ""trail_atr"": 3.0}, ""short"": false, ""trend"": true, ""notes"": """"}",2474,-0.3078663736755023,-0.3065280075751248,0.988758530663407,2.023593271005451,-0.15374921140659614,1038,0.20199725752078027,0.10591971276368346,495,0.8982427470017097,6.375279156914461,0.23016125253321654,1.4336962161242912,534,-0.29661649493897796,-0.41511115927972514,0.11752402398534367,1.4859694700424295,-0.15690956724369254,235,0.11758470740519249,0.07777919688589095,121,0.21235970779850544,7.06054690454822,0.03965174915994198,0.0098437770355199,28,0.42857142857142855,5,-0.18221676092807002,-0.30612763878998717,1,3,0.2631578947368421,0.12103612867448649,3,search: positive edge (IC); search: ICIR >= 0.2 (stable month to month); search: beats random entries (avg R); search: deflated Sharpe >= 0.90; validation: positive edge; shelf life: positive in >= 55% of months; shelf life: no decay (2nd half >= half of 1st); shelf life: positive in every market regime seen; shelf life: works on >= 55% of assets
daf9e8cfae,"opening_range(n_open=2) | stop_atr=2.0, rr=2.0",opening_range,"{""family"": ""opening_range"", ""params"": {""n_open"": 2}, ""rule"": {""stop_atr"": 2.0, ""rr"": 2.0}, ""short"": false, ""trend"": true, ""notes"": """"}",1917,-0.3842290372565254,-0.39011592255531574,0.7652506974283337,1.7922144179152213,-0.17398140992337197,1062,0.14477138332258105,0.09380879007479218,495,0.5006581781285504,6.604867969490588,0.13521878531004197,0.649655092347764,410,-0.4619224923027474,-0.39448087779927504,0.017849674437949714,0.36088153300785314,-0.13315515271958722,227,0.006272715228473511,0.01888940275973402,121,0.3818081565731749,4.548726273240691,0.10252460156490802,0.08725911776385979,28,0.42857142857142855,5,-0.22117819372911357,-0.46904752688748086,1,3,0.21052631578947367,0.0783979677020959,3,search: positive edge (IC); search: ICIR >= 0.2 (stable month to month); search: deflated Sharpe >= 0.90; validation: positive edge; validation: beats random entries; shelf life: positive in >= 55% of months; shelf life: no decay (2nd half >= half of 1st); shelf life: positive in every market regime seen; shelf life: works on >= 55% of assets
3822728f22,"opening_range(n_open=2) | stop_atr=1.5, rr=2.0, max_bars=12",opening_range,"{""family"": ""opening_range"", ""params"": {""n_open"": 2}, ""rule"": {""stop_atr"": 1.5, ""rr"": 2.0, ""max_bars"": 12}, ""short"": false, ""trend"": true, ""notes"": """"}",1917,-0.1565423362169567,-0.2640862253862928,0.5440646152042306,1.4950698521176922,-0.18713650296541162,1372,0.11103771057254998,0.07825553265418132,495,0.41948612125261875,5.653104941467431,0.0702247721675228,0.4053709374528898,425,-0.1760263101100452,-0.24039926907643272,-0.06620448381219612,-0.8263844815691257,-0.17103873011699822,314,-0.07264783651601961,-0.043254940691059195,121,-0.04210571855288723,5.011074877918876,0.029431487728744227,0.017326494434075596,28,0.4642857142857143,5,-0.11356856113319132,-0.14145859865115315,1,3,0.3684210526315789,0.03923413498479166,2,search: positive edge (IC); search: ICIR >= 0.2 (stable month to month); search: deflated Sharpe >= 0.90; validation: positive edge; validation: beats random entries; validation: makes money after costs; shelf life: positive in >= 55% of months; shelf life: no decay (2nd half >= half of 1st); shelf life: positive in every market regime seen; shelf life: works on >= 55% of assets
08c304451f,"opening_range(n_open=2) | stop_atr=2.5, rr=None, trail_atr=3.0",opening_range,"{""family"": ""opening_range"", ""params"": {""n_open"": 2}, ""rule"": {""stop_atr"": 2.5, ""rr"": null, ""trail_atr"": 3.0}, ""short"": false, ""trend"": true, ""notes"": """"}",1917,-0.3842290372565254,-0.39011592255531574,1.0013525409893926,2.1489825771933346,-0.1498817771760148,916,0.20550160430426517,0.1124828890132562,495,1.0184846901468263,7.777350094509755,0.21651573554230807,1.233933118386519,410,-0.4619224923027474,-0.39448087779927504,0.1032926146409856,1.4091256173497482,-0.1340688932870705,195,0.1146615328159665,0.07375700580555618,121,0.29206861026452824,9.884026236294053,0.04575496028697531,0.022244079862483,28,0.42857142857142855,5,-0.22117819372911357,-0.46904752688748086,1,3,0.21052631578947367,0.15267330932039197,3,search: positive edge (IC); search: ICIR >= 0.2 (stable month to month); search: beats random entries (avg R); search: deflated Sharpe >= 0.90; validation: positive edge; shelf life: positive in >= 55% of months; shelf life: no decay (2nd half >= half of 1st); shelf life: positive in every market regime seen; shelf life: works on >= 55% of assets
c38c6c4491,"vwap(k=1.5, trend_ma=200) | stop_atr=2.0, rr=2.0",vwap,"{""family"": ""vwap"", ""params"": {""k"": 1.5, ""trend_ma"": 200}, ""rule"": {""stop_atr"": 2.0, ""rr"": 2.0}, ""short"": false, ""trend"": true, ""notes"": """"}",816,-0.15169685904593316,-0.0963470315206604,-0.28961739023754896,-1.4450073675556694,-0.28961739023754896,372,-0.22683492925224455,-0.07563514244977472,720,-0.4843576840874648,9.457474854284653,-0.15570807749387636,-0.3321615354345567,166,-0.8502745207767824,-0.30201698032634705,-0.11087383443403409,-2.2120578820908285,-0.12798399446970976,82,-0.35115727030108107,-0.11578440136405821,180,-1.8758616733851787,13.783840197059217,-0.29851060861555034,-0.18641150823943012,29,0.4827586206896552,3,0.16931935157399525,-0.6358377629905831,1,3,0.5454545454545454,1.491634889660484e-10,1,search: positive edge (IC); search: ICIR >= 0.2 (stable month to month); search: beats random entries (avg R); search: deflated Sharpe >= 0.90; validation: positive edge; validation: beats random entries; validation: makes money after costs; shelf life: positive in >= 55% of months; shelf life: no decay (2nd half >= half of 1st); shelf life: positive in every market regime seen; shelf life: works on >= 55% of assets
9fe189913e,"vwap(k=1.5, trend_ma=200) | stop_atr=1.5, rr=2.0, max_bars=12",vwap,"{""family"": ""vwap"", ""params"": {""k"": 1.5, ""trend_ma"": 200}, ""rule"": {""stop_atr"": 1.5, ""rr"": 2.0, ""max_bars"": 12}, ""short"": false, ""trend"": true, ""notes"": """"}",816,0.06982725365798599,0.07085656738630597,-0.3736466741709362,-2.198259817524673,-0.3736466741709362,433,-0.26259471170682347,-0.11506217765612119,720,-0.23074754678040438,15.464517381220656,-0.31842927622941836,-0.596234562515472,171,-1.0515009136226292,-0.5744086841942543,-0.18639486128755411,-3.6817855612230472,-0.18740000289980407,92,-0.5676158029178858,-0.1927134640591379,180,-3.632613801282363,26.0524638723482,-0.445501368786086,-0.2958286026834039,29,0.6206896551724138,3,0.353101100283272,-0.618098104960135,1,3,0.5909090909090909,2.9519470013071247e-13,5,search: ICIR >= 0.2 (stable month to month); search: deflated Sharpe >= 0.90; validation: positive edge; validation: beats random entries; validation: makes money after costs; shelf life: no decay (2nd half >= half of 1st); shelf life: positive in every market regime seen
69bcba2e76,"vwap(k=1.5, trend_ma=200) | stop_atr=2.5, rr=None, trail_atr=3.0",vwap,"{""family"": ""vwap"", ""params"": {""k"": 1.5, ""trend_ma"": 200}, ""rule"": {""stop_atr"": 2.5, ""rr"": null, ""trail_atr"": 3.0}, ""short"": false, ""trend"": true, ""notes"": """"}",816,-0.15169685904593316,-0.0963470315206604,-0.23846434164386798,-1.166459022272099,-0.2545875239551936,395,-0.1720111157805557,-0.06105525569784075,720,0.22597642225120645,12.379787084414229,-0.13223478036897215,-0.29252108881901334,166,-0.8502745207767824,-0.30201698032634705,-0.11539158466055621,-2.42250184676152,-0.1381651131180185,78,-0.38666331317105385,-0.12679954191139517,180,-0.5826716608884118,14.945040809519366,-0.2837128517715996,-0.18110374573558796,29,0.4827586206896552,3,0.16931935157399525,-0.6358377629905831,1,3,0.5454545454545454,4.179439050415265e-09,1,search: positive edge (IC); search: ICIR >= 0.2 (stable month to month); search: beats random entries (avg R); search: deflated Sharpe >= 0.90; validation: positive edge; validation: beats random entries; validation: makes money after costs; shelf life: positive in >= 55% of months; shelf life: no decay (2nd half >= half of 1st); shelf life: positive in every market regime seen; shelf life: works on >= 55% of assets
01bef62566,"vwap(k=2.0, trend_ma=200) | stop_atr=2.0, rr=2.0",vwap,"{""family"": ""vwap"", ""params"": {""k"": 2.0, ""trend_ma"": 200}, ""rule"": {""stop_atr"": 2.0, ""rr"": 2.0}, ""short"": false, ""trend"": true, ""notes"": """"}",306,-0.05239524227402591,-0.018216286574865938,-0.15945873406490052,-1.3508263235631006,-0.16449945156263646,153,-0.277201709969448,-0.07070548130175154,720,-0.4021984628598681,12.962726930214803,-0.22903727990436776,-0.21884943974374005,62,-0.026783900948869777,-0.0096211852027046,-0.050773725434180905,-1.6784846173883272,-0.06416363205296871,33,-0.3893971104098638,-0.08785590024407323,180,-3.6741577606857243,26.476809695004427,-0.4404066521376495,-0.11701117283277596,26,0.5,3,0.04542939439577664,-0.34629019016918355,1,3,0.5454545454545454,4.361706199219122e-10,2,search: positive edge (IC); search: ICIR >= 0.2 (stable month to month); search: beats random entries (avg R); search: deflated Sharpe >= 0.90; validation: positive edge; validation: makes money after costs; shelf life: positive in >= 55% of months; shelf life: no decay (2nd half >= half of 1st); shelf life: positive in every market regime seen; shelf life: works on >= 55% of assets
f2a3fcc9bc,"vwap(k=2.0, trend_ma=200) | stop_atr=1.5, rr=2.0, max_bars=12",vwap,"{""family"": ""vwap"", ""params"": {""k"": 2.0, ""trend_ma"": 200}, ""rule"": {""stop_atr"": 1.5, ""rr"": 2.0, ""max_bars"": 12}, ""short"": false, ""trend"": true, ""notes"": """"}",306,0.24704214944044808,0.17601907848185153,-0.13478683077599274,-1.223575633601557,-0.13666927026934006,168,-0.2085789140235769,-0.06404487577255331,720,0.052078081334844886,34.16746819767128,-0.4204803118290459,-0.38169944904125613,67,-0.24597791092097449,-0.2079123488327891,-0.09050226160788677,-2.8697680128345584,-0.0922081634574512,36,-0.6540107744776321,-0.15021052302017873,180,-5.651955802639904,47.499105814804636,-0.5388708230055754,-0.15408153355025048,26,0.5384615384615384,3,0.397559410489053,-0.3253198926298434,1,3,0.5454545454545454,3.243201710513941e-09,3,search: ICIR >= 0.2 (stable month to month); search: deflated Sharpe >= 0.90; validation: positive edge; validation: beats random entries; validation: makes money after costs; shelf life: positive in >= 55% of months; shelf life: no decay (2nd half >= half of 1st); shelf life: positive in every market regime seen; shelf life: works on >= 55% of assets
7453c1be22,"vwap(k=2.0, trend_ma=200) | stop_atr=2.5, rr=None, trail_atr=3.0",vwap,"{""family"": ""vwap"", ""params"": {""k"": 2.0, ""trend_ma"": 200}, ""rule"": {""stop_atr"": 2.5, ""rr"": null, ""trail_atr"": 3.0}, ""short"": false, ""trend"": true, ""notes"": """"}",306,-0.05239524227402591,-0.018216286574865938,-0.07165234841259216,-0.5114224692406584,-0.09045294941482196,154,-0.114682706485024,-0.02676907549507183,720,2.9231332682897975,36.35555680264159,-0.18155110259455895,-0.17497452321416226,62,-0.026783900948869777,-0.0096211852027046,-0.03661822036918294,-1.240668381191397,-0.05733047485900222,31,-0.29650661404840223,-0.06493955107168516,180,-0.5321909776601393,27.811624249260024,-0.35380825992200204,-0.09845585904973757,26,0.5,3,0.04542939439577664,-0.34629019016918355,1,3,0.5454545454545454,1.2016703112765673e-06,3,search: positive edge (IC); search: ICIR >= 0.2 (stable month to month); search: deflated Sharpe >= 0.90; validation: positive edge; validation: makes money after costs; shelf life: positive in >= 55% of months; shelf life: no decay (2nd half >= half of 1st); shelf life: positive in every market regime seen; shelf life: works on >= 55% of assets
156198bd88,"vwap(k=2.5, trend_ma=200) | stop_atr=2.0, rr=2.0",vwap,"{""family"": ""vwap"", ""params"": {""k"": 2.5, ""trend_ma"": 200}, ""rule"": {""stop_atr"": 2.0, ""rr"": 2.0}, ""short"": false, ""trend"": true, ""notes"": """"}",106,0.12246813379582318,0.029756053027567654,-0.09086428629170795,-1.4244905116792193,-0.09086428629170795,56,-0.42164206874151205,-0.07456124113156776,720,-1.431373529980328,16.822019769941804,-0.24503843744482143,-0.09538070455060092,21,0.7669134503145079,0.1608859477794507,-0.04841571548714152,-2.677793352575861,-0.04841571548714152,16,-0.7707803463179854,-0.14016211004912563,180,-3.1245359238872488,22.658742244231657,-0.32733182198963906,-0.024284714686558795,21,0.47619047619047616,3,1.2491471169676323,-0.10987654784177571,1,3,0.16666666666666666,4.790832000688115e-11,3,search: ICIR >= 0.2 (stable month to month); search: beats random entries (avg R); search: deflated Sharpe >= 0.90; validation: beats random entries; validation: makes money after costs; shelf life: positive in >= 55% of months; shelf life: no decay (2nd half >= half of 1st); shelf life: positive in every market regime seen; shelf life: works on >= 55% of assets
56ba383257,"vwap(k=2.5, trend_ma=200) | stop_atr=1.5, rr=2.0, max_bars=12",vwap,"{""family"": ""vwap"", ""params"": {""k"": 2.5, ""trend_ma"": 200}, ""rule"": {""stop_atr"": 1.5, ""rr"": 2.0, ""max_bars"": 12}, ""short"": false, ""trend"": true, ""notes"": """"}",106,0.4605538865180158,0.17030235338213934,-0.0713958745238662,-1.2919748006429703,-0.07167813655433608,58,-0.3165014678070057,-0.0676250518040253,720,-2.5449984430588994,30.332834157392607,-0.4075976419542015,-0.15235130404291855,24,-0.055691407435188245,-0.031522029096995405,-0.059834481563817654,-2.7885926946783153,-0.059834481563817654,17,-0.902252930958987,-0.1459616126754938,180,-4.834146204339871,35.73672140666373,-0.4536585995107873,-0.03495605628729496,21,0.47619047619047616,4,1.2024354634746426,-0.14032234733106888,2,3,0.08333333333333333,4.8283278013854234e-11,3,search: ICIR >= 0.2 (stable month to month); search: deflated Sharpe >= 0.90; validation: positive edge; validation: beats random entries; validation: makes money after costs; shelf life: positive in >= 55% of months; shelf life: no decay (2nd half >= half of 1st); shelf life: positive in every market regime seen; shelf life: works on >= 55% of assets
4e82a08e6f,"vwap(k=2.5, trend_ma=200) | stop_atr=2.5, rr=None, trail_atr=3.0",vwap,"{""family"": ""vwap"", ""params"": {""k"": 2.5, ""trend_ma"": 200}, ""rule"": {""stop_atr"": 2.5, ""rr"": null, ""trail_atr"": 3.0}, ""short"": false, ""trend"": true, ""notes"": """"}",106,0.12246813379582318,0.029756053027567654,-0.0643463780198611,-0.8666390786477941,-0.06923149314439236,57,-0.28690635837609,-0.045361962601579715,720,4.3541030682862,72.96332013810218,-0.19518698797076253,-0.07241415892528613,21,0.7669134503145079,0.1608859477794507,-0.025052959677308695,-1.4773493467404615,-0.03643297687198699,14,-0.44791801470361675,-0.07732799901069821,180,0.4999573799927913,22.791442428016197,-0.08922427025794406,-0.010406800012232265,21,0.47619047619047616,3,1.2491471169676323,-0.10987654784177571,1,3,0.16666666666666666,5.603012076584745e-07,3,search: ICIR >= 0.2 (stable month to month); search: beats random entries (avg R); search: deflated Sharpe >= 0.90; validation: beats random entries; validation: makes money after costs; shelf life: positive in >= 55% of months; shelf life: no decay (2nd half >= half of 1st); shelf life: positive in every market regime seen; shelf life: works on >= 55% of assets
