Date,articles,tone
2017-01-01,89.0,2.2318
2017-01-02,208.0,3.087
2017-01-03,342.0,2.2438
2017-01-04,407.0,2.9695
2017-01-05,395.0,2.8178
2017-01-06,738.0,-0.4793
2017-01-07,118.0,2.4981
2017-01-08,109.0,2.3485
2017-01-09,477.0,2.4868
2017-01-10,441.0,2.7875
2017-01-11,487.0,2.6596
2017-01-12,416.0,2.5943
2017-01-13,536.0,2.0236
2017-01-14,146.0,3.1686
2017-01-15,111.0,2.4706
2017-01-16,425.0,2.2451
2017-01-17,467.0,2.0262
2017-01-18,428.0,2.0102
2017-01-19,367.0,1.8799
2017-01-20,321.0,2.2555
2017-01-21,141.0,2.1163
2017-01-22,110.0,2.799
2017-01-23,472.0,2.2673
2017-01-24,460.0,2.2826
2017-01-25,403.0,2.2976
2017-01-26,348.0,2.2779
2017-01-27,407.0,2.455
2017-01-28,262.0,2.3271
2017-01-29,89.0,2.7017
2017-01-30,333.0,1.9689
2017-01-31,351.0,2.201
2017-02-01,351.0,2.3874
2017-02-02,479.0,2.5997
2017-02-03,440.0,2.2396
2017-02-04,167.0,3.327
2017-02-05,87.0,2.1981
2017-02-06,488.0,1.7314
2017-02-07,501.0,1.8611
2017-02-08,490.0,1.9999
2017-02-09,384.0,2.3223
2017-02-10,423.0,2.2472
2017-02-11,148.0,4.4522
2017-02-12,103.0,1.9287
2017-02-13,335.0,2.5718
2017-02-14,358.0,1.8426
2017-02-15,484.0,2.0861
2017-02-16,441.0,2.0884
2017-02-17,480.0,1.5842
2017-02-18,213.0,1.5786
2017-02-19,139.0,1.5757
2017-02-20,415.0,1.9601
2017-02-21,450.0,2.528
2017-02-22,423.0,2.4923
2017-02-23,424.0,1.9412
2017-02-24,519.0,2.0174
2017-02-25,160.0,2.3885
2017-02-26,117.0,2.2162
2017-02-27,450.0,2.5925
2017-02-28,366.0,1.6707
2017-03-01,412.0,2.1807
2017-03-02,379.0,2.2045
2017-03-03,646.0,1.9165
2017-03-04,312.0,0.5266
2017-03-05,112.0,2.1481
2017-03-06,375.0,2.6183
2017-03-07,402.0,2.2043
2017-03-08,395.0,1.8534
2017-03-09,374.0,1.7966
2017-03-10,385.0,2.0839
2017-03-11,139.0,2.1459
2017-03-12,113.0,1.37
2017-03-13,395.0,2.121
2017-03-14,343.0,2.3152
2017-03-15,673.0,-0.2632
2017-03-16,384.0,2.1369
2017-03-17,378.0,2.0556
2017-03-18,126.0,2.6018
2017-03-19,143.0,1.6547
2017-03-20,584.0,-0.4543
2017-03-21,342.0,1.77
2017-03-22,338.0,1.7122
2017-03-23,345.0,1.022
2017-03-24,276.0,2.202
2017-03-25,96.0,3.3675
2017-03-26,98.0,2.1923
2017-03-27,329.0,1.7352
2017-03-28,359.0,2.006
2017-03-29,313.0,2.6818
2017-03-30,314.0,2.3197
2017-03-31,347.0,1.6582
2017-04-01,103.0,2.6775
2017-04-02,139.0,2.4694
2017-04-03,294.0,2.0574
2017-04-04,329.0,2.355
2017-04-05,353.0,2.7859
2017-04-06,318.0,2.1668
2017-04-07,540.0,1.3169
2017-04-08,170.0,1.4244
2017-04-09,119.0,2.3478
2017-04-10,323.0,1.7922
2017-04-11,433.0,1.4859
2017-04-12,450.0,1.3783
2017-04-13,412.0,2.1059
2017-04-14,260.0,3.1778
2017-04-15,98.0,2.4275
2017-04-16,73.0,1.3073
2017-04-17,375.0,2.6529
2017-04-18,384.0,1.9511
2017-04-19,348.0,1.7995
2017-04-20,417.0,1.8926
2017-04-21,307.0,1.982
2017-04-22,133.0,2.0338
2017-04-23,115.0,1.0121
2017-04-24,373.0,2.2013
2017-04-25,324.0,2.464
2017-04-26,421.0,1.2616
2017-04-27,389.0,2.2187
2017-04-28,458.0,2.1102
2017-04-29,142.0,2.2643
2017-04-30,76.0,1.7087
2017-05-01,263.0,2.1224
2017-05-02,396.0,1.6664
2017-05-03,316.0,1.8167
2017-05-04,396.0,2.0113
2017-05-05,330.0,1.9011
2017-05-06,163.0,1.3675
2017-05-07,116.0,2.3214
2017-05-08,474.0,1.0367
2017-05-09,360.0,1.7695
2017-05-10,293.0,2.2772
2017-05-11,326.0,1.5922
2017-05-12,342.0,2.2365
2017-05-13,185.0,3.4148
2017-05-14,91.0,2.1284
2017-05-15,332.0,1.9232
2017-05-16,334.0,1.8539
2017-05-17,334.0,1.3693
2017-05-18,376.0,2.0798
2017-05-19,318.0,1.0218
2017-05-20,108.0,2.1805
2017-05-21,75.0,2.0508
2017-05-22,234.0,2.1658
2017-05-23,355.0,1.4444
2017-05-24,290.0,1.801
2017-05-25,257.0,1.8715
2017-05-26,313.0,2.2156
2017-05-27,126.0,2.1595
2017-05-28,127.0,2.0241
2017-05-29,264.0,2.3836
2017-05-30,269.0,2.0106
2017-05-31,315.0,1.7794
2017-06-01,302.0,1.6138
2017-06-02,331.0,1.7951
2017-06-03,99.0,1.789
2017-06-04,74.0,1.9991
2017-06-05,321.0,1.6667
2017-06-06,468.0,1.5992
2017-06-07,375.0,1.5189
2017-06-08,395.0,0.9766
2017-06-09,400.0,0.8892
2017-06-10,128.0,1.8613
2017-06-11,100.0,1.0752
2017-06-12,304.0,1.1089
2017-06-13,298.0,1.7393
2017-06-14,335.0,1.5142
2017-06-15,299.0,2.1516
2017-06-16,323.0,1.912
2017-06-17,103.0,2.0171
2017-06-18,142.0,1.6379
2017-06-19,272.0,2.3421
2017-06-20,585.0,-1.6083
2017-06-21,376.0,1.7202
2017-06-22,286.0,1.6374
2017-06-23,263.0,1.5753
2017-06-24,99.0,1.9423
2017-06-25,71.0,1.5554
2017-06-26,244.0,0.8591
2017-06-27,252.0,1.3202
2017-06-28,361.0,1.4536
2017-06-29,251.0,2.0788
2017-06-30,251.0,1.6014
2017-07-01,115.0,2.1659
2017-07-02,108.0,1.5574
2017-07-03,239.0,1.7632
2017-07-04,288.0,1.7362
2017-07-05,280.0,1.5823
2017-07-06,272.0,1.9931
2017-07-07,254.0,2.4296
2017-07-08,114.0,2.1681
2017-07-09,111.0,3.8832
2017-07-10,291.0,2.0562
2017-07-11,282.0,1.7491
2017-07-12,311.0,2.2321
2017-07-13,277.0,1.8324
2017-07-14,375.0,0.4145
2017-07-15,104.0,1.6871
2017-07-16,71.0,2.4593
2017-07-17,291.0,1.683
2017-07-18,271.0,2.282
2017-07-19,466.0,-0.318
2017-07-20,236.0,1.7677
2017-07-21,247.0,1.686
2017-07-22,113.0,2.2325
2017-07-23,102.0,2.017
2017-07-24,252.0,1.7655
2017-07-25,274.0,2.2187
2017-07-26,298.0,1.38
2017-07-27,287.0,2.6105
2017-07-28,258.0,2.3578
2017-07-29,109.0,2.9876
2017-07-30,103.0,1.6194
2017-07-31,320.0,1.4284
2017-08-01,375.0,1.4531
2017-08-02,294.0,1.9548
2017-08-03,353.0,2.336
2017-08-04,301.0,2.3845
2017-08-05,96.0,2.253
2017-08-06,99.0,2.5482
2017-08-07,259.0,1.67
2017-08-08,321.0,-0.0244
2017-08-09,618.0,1.5851
2017-08-10,376.0,1.2892
2017-08-11,382.0,1.3226
2017-08-12,163.0,2.0821
2017-08-13,125.0,1.3083
2017-08-14,354.0,1.2438
2017-08-15,343.0,1.54
2017-08-16,345.0,1.5759
2017-08-17,320.0,0.9522
2017-08-18,406.0,0.0638
2017-08-19,143.0,2.2827
2017-08-20,101.0,1.1855
2017-08-21,323.0,1.8666
2017-08-22,340.0,1.6898
2017-08-23,313.0,1.614
2017-08-24,112.0,0.7921
2017-08-25,221.0,0.8895
2017-08-26,136.0,2.0692
2017-08-27,100.0,0.9489
2017-08-28,173.0,1.9181
2017-08-29,535.0,0.8638
2017-08-30,376.0,1.1542
2017-08-31,322.0,1.4263
2017-09-01,254.0,1.5276
2017-09-02,103.0,1.3322
2017-09-03,81.0,2.1251
2017-09-04,376.0,1.5886
2017-09-05,441.0,1.8921
2017-09-06,613.0,0.9024
2017-09-07,400.0,1.5199
2017-09-08,363.0,1.5518
2017-09-09,159.0,2.1752
2017-09-10,142.0,2.2344
2017-09-11,338.0,2.0724
2017-09-12,370.0,1.3776
2017-09-13,348.0,1.6654
2017-09-14,305.0,1.8606
2017-09-15,255.0,2.2063
2017-09-16,130.0,2.3955
2017-09-17,111.0,1.8653
2017-09-18,334.0,1.7219
2017-09-19,299.0,2.2248
2017-09-20,399.0,0.8861
2017-09-21,400.0,1.4849
2017-09-22,272.0,1.4916
2017-09-23,182.0,1.9255
2017-09-24,134.0,1.7101
2017-09-25,328.0,1.9341
2017-09-26,325.0,1.5082
2017-09-27,277.0,2.2031
2017-09-28,287.0,2.472
2017-09-29,324.0,1.5595
2017-09-30,143.0,2.367
2017-10-01,83.0,2.851
2017-10-02,295.0,1.6071
2017-10-03,256.0,2.5384
2017-10-04,228.0,2.1574
2017-10-05,281.0,2.2205
2017-10-06,254.0,2.1414
2017-10-07,184.0,2.3488
2017-10-08,298.0,-0.1505
2017-10-09,402.0,2.3494
2017-10-10,345.0,1.723
2017-10-11,289.0,2.249
2017-10-12,313.0,1.9499
2017-10-13,300.0,1.7889
2017-10-14,145.0,2.9355
2017-10-15,144.0,1.5324
2017-10-16,324.0,1.7442
2017-10-17,353.0,2.1874
2017-10-18,284.0,2.5242
2017-10-19,331.0,2.3637
2017-10-20,526.0,1.4462
2017-10-21,154.0,2.2589
2017-10-22,173.0,1.4319
2017-10-23,454.0,1.8265
2017-10-24,361.0,1.9621
2017-10-25,319.0,1.8701
2017-10-26,397.0,1.9677
2017-10-27,329.0,2.8205
2017-10-28,156.0,2.5042
2017-10-29,132.0,2.2994
2017-10-30,279.0,2.2314
2017-10-31,290.0,1.8681
2017-11-01,402.0,2.1244
2017-11-02,316.0,1.866
2017-11-03,316.0,2.4082
2017-11-04,105.0,2.4958
2017-11-05,83.0,1.976
2017-11-06,315.0,1.8372
2017-11-07,366.0,2.157
2017-11-08,402.0,2.4473
2017-11-09,352.0,1.8546
2017-11-10,302.0,1.6826
2017-11-11,115.0,2.2466
2017-11-12,107.0,2.0534
2017-11-13,312.0,1.7898
2017-11-14,346.0,1.4653
2017-11-15,377.0,2.0959
2017-11-16,252.0,1.5663
2017-11-17,293.0,2.0539
2017-11-18,131.0,3.4142
2017-11-19,95.0,3.074
2017-11-20,311.0,2.0832
2017-11-21,401.0,1.939
2017-11-22,266.0,1.904
2017-11-23,298.0,1.7549
2017-11-24,311.0,2.3635
2017-11-25,207.0,3.5413
2017-11-26,188.0,2.1918
2017-11-27,323.0,2.6216
2017-11-28,322.0,2.0132
2017-11-29,364.0,2.0317
2017-11-30,314.0,1.6555
2017-12-03,142.0,2.4363
2017-12-04,293.0,2.4358
2017-12-05,252.0,1.9303
2017-12-06,283.0,2.193
2017-12-07,282.0,2.3018
2017-12-08,269.0,2.2112
2017-12-09,131.0,4.3074
2017-12-10,109.0,3.4502
2017-12-11,298.0,2.5076
2017-12-12,322.0,1.6422
2017-12-13,296.0,1.9589
2017-12-14,258.0,1.5431
2017-12-15,299.0,2.32
2017-12-16,118.0,3.0976
2017-12-17,142.0,2.6357
2017-12-18,314.0,2.4707
2017-12-19,304.0,1.9749
2017-12-20,312.0,2.104
2017-12-21,251.0,2.1105
2017-12-22,255.0,1.9416
2017-12-23,108.0,2.461
2017-12-24,102.0,3.4951
2017-12-25,142.0,3.6641
2017-12-26,169.0,2.3728
2017-12-27,238.0,2.142
2017-12-28,252.0,2.4107
2017-12-29,255.0,2.392
2017-12-30,145.0,2.9334
2017-12-31,75.0,2.004
2018-01-01,96.0,2.834
2018-01-02,249.0,2.3747
2018-01-03,335.0,2.2965
2018-01-04,326.0,1.8396
2018-01-05,235.0,2.0377
2018-01-06,120.0,1.8377
2018-01-07,91.0,1.8076
2018-01-08,353.0,2.0037
2018-01-09,373.0,2.2249
2018-01-10,313.0,2.2707
2018-01-11,307.0,2.223
2018-01-12,273.0,2.3121
2018-01-13,120.0,3.1078
2018-01-14,103.0,2.0
2018-01-15,314.0,2.1608
2018-01-16,401.0,1.7603
2018-01-17,288.0,2.186
2018-01-18,256.0,2.4244
2018-01-19,265.0,1.8321
2018-01-20,115.0,2.3117
2018-01-21,103.0,2.0508
2018-01-22,263.0,2.3761
2018-01-23,298.0,2.1404
2018-01-24,193.0,2.4581
2018-01-25,273.0,2.4528
2018-01-26,293.0,2.1807
2018-01-27,118.0,2.7796
2018-01-28,115.0,2.241
2018-01-29,195.0,2.3374
2018-01-30,191.0,1.8873
2018-01-31,220.0,2.5941
2018-02-01,324.0,2.4417
2018-02-02,226.0,2.1367
2018-02-03,94.0,2.8941
2018-02-04,68.0,1.9569
2018-02-05,261.0,1.6604
2018-02-06,298.0,2.1205
2018-02-07,241.0,2.4549
2018-02-08,230.0,2.5245
2018-02-09,235.0,2.4054
2018-02-10,163.0,1.6787
2018-02-11,106.0,1.9113
2018-02-12,215.0,2.3204
2018-02-13,276.0,2.3648
2018-02-14,229.0,1.9941
2018-02-15,282.0,2.255
2018-02-16,257.0,1.4356
2018-02-17,122.0,2.4714
2018-02-18,97.0,2.5884
2018-02-19,248.0,2.1717
2018-02-20,252.0,2.1957
2018-02-21,208.0,1.7439
2018-02-22,239.0,2.0243
2018-02-23,221.0,1.9843
2018-02-24,98.0,1.9478
2018-02-25,87.0,1.9152
2018-02-26,279.0,1.9095
2018-02-27,195.0,3.0641
2018-02-28,217.0,1.5001
2018-03-01,295.0,1.903
2018-03-02,301.0,1.3197
2018-03-03,143.0,-0.2343
2018-03-04,65.0,1.3168
2018-03-05,238.0,2.2539
2018-03-06,281.0,1.6577
2018-03-07,299.0,1.5536
2018-03-08,239.0,1.9423
2018-03-09,249.0,1.6879
2018-03-10,133.0,2.6085
2018-03-11,71.0,2.2614
2018-03-12,224.0,2.4596
2018-03-13,149.0,2.135
2018-03-14,253.0,2.0333
2018-03-15,230.0,2.0717
2018-03-16,260.0,1.9049
2018-03-17,102.0,2.5697
2018-03-18,137.0,3.3306
2018-03-19,270.0,2.1024
2018-03-20,243.0,2.4085
2018-03-21,358.0,1.9495
2018-03-22,316.0,1.2548
2018-03-23,257.0,1.4988
2018-03-24,173.0,2.5162
2018-03-25,96.0,1.9845
2018-03-26,247.0,1.9371
2018-03-27,201.0,2.3905
2018-03-28,323.0,1.7892
2018-03-29,358.0,2.3726
2018-03-30,180.0,2.3886
2018-03-31,107.0,2.4536
2018-04-01,111.0,2.0034
2018-04-02,252.0,2.78
2018-04-03,501.0,3.1281
2018-04-04,352.0,3.1404
2018-04-05,335.0,2.2287
2018-04-06,313.0,2.9251
2018-04-07,140.0,2.4454
2018-04-08,116.0,2.3559
2018-04-09,350.0,2.527
2018-04-10,459.0,2.5956
2018-04-11,440.0,2.167
2018-04-12,464.0,2.1301
2018-04-13,326.0,2.695
2018-04-14,203.0,4.5663
2018-04-15,116.0,1.2965
2018-04-16,346.0,1.9662
2018-04-17,328.0,2.2157
2018-04-18,426.0,2.7248
2018-04-19,386.0,2.5364
2018-04-20,259.0,1.6886
2018-04-21,158.0,3.3054
2018-04-22,208.0,2.7088
2018-04-23,254.0,2.5773
2018-04-24,328.0,2.8543
2018-04-25,293.0,2.5486
2018-04-26,292.0,2.6377
2018-04-27,307.0,2.8007
2018-04-28,121.0,4.363
2018-04-29,121.0,1.417
2018-04-30,302.0,2.7113
2018-05-01,279.0,2.4385
2018-05-02,297.0,2.3312
2018-05-03,477.0,2.0736
2018-05-04,322.0,2.8747
2018-05-05,133.0,4.0199
2018-05-06,162.0,3.1858
2018-05-07,236.0,2.7386
2018-05-08,294.0,2.9605
2018-05-09,358.0,2.3843
2018-05-10,447.0,1.0688
2018-05-11,309.0,2.2719
2018-05-12,130.0,3.9592
2018-05-13,123.0,3.8603
2018-05-14,305.0,2.0885
2018-05-15,277.0,2.3741
2018-05-16,376.0,2.2858
2018-05-17,295.0,2.1257
2018-05-18,295.0,1.8018
2018-05-19,147.0,2.6988
2018-05-20,133.0,3.6316
2018-05-21,323.0,2.0544
2018-05-22,280.0,2.2398
2018-05-23,361.0,2.4204
2018-05-24,355.0,1.7719
2018-05-25,351.0,1.6671
2018-05-26,134.0,2.1761
2018-05-27,113.0,4.1983
2018-05-28,262.0,3.1998
2018-05-29,284.0,2.4661
2018-05-30,250.0,1.74
2018-05-31,260.0,1.9195
2018-06-01,298.0,1.5014
2018-06-02,101.0,0.8866
2018-06-03,107.0,1.3671
2018-06-04,253.0,1.9632
2018-06-05,295.0,1.8087
2018-06-06,336.0,1.9668
2018-06-07,347.0,2.7201
2018-06-08,272.0,1.3833
2018-06-09,144.0,3.92
2018-06-10,130.0,3.696
2018-06-11,278.0,1.8635
2018-06-12,262.0,1.8973
2018-06-13,238.0,1.403
2018-06-14,279.0,1.5128
2018-06-15,203.0,1.1108
2018-06-16,118.0,1.3236
2018-06-17,120.0,3.5454
2018-06-18,288.0,2.6102
2018-06-19,203.0,1.3297
2018-06-20,295.0,1.8071
2018-06-21,211.0,2.0891
2018-06-22,238.0,2.2041
2018-06-23,82.0,1.3902
2018-06-24,71.0,1.0344
2018-06-25,190.0,1.5515
2018-06-26,275.0,2.5856
2018-06-27,250.0,2.0532
2018-06-28,217.0,2.1727
2018-06-29,203.0,2.1946
2018-06-30,114.0,2.3378
2018-07-01,116.0,4.0938
2018-07-02,229.0,2.3743
2018-07-03,240.0,2.6198
2018-07-04,215.0,2.5733
2018-07-05,249.0,2.8853
2018-07-06,241.0,2.3797
2018-07-07,79.0,2.4359
2018-07-08,49.0,2.3861
2018-07-09,227.0,2.2745
2018-07-10,170.0,2.6886
2018-07-11,217.0,2.1715
2018-07-12,289.0,1.5512
2018-07-13,226.0,1.773
2018-07-14,97.0,2.7743
2018-07-15,66.0,2.6234
2018-07-16,410.0,1.5087
2018-07-17,440.0,1.5274
2018-07-18,578.0,0.9141
2018-07-19,421.0,2.023
2018-07-20,432.0,2.4191
2018-07-21,110.0,1.9921
2018-07-22,86.0,2.115
2018-07-23,376.0,1.812
2018-07-24,436.0,2.0662
2018-07-25,483.0,2.0636
2018-07-26,443.0,1.7584
2018-07-27,424.0,1.9273
2018-07-28,126.0,1.3189
2018-07-29,122.0,2.4216
2018-07-30,389.0,1.6654
2018-07-31,375.0,1.84
2018-08-01,416.0,1.7281
2018-08-02,476.0,1.8182
2018-08-03,654.0,-0.1524
2018-08-04,171.0,1.7139
2018-08-05,131.0,2.884
2018-08-06,429.0,2.2201
2018-08-07,494.0,1.0508
2018-08-08,501.0,1.8704
2018-08-09,460.0,2.1764
2018-08-10,419.0,2.2361
2018-08-11,206.0,2.1895
2018-08-12,114.0,2.442
2018-08-13,458.0,1.8411
2018-08-14,491.0,1.3067
2018-08-15,470.0,1.461
2018-08-16,379.0,0.6476
2018-08-17,414.0,1.7542
2018-08-18,170.0,1.545
2018-08-19,121.0,0.969
2018-08-20,404.0,1.7267
2018-08-21,380.0,1.6924
2018-08-22,330.0,1.5379
2018-08-23,340.0,1.3427
2018-08-24,329.0,1.5184
2018-08-25,155.0,1.7272
2018-08-26,111.0,2.0816
2018-08-27,408.0,2.9386
2018-08-28,387.0,2.8289
2018-08-29,380.0,2.1597
2018-08-30,324.0,2.2696
2018-08-31,314.0,1.9128
2018-09-01,120.0,1.9335
2018-09-02,78.0,2.1378
2018-09-03,325.0,2.1778
2018-09-04,324.0,1.7715
2018-09-05,363.0,2.7352
2018-09-06,308.0,2.2828
2018-09-07,348.0,2.9806
2018-09-08,161.0,2.0557
2018-09-09,70.0,2.0176
2018-09-10,302.0,2.3285
2018-09-11,384.0,2.0777
2018-09-12,392.0,1.6001
2018-09-13,311.0,2.5965
2018-09-14,370.0,1.9648
2018-09-15,138.0,1.7176
2018-09-16,95.0,2.0395
2018-09-17,326.0,2.3111
2018-09-18,357.0,2.2539
2018-09-19,415.0,1.8284
2018-09-20,298.0,1.8694
2018-09-21,329.0,2.5903
2018-09-22,175.0,-0.3474
2018-09-23,102.0,1.4166
2018-09-24,378.0,1.9758
2018-09-25,377.0,1.5956
2018-09-26,302.0,2.1506
2018-09-27,273.0,2.0421
2018-09-28,318.0,2.173
2018-09-29,187.0,2.4933
2018-09-30,132.0,2.3444
2018-10-01,230.0,1.5142
2018-10-02,320.0,2.1115
2018-10-03,312.0,2.0583
2018-10-04,304.0,2.3697
2018-10-05,285.0,2.3632
2018-10-06,108.0,1.8411
2018-10-07,73.0,1.3491
2018-10-08,314.0,2.0558
2018-10-09,366.0,2.1813
2018-10-10,374.0,1.4179
2018-10-11,424.0,1.263
2018-10-12,408.0,1.667
2018-10-13,155.0,2.5399
2018-10-14,91.0,1.4959
2018-10-15,340.0,2.1522
2018-10-16,351.0,2.174
2018-10-17,381.0,1.8652
2018-10-18,324.0,1.7683
2018-10-19,419.0,1.5193
2018-10-20,123.0,2.6137
2018-10-21,99.0,1.3108
2018-10-22,320.0,2.0432
2018-10-23,396.0,1.4818
2018-10-24,415.0,1.5831
2018-10-25,452.0,1.5772
2018-10-26,315.0,2.2129
2018-10-27,136.0,1.9219
2018-10-28,159.0,-0.9416
2018-10-29,356.0,1.6532
2018-10-30,360.0,2.106
2018-10-31,371.0,2.4408
2018-11-01,421.0,2.7023
2018-11-02,384.0,2.6253
2018-11-03,134.0,2.223
2018-11-04,94.0,2.7464
2018-11-05,369.0,2.4621
2018-11-06,423.0,2.152
2018-11-07,336.0,2.1692
2018-11-08,309.0,2.1405
2018-11-09,298.0,2.1823
2018-11-10,155.0,2.5336
2018-11-11,113.0,2.2678
2018-11-12,268.0,2.2256
2018-11-13,301.0,2.2989
2018-11-14,312.0,2.2871
2018-11-15,298.0,2.4598
2018-11-16,332.0,1.6269
2018-11-17,157.0,1.975
2018-11-18,110.0,1.6342
2018-11-19,266.0,2.4381
2018-11-20,299.0,1.6953
2018-11-21,352.0,2.0495
2018-11-22,278.0,2.1393
2018-11-23,283.0,2.2265
2018-11-24,95.0,1.9741
2018-11-25,65.0,0.999
2018-11-26,288.0,1.734
2018-11-27,302.0,1.8874
2018-11-28,247.0,2.3728
2018-11-29,305.0,2.2258
2018-11-30,253.0,2.5007
2018-12-01,108.0,1.9935
2018-12-02,96.0,1.8773
2018-12-03,285.0,2.5279
2018-12-04,321.0,2.9322
2018-12-05,370.0,1.8813
2018-12-06,333.0,2.5273
2018-12-07,317.0,2.6756
2018-12-08,122.0,2.0692
2018-12-09,109.0,2.4403
2018-12-10,280.0,1.9695
2018-12-11,322.0,2.0697
2018-12-12,323.0,2.2975
2018-12-13,272.0,2.3908
2018-12-14,309.0,2.447
2018-12-15,114.0,2.1521
2018-12-16,118.0,2.3051
2018-12-17,296.0,1.9805
2018-12-18,348.0,2.0914
2018-12-19,322.0,1.7974
2018-12-20,352.0,1.9752
2018-12-21,348.0,1.7444
2018-12-22,160.0,1.7149
2018-12-23,85.0,2.089
2018-12-24,256.0,2.2431
2018-12-25,247.0,2.317
2018-12-26,291.0,2.1926
2018-12-27,281.0,2.3477
2018-12-28,289.0,2.2644
2018-12-29,136.0,1.2354
2018-12-30,135.0,2.0212
2018-12-31,266.0,1.7207
2019-01-01,162.0,2.0165
2019-01-02,354.0,2.1038
2019-01-03,304.0,2.2525
2019-01-04,377.0,2.0603
2019-01-05,152.0,2.1843
2019-01-06,94.0,2.3879
2019-01-07,264.0,2.3391
2019-01-08,329.0,2.5905
2019-01-09,352.0,2.2358
2019-01-10,332.0,1.8777
2019-01-11,363.0,2.3195
2019-01-12,124.0,2.2693
2019-01-13,92.0,1.7734
2019-01-14,353.0,1.957
2019-01-15,321.0,1.8946
2019-01-16,335.0,2.0002
2019-01-17,315.0,2.3053
2019-01-18,349.0,2.0252
2019-01-19,112.0,1.426
2019-01-20,70.0,1.3214
2019-01-21,267.0,2.4345
2019-01-22,275.0,2.5166
2019-01-23,261.0,2.2212
2019-01-24,248.0,2.2983
2019-01-25,267.0,2.4121
2019-01-26,96.0,2.5381
2019-01-27,69.0,2.2286
2019-01-28,318.0,2.4887
2019-01-29,346.0,2.1809
2019-01-30,365.0,1.2803
2019-01-31,349.0,2.1892
2019-02-01,315.0,2.3034
2019-02-02,126.0,2.3068
2019-02-03,123.0,1.8811
2019-02-04,229.0,2.559
2019-02-05,206.0,2.4001
2019-02-06,232.0,2.421
2019-02-07,243.0,1.9955
2019-02-08,278.0,2.5557
2019-02-09,123.0,2.3069
2019-02-10,84.0,1.4721
2019-02-11,293.0,2.089
2019-02-12,300.0,2.522
2019-02-13,311.0,2.5221
2019-02-14,271.0,2.3989
2019-02-15,304.0,2.3033
2019-02-16,97.0,2.7746
2019-02-17,81.0,1.6194
2019-02-18,234.0,2.3728
2019-02-19,269.0,2.8993
2019-02-20,397.0,2.489
2019-02-21,332.0,2.614
2019-02-22,348.0,2.2791
2019-02-23,138.0,3.2761
2019-02-24,81.0,2.309
2019-02-25,296.0,2.8982
2019-02-26,306.0,2.2271
2019-02-27,258.0,2.5553
2019-02-28,274.0,2.1714
2019-03-01,253.0,2.639
2019-03-02,143.0,2.0054
2019-03-03,82.0,1.4408
2019-03-04,282.0,2.2731
2019-03-05,286.0,2.8637
2019-03-06,252.0,2.7436
2019-03-07,244.0,1.6794
2019-03-08,294.0,2.3961
2019-03-09,98.0,1.688
2019-03-10,74.0,1.4228
2019-03-11,285.0,1.585
2019-03-12,325.0,2.3437
2019-03-13,296.0,2.6242
2019-03-14,326.0,1.8769
2019-03-15,272.0,2.1794
2019-03-16,108.0,2.549
2019-03-17,63.0,1.5481
2019-03-18,262.0,2.8671
2019-03-19,302.0,2.3336
2019-03-20,291.0,2.009
2019-03-21,308.0,1.8845
2019-03-22,274.0,2.4665
2019-03-23,123.0,3.0285
2019-03-24,101.0,1.7589
2019-03-25,288.0,2.0229
2019-03-26,311.0,1.8702
2019-03-27,316.0,1.4866
2019-03-28,292.0,1.645
2019-03-29,327.0,2.1195
2019-03-30,126.0,2.5085
2019-03-31,53.0,1.302
2019-04-01,289.0,2.6766
2019-04-02,382.0,1.7699
2019-04-03,319.0,1.9985
2019-04-04,374.0,1.9094
2019-04-05,246.0,2.2823
2019-04-06,103.0,1.3417
2019-04-07,87.0,1.2982
2019-04-08,351.0,2.6041
2019-04-09,337.0,2.1566
2019-04-10,342.0,1.7971
2019-04-11,342.0,2.1643
2019-04-12,380.0,2.1254
2019-04-13,110.0,2.9032
2019-04-14,71.0,1.7092
2019-04-15,305.0,2.115
2019-04-16,321.0,2.2633
2019-04-17,350.0,1.9785
2019-04-18,408.0,1.7064
2019-04-19,231.0,3.1009
2019-04-20,84.0,3.0685
2019-04-21,111.0,1.9757
2019-04-22,283.0,2.3401
2019-04-23,294.0,2.0075
2019-04-24,317.0,2.2122
2019-04-25,292.0,2.283
2019-04-26,307.0,2.4503
2019-04-27,98.0,2.4866
2019-04-28,83.0,3.0808
2019-04-29,273.0,2.4505
2019-04-30,257.0,2.0254
2019-05-01,192.0,2.3683
2019-05-02,292.0,2.2866
2019-05-03,259.0,2.1664
2019-05-04,122.0,2.5338
2019-05-05,82.0,2.8581
2019-05-06,324.0,2.27
2019-05-07,365.0,2.5243
2019-05-08,337.0,2.3294
2019-05-09,298.0,2.4682
2019-05-10,310.0,2.2748
2019-05-11,75.0,2.5046
2019-05-12,48.0,0.6324
2019-05-13,297.0,1.848
2019-05-14,397.0,1.4706
2019-05-15,355.0,1.3483
2019-05-16,299.0,1.6042
2019-05-17,265.0,1.805
2019-05-18,100.0,2.0823
2019-05-19,82.0,1.5252
2019-05-20,297.0,2.2108
2019-05-21,281.0,2.2068
2019-05-22,291.0,2.0052
2019-05-23,279.0,1.7275
2019-05-24,281.0,1.6164
2019-05-25,112.0,2.0158
2019-05-26,95.0,3.0429
2019-05-27,234.0,2.7487
2019-05-28,248.0,2.4079
2019-05-29,262.0,2.1131
2019-05-30,290.0,1.7323
2019-05-31,293.0,1.8458
2019-06-01,91.0,1.1519
2019-06-02,74.0,1.3418
2019-06-03,271.0,1.2607
2019-06-04,322.0,1.2573
2019-06-05,327.0,2.0768
2019-06-06,335.0,1.2659
2019-06-07,221.0,2.001
2019-06-08,119.0,2.2
2019-06-09,106.0,1.7237
2019-06-10,309.0,2.4574
2019-06-11,328.0,2.367
2019-06-12,349.0,2.5174
2019-06-13,296.0,2.4301
2019-06-14,416.0,2.127
2019-06-15,133.0,1.8314
2019-06-16,139.0,2.2181
2019-06-17,327.0,2.1835
2019-06-18,362.0,1.8023
2019-06-19,330.0,2.006
2019-06-20,477.0,1.7802
2019-06-21,675.0,1.9855
2019-06-22,195.0,2.4217
2019-06-23,150.0,2.0472
2019-06-24,505.0,2.2675
2019-06-25,668.0,1.7747
2019-06-26,589.0,1.4567
2019-06-27,415.0,2.3485
2019-06-28,424.0,1.8737
2019-06-29,145.0,2.334
2019-06-30,143.0,2.4935
2019-07-01,497.0,1.3604
2019-07-02,433.0,1.6853
2019-07-03,447.0,2.5938
2019-07-04,397.0,2.2267
2019-07-05,429.0,1.2774
2019-07-06,151.0,2.4746
2019-07-07,104.0,1.1794
2019-07-08,377.0,2.4432
2019-07-09,354.0,2.179
2019-07-10,347.0,2.252
2019-07-11,477.0,1.7514
2019-07-12,314.0,2.2997
2019-07-13,150.0,1.6283
2019-07-14,97.0,2.3253
2019-07-15,347.0,2.0945
2019-07-16,339.0,2.5523
2019-07-17,384.0,2.0474
2019-07-18,385.0,1.8331
2019-07-19,458.0,2.3098
2019-07-20,128.0,2.5619
2019-07-21,67.0,2.6713
2019-07-22,410.0,2.2065
2019-07-23,345.0,2.5397
2019-07-24,304.0,2.183
2019-07-25,319.0,2.2789
2019-07-26,299.0,3.1167
2019-07-27,86.0,3.7726
2019-07-28,69.0,1.9453
2019-07-29,298.0,2.7227
2019-07-30,329.0,2.7437
2019-07-31,450.0,2.0603
2019-08-01,540.0,1.8549
2019-08-02,481.0,1.2599
2019-08-03,162.0,2.9922
2019-08-04,105.0,1.599
2019-08-05,559.0,1.4433
2019-08-06,589.0,0.7719
2019-08-07,858.0,1.6129
2019-08-08,716.0,1.7291
2019-08-09,496.0,2.0497
2019-08-10,168.0,2.5287
2019-08-11,109.0,2.0522
2019-08-12,467.0,0.8296
2019-08-13,559.0,1.1263
2019-08-14,436.0,1.5849
2019-08-15,511.0,1.4347
2019-08-16,445.0,1.9502
2019-08-17,148.0,2.4029
2019-08-18,156.0,2.211
2019-08-19,358.0,2.4726
2019-08-20,400.0,2.4824
2019-08-21,359.0,2.2935
2019-08-22,348.0,1.8834
2019-08-23,344.0,1.8709
2019-08-24,127.0,2.4806
2019-08-25,122.0,2.173
2019-08-26,587.0,1.9947
2019-08-27,435.0,2.4317
2019-08-28,467.0,1.519
2019-08-29,443.0,2.2767
2019-08-30,335.0,1.8792
2019-08-31,118.0,1.8994
2019-09-01,120.0,1.7162
2019-09-02,275.0,2.3343
2019-09-03,379.0,1.452
2019-09-04,429.0,2.0946
2019-09-05,394.0,2.0457
2019-09-06,424.0,2.1151
2019-09-07,162.0,2.8055
2019-09-08,133.0,2.3938
2019-09-09,351.0,2.3371
2019-09-10,614.0,2.1212
2019-09-11,416.0,2.1761
2019-09-12,406.0,2.1414
2019-09-13,383.0,1.6536
2019-09-14,155.0,2.602
2019-09-15,119.0,1.5066
2019-09-16,444.0,1.0895
2019-09-17,333.0,1.587
2019-09-18,283.0,2.562
2019-09-19,399.0,1.58
2019-09-20,372.0,1.8547
2019-09-21,113.0,2.2575
2019-09-22,82.0,1.2772
2019-09-23,327.0,1.9869
2019-09-24,362.0,2.0851
2019-09-25,332.0,2.0348
2019-09-26,323.0,2.3929
2019-09-27,301.0,2.3862
2019-09-28,87.0,3.2859
2019-09-29,84.0,2.7419
2019-09-30,274.0,2.1553
2019-10-01,270.0,1.4309
2019-10-02,262.0,1.3923
2019-10-03,304.0,1.8874
2019-10-04,324.0,2.2395
2019-10-05,107.0,3.3494
2019-10-06,58.0,2.7463
2019-10-07,279.0,2.2189
2019-10-08,344.0,2.0293
2019-10-09,339.0,1.9578
2019-10-10,300.0,2.3229
2019-10-11,310.0,2.5427
2019-10-12,164.0,2.664
2019-10-13,102.0,2.6366
2019-10-14,329.0,2.542
2019-10-15,367.0,2.4412
2019-10-16,400.0,1.9733
2019-10-17,288.0,2.8303
2019-10-18,240.0,2.68
2019-10-19,106.0,2.4101
2019-10-20,75.0,2.2254
2019-10-21,278.0,2.4387
2019-10-22,351.0,2.462
2019-10-23,334.0,2.2897
2019-10-24,284.0,3.1902
2019-10-25,306.0,2.9556
2019-10-26,117.0,2.8189
2019-10-27,53.0,1.9391
2019-10-28,254.0,2.6006
2019-10-29,258.0,2.1387
2019-10-30,338.0,2.5344
2019-10-31,339.0,2.5605
2019-11-01,250.0,2.6751
2019-11-02,89.0,3.4472
2019-11-03,87.0,2.8395
2019-11-04,317.0,2.7962
2019-11-05,371.0,2.2886
2019-11-06,393.0,2.2771
2019-11-07,384.0,2.2333
2019-11-08,377.0,2.1945
2019-11-09,140.0,2.937
2019-11-10,74.0,1.5858
2019-11-11,309.0,2.9729
2019-11-12,375.0,2.177
2019-11-13,309.0,2.6849
2019-11-14,349.0,2.1199
2019-11-15,336.0,2.338
2019-11-16,168.0,2.159
2019-11-17,91.0,1.6546
2019-11-18,283.0,2.2274
2019-11-19,352.0,1.7099
2019-11-20,360.0,1.9311
2019-11-21,289.0,2.0037
2019-11-22,304.0,2.548
2019-11-23,117.0,3.3776
2019-11-24,50.0,1.8692
2019-11-25,404.0,2.5964
2019-11-26,351.0,2.4475
2019-11-27,288.0,2.6479
2019-11-28,293.0,2.5518
2019-11-29,291.0,2.2903
2019-11-30,110.0,3.0403
2019-12-01,74.0,1.9265
2019-12-02,320.0,2.426
2019-12-03,357.0,1.9334
2019-12-04,323.0,2.119
2019-12-05,307.0,2.3138
2019-12-06,279.0,2.3165
2019-12-07,126.0,3.3673
2019-12-08,62.0,2.0315
2019-12-09,265.0,2.3997
2019-12-10,341.0,2.1607
2019-12-11,316.0,2.1547
2019-12-12,308.0,2.5302
2019-12-13,302.0,2.7203
2019-12-14,105.0,2.5593
2019-12-15,68.0,2.3347
2019-12-16,252.0,3.2282
2019-12-17,306.0,2.7256
2019-12-18,302.0,3.0859
2019-12-19,293.0,2.4095
2019-12-20,320.0,2.8166
2019-12-21,118.0,2.7114
2019-12-22,54.0,2.1721
2019-12-23,288.0,3.0684
2019-12-24,283.0,2.9527
2019-12-25,185.0,2.73
2019-12-26,307.0,3.1099
2019-12-27,309.0,2.8389
2019-12-28,108.0,3.1272
2019-12-29,121.0,1.3371
2019-12-30,325.0,2.2742
2019-12-31,308.0,3.081
2020-01-01,145.0,2.7664
2020-01-02,323.0,2.6417
2020-01-03,535.0,1.4166
2020-01-04,240.0,1.744
2020-01-05,159.0,0.4028
2020-01-06,904.0,0.331
2020-01-07,696.0,1.2468
2020-01-08,971.0,-0.0301
2020-01-09,689.0,0.5463
2020-01-10,427.0,1.4949
2020-01-11,124.0,0.6199
2020-01-12,109.0,1.9912
2020-01-13,312.0,1.8635
2020-01-14,412.0,1.7123
2020-01-15,327.0,2.6354
2020-01-16,392.0,2.3452
2020-01-17,300.0,3.0028
2020-01-18,104.0,3.3586
2020-01-19,109.0,2.0687
2020-01-20,335.0,2.4182
2020-01-21,363.0,2.2901
2020-01-22,326.0,2.2898
2020-01-23,264.0,2.3763
2020-01-24,226.0,2.0884
2020-01-25,96.0,1.6603
2020-01-26,77.0,1.7207
2020-01-27,330.0,2.5216
2020-01-28,334.0,1.0687
2020-01-29,255.0,2.1436
2020-01-30,379.0,2.1131
2020-01-31,314.0,1.5348
2020-02-01,149.0,1.6414
2020-02-02,109.0,0.2017
2020-02-03,349.0,1.6252
2020-02-04,362.0,1.6913
2020-02-05,362.0,2.3213
2020-02-06,370.0,1.9175
2020-02-07,277.0,2.2661
2020-02-08,84.0,2.3614
2020-02-09,75.0,2.6294
2020-02-10,285.0,2.3753
2020-02-11,334.0,2.0598
2020-02-12,407.0,2.2821
2020-02-13,394.0,2.0859
2020-02-14,333.0,2.1734
2020-02-15,108.0,1.6724
2020-02-16,71.0,2.3942
2020-02-17,313.0,2.4174
2020-02-18,357.0,2.3749
2020-02-19,467.0,1.7713
2020-02-20,490.0,1.8962
2020-02-21,577.0,2.0876
2020-02-22,248.0,2.1155
2020-02-23,116.0,2.0479
2020-02-24,716.0,0.4034
2020-02-25,657.0,0.3038
2020-02-26,559.0,0.5189
2020-02-27,549.0,0.2964
2020-02-28,460.0,0.7765
2020-02-29,157.0,0.9081
2020-03-01,165.0,0.3845
2020-03-02,406.0,1.7216
2020-03-03,420.0,1.2716
2020-03-04,535.0,0.5139
2020-03-05,432.0,1.0126
2020-03-06,560.0,0.9106
2020-03-07,194.0,0.3832
2020-03-08,124.0,0.1806
2020-03-09,667.0,-0.2785
2020-03-10,573.0,-0.3797
2020-03-11,426.0,0.9131
2020-03-12,505.0,0.1802
2020-03-13,474.0,-0.1152
2020-03-14,166.0,0.0661
2020-03-15,133.0,0.1643
2020-03-16,472.0,0.0925
2020-03-17,488.0,-0.3026
2020-03-18,444.0,0.8337
2020-03-19,417.0,0.3647
2020-03-20,493.0,0.2821
2020-03-21,144.0,0.6566
2020-03-22,91.0,0.6324
2020-03-23,320.0,1.2927
2020-03-24,616.0,1.4999
2020-03-25,585.0,1.5075
2020-03-26,446.0,1.6124
2020-03-27,383.0,1.4208
2020-03-28,136.0,1.5355
2020-03-29,94.0,1.6742
2020-03-30,415.0,1.4951
2020-03-31,411.0,1.3391
2020-04-01,426.0,0.6045
2020-04-02,338.0,1.5053
2020-04-03,411.0,1.5615
2020-04-04,97.0,0.8295
2020-04-05,82.0,1.8696
2020-04-06,289.0,2.0924
2020-04-07,470.0,1.5952
2020-04-08,427.0,1.7629
2020-04-09,428.0,1.1128
2020-04-10,331.0,1.8661
2020-04-11,100.0,1.9785
2020-04-12,74.0,1.9718
2020-04-13,374.0,3.2306
2020-04-14,539.0,2.3985
2020-04-15,506.0,1.6091
2020-04-16,434.0,1.5396
2020-04-17,408.0,1.6207
2020-04-18,174.0,2.7471
2020-04-19,132.0,2.5022
2020-04-20,437.0,1.8409
2020-04-21,484.0,0.6849
2020-04-22,430.0,1.0475
2020-04-23,393.0,1.4877
2020-04-24,389.0,2.0136
2020-04-25,175.0,2.6344
2020-04-26,125.0,2.429
2020-04-27,391.0,2.4668
2020-04-28,375.0,1.7269
2020-04-29,377.0,2.0063
2020-04-30,417.0,1.6992
2020-05-01,251.0,1.6533
2020-05-02,120.0,2.7111
2020-05-03,125.0,2.7049
2020-05-04,352.0,1.552
2020-05-05,334.0,2.1277
2020-05-06,514.0,1.9312
2020-05-07,375.0,1.8621
2020-05-08,414.0,1.9153
2020-05-09,187.0,1.121
2020-05-10,141.0,1.5569
2020-05-11,420.0,2.116
2020-05-12,387.0,1.6156
2020-05-13,390.0,1.0087
2020-05-14,371.0,1.3255
2020-05-15,375.0,1.8957
2020-05-16,174.0,1.3784
2020-05-17,122.0,1.4581
2020-05-18,523.0,2.5207
2020-05-19,511.0,1.9112
2020-05-20,445.0,2.3685
2020-05-21,346.0,1.8585
2020-05-22,322.0,1.6557
2020-05-23,126.0,1.5272
2020-05-24,74.0,1.8902
2020-05-25,277.0,1.7014
2020-05-26,329.0,2.3289
2020-05-27,378.0,1.9961
2020-05-28,477.0,2.1445
2020-05-29,334.0,2.1319
2020-05-30,120.0,2.8762
2020-05-31,81.0,1.858
2020-06-01,333.0,2.2698
2020-06-02,412.0,2.1709
2020-06-03,361.0,2.5402
2020-06-04,399.0,2.1878
2020-06-05,345.0,2.1703
2020-06-06,139.0,2.4243
2020-06-07,98.0,2.1101
2020-06-08,325.0,2.2356
2020-06-09,361.0,2.5317
2020-06-10,394.0,2.0095
2020-06-11,372.0,1.8293
2020-06-12,383.0,1.2809
2020-06-13,137.0,1.8997
2020-06-14,95.0,3.2334
2020-06-15,304.0,2.1218
2020-06-16,345.0,2.0934
2020-06-17,350.0,2.3479
2020-06-18,361.0,1.8725
2020-06-19,388.0,2.1336
2020-06-20,161.0,2.295
2020-06-21,85.0,1.5556
2020-06-22,438.0,1.9968
2020-06-23,471.0,2.3291
2020-06-24,546.0,2.1604
2020-06-25,371.0,2.5382
2020-06-26,343.0,2.6713
2020-06-27,179.0,1.9816
2020-06-28,159.0,2.6748
2020-06-29,449.0,2.3306
2020-06-30,466.0,1.9734
2020-07-01,493.0,2.5358
2020-07-02,448.0,1.9303
2020-07-03,328.0,2.3209
2020-07-04,132.0,3.6174
2020-07-05,100.0,2.9103
2020-07-06,327.0,2.6902
2020-07-07,372.0,2.5142
2020-07-08,641.0,2.6568
2020-07-09,667.0,2.7807
2020-07-10,511.0,2.4648
2020-07-11,182.0,2.8961
2020-07-12,135.0,2.8376
2020-07-13,434.0,2.982
2020-07-14,486.0,2.5392
2020-07-15,394.0,2.47
2020-07-16,386.0,2.8173
2020-07-17,423.0,2.6021
2020-07-18,147.0,2.7863
2020-07-19,85.0,2.3837
2020-07-20,426.0,2.8192
2020-07-21,570.0,3.0994
2020-07-22,734.0,2.8732
2020-07-23,646.0,2.5827
2020-07-24,716.0,2.6299
2020-07-25,315.0,2.3519
2020-07-26,212.0,2.6602
2020-07-27,1462.0,2.0961
2020-07-28,1414.0,2.6664
2020-07-29,925.0,2.1152
2020-07-30,768.0,1.9361
2020-07-31,525.0,2.1278
2020-08-01,310.0,3.0555
2020-08-02,240.0,2.6125
2020-08-03,593.0,2.3942
2020-08-04,684.0,2.6754
2020-08-05,1128.0,2.79
2020-08-06,989.0,2.8506
2020-08-07,842.0,2.3619
2020-08-08,319.0,2.4802
2020-08-09,279.0,2.3209
2020-08-10,763.0,2.6465
2020-08-11,719.0,2.7929
2020-08-12,997.0,2.1992
2020-08-13,730.0,2.6481
2020-08-14,582.0,2.3709
2020-08-15,237.0,2.517
2020-08-16,216.0,2.3324
2020-08-17,544.0,2.7356
2020-08-18,731.0,3.0334
2020-08-19,611.0,2.2044
2020-08-20,515.0,2.1424
2020-08-21,483.0,2.7402
2020-08-22,223.0,2.7648
2020-08-23,180.0,1.9239
2020-08-24,468.0,2.621
2020-08-25,475.0,2.9279
2020-08-26,506.0,2.3571
2020-08-27,461.0,2.8768
2020-08-28,438.0,2.7153
2020-08-29,198.0,2.969
2020-08-30,117.0,1.9238
2020-08-31,441.0,2.7105
2020-09-01,474.0,2.4617
2020-09-02,448.0,3.0332
2020-09-03,434.0,2.5386
2020-09-04,483.0,2.1398
2020-09-05,224.0,2.061
2020-09-06,165.0,1.7568
2020-09-07,380.0,2.3685
2020-09-08,373.0,2.4539
2020-09-09,360.0,2.1702
2020-09-10,355.0,3.1958
2020-09-11,348.0,3.2961
2020-09-12,169.0,3.2733
2020-09-13,141.0,3.8559
2020-09-14,307.0,3.6068
2020-09-15,376.0,3.19
2020-09-16,335.0,3.3891
2020-09-17,371.0,3.0282
2020-09-18,403.0,2.9752
2020-09-19,179.0,2.6278
2020-09-20,66.0,3.2057
2020-09-21,280.0,2.9187
2020-09-22,446.0,1.8842
2020-09-23,414.0,2.0985
2020-09-24,350.0,2.2638
2020-09-25,248.0,2.6438
2020-09-26,111.0,2.2855
2020-09-27,126.0,1.5461
2020-09-28,202.0,2.9268
2020-09-29,304.0,2.9204
2020-09-30,259.0,2.1278
2020-10-01,243.0,2.6847
2020-10-02,233.0,1.7596
2020-10-03,78.0,2.2194
2020-10-04,60.0,0.874
2020-10-05,229.0,2.3329
2020-10-06,209.0,2.9111
2020-10-07,229.0,2.8383
2020-10-08,212.0,3.6406
2020-10-09,97.0,2.9247
2020-10-10,166.0,3.3594
2020-10-11,120.0,1.5032
2020-10-12,172.0,3.7555
2020-10-13,202.0,2.7918
2020-10-14,203.0,2.6923
2020-10-15,224.0,2.8141
2020-10-16,92.0,3.1606
2020-10-17,70.0,1.9811
2020-10-18,58.0,1.9669
2020-10-19,124.0,3.0502
2020-10-21,170.0,3.2319
2020-10-22,144.0,3.4612
2020-10-23,85.0,2.7416
2020-10-24,25.0,4.7449
2020-10-25,27.0,2.4874
2020-10-26,157.0,3.1632
2020-10-27,181.0,3.6832
2020-10-28,155.0,2.8543
2020-10-29,185.0,1.5532
2020-10-30,107.0,2.7812
2020-10-31,46.0,2.4588
2020-11-01,39.0,3.507
2020-11-02,151.0,3.3702
2020-11-03,142.0,3.4242
2020-11-04,150.0,2.4506
2020-11-05,133.0,2.956
2020-11-06,101.0,3.0771
2020-11-07,27.0,3.2608
2020-11-08,37.0,1.7563
2020-11-09,221.0,2.3906
2020-11-10,165.0,2.642
2020-11-11,140.0,2.9046
2020-11-12,101.0,2.6313
2020-11-13,47.0,3.0555
2020-11-14,6.0,3.2636
2020-11-15,10.0,4.0948
2020-11-16,126.0,3.5971
2020-11-17,112.0,3.1565
2020-11-18,269.0,2.5935
2020-11-19,339.0,2.5224
2020-11-20,306.0,2.9518
2020-11-21,106.0,3.4269
2020-11-22,96.0,3.24
2020-11-23,301.0,3.3877
2020-11-24,419.0,2.8812
2020-11-25,400.0,2.8641
2020-11-26,311.0,3.1041
2020-11-27,318.0,2.6599
2020-11-28,207.0,2.244
2020-11-29,103.0,2.7724
2020-11-30,353.0,2.6332
2020-12-01,361.0,2.8512
2020-12-02,317.0,3.095
2020-12-03,308.0,3.6167
2020-12-04,271.0,3.5119
2020-12-05,166.0,3.0577
2020-12-06,74.0,2.68
2020-12-07,280.0,3.1804
2020-12-08,375.0,2.772
2020-12-09,289.0,2.7915
2020-12-10,369.0,2.6647
2020-12-11,289.0,2.7419
2020-12-12,132.0,2.9589
2020-12-13,113.0,2.1256
2020-12-14,240.0,3.0822
2020-12-15,291.0,3.1676
2020-12-16,364.0,3.5758
2020-12-17,339.0,3.1271
2020-12-18,323.0,3.042
2020-12-19,98.0,3.4262
2020-12-20,70.0,3.2598
2020-12-21,317.0,3.0594
2020-12-22,303.0,2.2415
2020-12-23,260.0,2.4088
2020-12-24,238.0,2.9257
2020-12-25,188.0,3.353
2020-12-26,106.0,3.7881
2020-12-27,88.0,2.7505
2020-12-28,294.0,3.0293
2020-12-29,362.0,3.09
2020-12-30,361.0,2.5697
2020-12-31,283.0,2.5978
2021-01-01,122.0,3.5358
2021-01-02,120.0,3.2735
2021-01-03,112.0,2.3223
2021-01-04,308.0,3.07
2021-01-05,395.0,2.2432
2021-01-06,343.0,2.9846
2021-01-07,306.0,2.9926
2021-01-08,335.0,2.9051
2021-01-09,134.0,3.4967
2021-01-10,85.0,2.8428
2021-01-11,335.0,2.4103
2021-01-12,327.0,2.6909
2021-01-13,357.0,2.909
2021-01-14,381.0,2.4031
2021-01-15,314.0,2.6449
2021-01-16,104.0,2.9634
2021-01-17,71.0,2.104
2021-01-18,285.0,2.9152
2021-01-19,293.0,3.2981
2021-01-20,288.0,2.8421
2021-01-21,291.0,3.1521
2021-01-22,280.0,2.8305
2021-01-23,125.0,3.2248
2021-01-24,52.0,2.3037
2021-01-25,279.0,1.9462
2021-01-26,257.0,2.8635
2021-01-27,322.0,2.8328
2021-01-28,332.0,2.2595
2021-01-29,311.0,2.2325
2021-01-30,127.0,2.7581
2021-01-31,99.0,1.7463
2021-02-01,337.0,2.0389
2021-02-02,327.0,2.3869
2021-02-03,259.0,2.7049
2021-02-04,293.0,2.9061
2021-02-05,287.0,3.0168
2021-02-06,146.0,3.1944
2021-02-07,95.0,3.1666
2021-02-08,272.0,3.2133
2021-02-09,303.0,3.6768
2021-02-10,282.0,3.4603
2021-02-11,234.0,2.8669
2021-02-12,237.0,2.496
2021-02-13,117.0,3.2033
2021-02-14,63.0,2.9486
2021-02-15,221.0,3.4265
2021-02-16,355.0,2.5834
2021-02-17,304.0,2.9208
2021-02-18,379.0,2.5032
2021-02-19,323.0,3.004
2021-02-20,141.0,3.2945
2021-02-21,69.0,3.2881
2021-02-22,361.0,2.4006
2021-02-23,326.0,2.4123
2021-02-24,291.0,3.0956
2021-02-25,332.0,2.1107
2021-02-26,310.0,2.4299
2021-02-27,120.0,3.0742
2021-02-28,71.0,3.0038
2021-03-01,379.0,2.3726
2021-03-02,356.0,2.7356
2021-03-03,313.0,2.7422
2021-03-04,328.0,2.4144
2021-03-05,362.0,2.3452
2021-03-06,150.0,3.1923
2021-03-07,94.0,3.4955
2021-03-08,321.0,2.8812
2021-03-09,358.0,2.5372
2021-03-10,353.0,2.6669
2021-03-11,359.0,2.2054
2021-03-12,357.0,2.4683
2021-03-13,143.0,2.8874
2021-03-14,129.0,2.7587
2021-03-15,358.0,1.9345
2021-03-16,367.0,2.3536
2021-03-17,387.0,1.87
2021-03-18,351.0,2.2228
2021-03-19,311.0,1.7916
2021-03-20,132.0,2.3151
2021-03-21,84.0,2.9778
2021-03-22,340.0,2.4886
2021-03-23,332.0,2.3347
2021-03-24,313.0,2.2146
2021-03-25,308.0,2.201
2021-03-26,267.0,2.1425
2021-03-27,116.0,2.6354
2021-03-28,85.0,1.4196
2021-03-29,273.0,2.1241
2021-03-30,390.0,2.4765
2021-03-31,360.0,2.4422
2021-04-01,265.0,2.139
2021-04-02,207.0,2.9064
2021-04-03,86.0,3.9512
2021-04-04,70.0,3.0928
2021-04-05,199.0,3.4196
2021-04-06,251.0,2.8709
2021-04-07,303.0,2.9586
2021-04-08,254.0,2.8396
2021-04-09,247.0,2.888
2021-04-10,96.0,2.9001
2021-04-11,70.0,3.2505
2021-04-12,288.0,2.6748
2021-04-13,278.0,2.2439
2021-04-14,252.0,3.238
2021-04-15,246.0,2.9796
2021-04-16,252.0,3.2597
2021-04-17,126.0,2.8648
2021-04-18,99.0,2.9019
2021-04-19,233.0,2.5003
2021-04-20,291.0,2.5755
2021-04-21,244.0,2.4483
2021-04-22,327.0,1.8145
2021-04-23,246.0,2.2107
2021-04-24,84.0,3.2288
2021-04-25,74.0,3.1934
2021-04-26,260.0,2.6204
2021-04-27,269.0,2.4248
2021-04-28,265.0,2.7455
2021-04-29,292.0,2.8153
2021-04-30,238.0,2.7995
2021-05-01,146.0,2.9916
2021-05-02,66.0,3.2078
2021-05-03,202.0,2.9191
2021-05-04,247.0,2.7126
2021-05-05,252.0,2.7465
2021-05-06,331.0,2.3132
2021-05-07,344.0,2.695
2021-05-08,127.0,2.8223
2021-05-09,75.0,3.4454
2021-05-10,303.0,2.6808
2021-05-11,321.0,2.1581
2021-05-12,219.0,2.1824
2021-05-13,206.0,1.326
2021-05-14,278.0,2.1776
2021-05-15,113.0,1.9476
2021-05-16,75.0,2.9132
2021-05-17,294.0,2.7443
2021-05-18,342.0,2.5229
2021-05-19,268.0,2.1127
2021-05-20,295.0,2.4111
2021-05-21,217.0,2.9535
2021-05-22,104.0,3.9328
2021-05-23,69.0,2.8485
2021-05-24,240.0,2.569
2021-05-25,266.0,2.4221
2021-05-26,325.0,1.9895
2021-05-27,286.0,2.5614
2021-05-28,244.0,3.1686
2021-05-29,95.0,2.9061
2021-05-30,72.0,2.7431
2021-05-31,284.0,2.8827
2021-06-01,258.0,2.5988
2021-06-02,238.0,2.7914
2021-06-03,266.0,2.4778
2021-06-04,267.0,2.6513
2021-06-05,102.0,2.8498
2021-06-06,76.0,2.3351
2021-06-07,271.0,2.2783
2021-06-08,265.0,2.4636
2021-06-09,263.0,2.4283
2021-06-10,307.0,2.4101
2021-06-11,280.0,2.2948
2021-06-12,112.0,2.7867
2021-06-13,61.0,2.3517
2021-06-14,224.0,3.2516
2021-06-15,250.0,2.6187
2021-06-16,233.0,2.3078
2021-06-17,293.0,2.3703
2021-06-18,303.0,1.9254
2021-06-19,134.0,2.4188
2021-06-20,71.0,1.6249
2021-06-21,264.0,2.8234
2021-06-22,322.0,2.2907
2021-06-23,302.0,2.3733
2021-06-24,272.0,2.4888
2021-06-25,173.0,3.2246
2021-06-26,82.0,2.879
2021-06-27,64.0,2.8735
2021-06-28,235.0,2.5773
2021-06-29,281.0,2.0281
2021-06-30,257.0,2.7384
2021-07-01,235.0,2.8463
2021-07-02,246.0,3.1094
2021-07-03,111.0,3.3852
2021-07-04,59.0,3.3855
2021-07-05,223.0,3.1756
2021-07-06,264.0,2.8085
2021-07-07,301.0,2.2168
2021-07-08,249.0,2.6179
2021-07-09,238.0,2.4305
2021-07-10,111.0,2.5181
2021-07-11,60.0,2.4305
2021-07-12,255.0,2.7062
2021-07-13,252.0,2.4249
2021-07-14,252.0,2.3009
2021-07-15,214.0,2.6479
2021-07-16,223.0,2.7333
2021-07-17,115.0,2.658
2021-07-18,71.0,1.4268
2021-07-19,236.0,2.1191
2021-07-20,197.0,1.6172
2021-07-21,215.0,2.2822
2021-07-22,229.0,2.1974
2021-07-23,173.0,2.8474
2021-07-24,105.0,2.9262
2021-07-25,69.0,1.3641
2021-07-26,217.0,2.7795
2021-07-27,208.0,2.4144
2021-07-28,224.0,2.2812
2021-07-29,262.0,2.3733
2021-07-30,173.0,2.3817
2021-07-31,59.0,2.8225
2021-08-01,48.0,2.7726
2021-08-02,147.0,2.5772
2021-08-03,219.0,2.7489
2021-08-04,205.0,1.8902
2021-08-05,195.0,2.1377
2021-08-06,166.0,1.9827
2021-08-07,55.0,2.7332
2021-08-08,56.0,2.9914
2021-08-09,261.0,1.8919
2021-08-10,184.0,2.1891
2021-08-11,178.0,2.7383
2021-08-12,214.0,2.7359
2021-08-13,117.0,2.0708
2021-08-14,59.0,2.8356
2021-08-15,40.0,1.8072
2021-08-16,117.0,2.303
2021-08-17,137.0,1.8104
2021-08-18,128.0,3.1672
2021-08-19,225.0,2.384
2021-08-20,173.0,2.574
2021-08-21,85.0,2.202
2021-08-22,68.0,2.6488
2021-08-23,242.0,2.5325
2021-08-24,277.0,2.8139
2021-08-25,253.0,2.6454
2021-08-26,241.0,2.2297
2021-08-27,235.0,2.5494
2021-08-28,94.0,2.3106
2021-08-29,77.0,1.5103
2021-08-30,233.0,2.2484
2021-08-31,211.0,3.0556
2021-09-01,230.0,2.4391
2021-09-02,212.0,2.8863
2021-09-03,192.0,2.9816
2021-09-04,90.0,2.4708
2021-09-05,65.0,2.0297
2021-09-06,194.0,3.2401
2021-09-07,245.0,2.3262
2021-09-08,222.0,1.7766
2021-09-09,271.0,1.9218
2021-09-10,201.0,2.8253
2021-09-11,80.0,2.1784
2021-09-12,80.0,2.4418
2021-09-13,214.0,2.1417
2021-09-14,220.0,2.3988
2021-09-15,210.0,2.3306
2021-09-16,194.0,2.6829
2021-09-17,247.0,2.2076
2021-09-18,86.0,3.3315
2021-09-19,51.0,3.09
2021-09-20,178.0,3.0658
2021-09-21,192.0,2.3039
2021-09-22,181.0,2.4446
2021-09-23,201.0,2.2603
2021-09-24,189.0,2.5657
2021-09-25,81.0,2.7943
2021-09-26,71.0,2.9424
2021-09-27,189.0,2.4232
2021-09-28,208.0,2.1084
2021-09-29,253.0,2.0183
2021-09-30,257.0,2.685
2021-10-01,184.0,2.4879
2021-10-02,69.0,2.7578
2021-10-03,68.0,2.0762
2021-10-04,197.0,2.8521
2021-10-05,167.0,2.7653
2021-10-06,182.0,2.3856
2021-10-07,228.0,1.8774
2021-10-08,219.0,2.4077
2021-10-09,100.0,2.1182
2021-10-10,60.0,2.7297
2021-10-11,167.0,2.5229
2021-10-12,256.0,2.2467
2021-10-13,211.0,2.9632
2021-10-14,254.0,2.8971
2021-10-15,200.0,2.5462
2021-10-16,99.0,2.5585
2021-10-17,86.0,2.5405
2021-10-18,194.0,2.5745
2021-10-19,304.0,2.3702
2021-10-20,206.0,2.7875
2021-10-21,303.0,2.1879
2021-10-22,210.0,2.7674
2021-10-23,96.0,2.5798
2021-10-24,65.0,2.5378
2021-10-25,227.0,2.7629
2021-10-26,217.0,3.0776
2021-10-27,231.0,2.8194
2021-10-28,225.0,2.5306
2021-10-29,188.0,2.316
2021-10-30,95.0,2.7524
2021-10-31,68.0,2.7112
2021-11-01,195.0,2.3909
2021-11-02,190.0,2.5401
2021-11-03,243.0,2.5984
2021-11-04,247.0,2.2921
2021-11-05,226.0,2.5526
2021-11-06,125.0,2.2288
2021-11-07,52.0,2.425
2021-11-08,253.0,2.7138
2021-11-09,254.0,2.5116
2021-11-10,296.0,2.3468
2021-11-11,280.0,2.6953
2021-11-12,280.0,2.4083
2021-11-13,138.0,3.7979
2021-11-14,86.0,3.3036
2021-11-15,254.0,3.073
2021-11-16,273.0,2.6635
2021-11-17,231.0,3.2827
2021-11-18,276.0,2.5516
2021-11-19,205.0,3.3169
2021-11-20,71.0,2.7902
2021-11-21,61.0,2.5666
2021-11-22,212.0,2.7942
2021-11-23,269.0,2.9804
2021-11-24,235.0,2.5803
2021-11-25,193.0,2.5963
2021-11-26,206.0,2.8905
2021-11-27,107.0,2.7873
2021-11-28,65.0,2.3545
2021-11-29,236.0,2.0767
2021-11-30,259.0,1.9003
2021-12-01,240.0,2.0632
2021-12-02,240.0,2.3309
2021-12-03,190.0,2.6958
2021-12-04,97.0,2.7067
2021-12-05,63.0,2.9134
2021-12-06,220.0,3.108
2021-12-07,200.0,3.1465
2021-12-08,192.0,3.0163
2021-12-09,210.0,3.2773
2021-12-10,220.0,3.1258
2021-12-11,84.0,2.506
2021-12-12,43.0,2.7753
2021-12-13,248.0,2.9612
2021-12-14,230.0,2.6149
2021-12-15,246.0,2.7169
2021-12-16,225.0,2.7195
2021-12-17,231.0,2.593
2021-12-18,103.0,2.8284
2021-12-19,74.0,3.8437
2021-12-20,252.0,3.3153
2021-12-21,223.0,2.8064
2021-12-22,231.0,2.5392
2021-12-23,241.0,2.9655
2021-12-24,232.0,3.2501
2021-12-25,67.0,3.2361
2021-12-26,54.0,3.2953
2021-12-27,180.0,2.7915
2021-12-28,203.0,2.9755
2021-12-29,297.0,3.2516
2021-12-30,257.0,3.2899
2021-12-31,203.0,3.0636
2022-01-01,73.0,3.9042
2022-01-02,53.0,3.0312
2022-01-03,138.0,3.651
2022-01-04,203.0,3.0605
2022-01-05,247.0,2.4456
2022-01-06,241.0,2.1005
2022-01-07,206.0,3.1019
2022-01-08,88.0,3.2747
2022-01-09,58.0,3.1569
2022-01-10,198.0,2.995
2022-01-11,238.0,2.5127
2022-01-12,258.0,2.4805
2022-01-13,239.0,2.3065
2022-01-14,195.0,2.4657
2022-01-15,92.0,2.0173
2022-01-16,68.0,2.5293
2022-01-17,194.0,2.9373
2022-01-18,191.0,2.7942
2022-01-19,197.0,2.6258
2022-01-20,275.0,2.1675
2022-01-21,207.0,2.7045
2022-01-22,103.0,2.5283
2022-01-23,51.0,2.8773
2022-01-24,211.0,2.7242
2022-01-25,284.0,1.8241
2022-01-26,233.0,2.2397
2022-01-27,253.0,2.4733
2022-01-28,238.0,2.9668
2022-01-29,122.0,2.1624
2022-01-30,85.0,3.3988
2022-01-31,158.0,3.4766
2022-02-01,152.0,3.7025
2022-02-02,193.0,2.7035
2022-02-03,184.0,2.3461
2022-02-04,166.0,2.9753
2022-02-05,72.0,3.4583
2022-02-06,68.0,3.3386
2022-02-07,205.0,2.6683
2022-02-08,223.0,3.3544
2022-02-09,235.0,2.8475
2022-02-10,258.0,2.7491
2022-02-11,230.0,2.54
2022-02-12,110.0,1.4556
2022-02-13,85.0,2.7725
2022-02-14,290.0,1.9459
2022-02-15,295.0,2.302
2022-02-16,319.0,1.8244
2022-02-17,313.0,1.9233
2022-02-18,287.0,1.9389
2022-02-19,107.0,1.7927
2022-02-20,81.0,1.7419
2022-02-21,219.0,1.55
2022-02-22,403.0,0.9075
2022-02-23,319.0,1.3688
2022-02-24,701.0,0.1027
2022-02-25,493.0,0.2668
2022-02-26,188.0,0.3506
2022-02-27,142.0,1.3582
2022-02-28,457.0,1.0077
2022-03-01,339.0,1.5002
2022-03-02,326.0,1.6121
2022-03-03,280.0,2.0763
2022-03-04,264.0,1.6275
2022-03-05,128.0,1.6716
2022-03-06,97.0,1.5407
2022-03-07,431.0,0.2578
2022-03-08,464.0,1.2379
2022-03-09,414.0,1.0971
2022-03-10,323.0,1.5935
2022-03-11,253.0,1.9187
2022-03-12,140.0,2.3388
2022-03-13,120.0,1.8634
2022-03-14,288.0,1.5323
2022-03-15,242.0,1.9246
2022-03-16,320.0,1.2215
2022-03-17,220.0,1.7657
2022-03-18,222.0,1.7381
2022-03-19,155.0,0.836
2022-03-20,93.0,2.2042
2022-03-21,255.0,2.0484
2022-03-22,246.0,2.1891
2022-03-23,216.0,2.1464
2022-03-24,205.0,2.7799
2022-03-25,192.0,2.4523
2022-03-26,109.0,2.2904
2022-03-27,80.0,2.4455
2022-03-28,219.0,2.061
2022-03-29,356.0,0.9509
2022-03-30,262.0,1.9015
2022-03-31,241.0,1.5809
2022-04-01,237.0,1.9229
2022-04-02,179.0,2.7546
2022-04-03,90.0,2.5569
2022-04-04,217.0,2.2643
2022-04-05,208.0,2.3535
2022-04-06,206.0,1.7962
2022-04-07,234.0,2.0722
2022-04-08,224.0,2.2547
2022-04-09,108.0,2.8088
2022-04-10,70.0,4.4087
2022-04-11,201.0,2.9228
2022-04-12,236.0,2.0629
2022-04-13,228.0,2.3248
2022-04-14,220.0,2.3555
2022-04-15,138.0,2.7296
2022-04-16,90.0,3.7597
2022-04-17,74.0,4.2345
2022-04-18,184.0,2.1663
2022-04-19,226.0,1.9558
2022-04-20,237.0,1.7931
2022-04-21,204.0,2.1024
2022-04-22,188.0,2.6167
2022-04-23,95.0,3.8894
2022-04-24,73.0,3.2945
2022-04-25,216.0,2.3546
2022-04-26,211.0,1.9243
2022-04-27,217.0,2.3444
2022-04-28,230.0,3.0867
2022-04-29,243.0,2.919
2022-04-30,93.0,3.8383
2022-05-01,75.0,4.0427
2022-05-02,139.0,2.6871
2022-05-03,234.0,2.2575
2022-05-04,176.0,2.0603
2022-05-05,191.0,2.1295
2022-05-06,225.0,1.9479
2022-05-07,99.0,2.7133
2022-05-08,70.0,3.4434
2022-05-09,182.0,2.2723
2022-05-10,241.0,2.3285
2022-05-11,280.0,1.8893
2022-05-12,255.0,1.9113
2022-05-13,215.0,2.6045
2022-05-14,95.0,4.4341
2022-05-15,80.0,3.4123
2022-05-16,201.0,1.7711
2022-05-17,247.0,2.1601
2022-05-18,225.0,2.7545
2022-05-19,186.0,2.1291
2022-05-20,217.0,2.3274
2022-05-21,103.0,3.9044
2022-05-22,79.0,3.5375
2022-05-23,185.0,2.9034
2022-05-24,179.0,3.295
2022-05-25,196.0,2.3775
2022-05-26,188.0,2.9332
2022-05-27,198.0,3.0427
2022-05-28,79.0,3.978
2022-05-29,71.0,4.6306
2022-05-30,197.0,2.828
2022-05-31,199.0,1.7403
2022-06-01,180.0,2.4867
2022-06-02,197.0,3.1493
2022-06-03,161.0,2.778
2022-06-04,86.0,3.6989
2022-06-05,85.0,3.2231
2022-06-06,179.0,2.6265
2022-06-07,209.0,2.7491
2022-06-08,253.0,2.7
2022-06-09,186.0,2.6136
2022-06-10,167.0,2.5939
2022-06-11,107.0,2.4987
2022-06-12,56.0,3.4758
2022-06-13,224.0,2.3348
2022-06-14,206.0,1.9108
2022-06-15,204.0,2.0338
2022-06-16,199.0,2.2229
2022-06-17,196.0,2.1931
2022-06-18,93.0,3.8231
2022-06-19,85.0,2.1543
2022-06-20,165.0,2.2592
2022-06-21,172.0,2.3339
2022-06-22,195.0,1.9947
2022-06-23,183.0,2.6381
2022-06-24,213.0,2.4388
2022-06-25,91.0,4.6839
2022-06-26,69.0,3.7989
2022-06-27,239.0,1.8773
2022-06-28,224.0,1.3149
2022-06-29,209.0,2.2475
2022-06-30,193.0,2.3945
2022-07-01,197.0,2.3184
2022-07-02,97.0,2.6068
2022-07-03,83.0,3.2459
2022-07-04,192.0,2.2005
2022-07-05,205.0,2.3058
2022-07-06,257.0,1.8254
2022-07-07,221.0,1.85
2022-07-08,155.0,2.6972
2022-07-09,115.0,2.904
2022-07-10,96.0,2.806
2022-07-11,188.0,1.9832
2022-07-12,201.0,2.858
2022-07-13,197.0,2.3601
2022-07-14,200.0,2.3588
2022-07-15,201.0,2.6946
2022-07-16,72.0,3.4087
2022-07-17,68.0,3.6546
2022-07-18,287.0,2.5672
2022-07-19,242.0,2.8571
2022-07-20,199.0,2.8915
2022-07-21,236.0,2.4779
2022-07-22,177.0,2.7031
2022-07-23,101.0,2.6344
2022-07-24,71.0,1.6693
2022-07-25,225.0,2.103
2022-07-26,194.0,3.2437
2022-07-27,189.0,3.0408
2022-07-28,234.0,2.9462
2022-07-29,186.0,3.2555
2022-07-30,93.0,3.6632
2022-07-31,77.0,1.0773
2022-08-01,160.0,2.9141
2022-08-02,191.0,2.028
2022-08-03,220.0,3.3873
2022-08-04,250.0,2.8644
2022-08-05,187.0,3.0179
2022-08-06,112.0,3.0203
2022-08-07,81.0,2.5233
2022-08-08,206.0,2.4578
2022-08-09,193.0,2.957
2022-08-10,237.0,2.5999
2022-08-11,238.0,2.5952
2022-08-12,200.0,1.8728
2022-08-13,103.0,2.9457
2022-08-14,76.0,2.6314
2022-08-15,153.0,3.2061
2022-08-16,204.0,2.6998
2022-08-17,209.0,2.674
2022-08-18,188.0,2.3612
2022-08-19,183.0,2.0508
2022-08-20,102.0,2.0607
2022-08-21,71.0,3.8558
2022-08-22,195.0,2.1416
2022-08-23,186.0,1.6569
2022-08-24,182.0,2.3518
2022-08-25,159.0,2.4778
2022-08-26,186.0,2.2072
2022-08-27,82.0,2.942
2022-08-28,67.0,2.9844
2022-08-29,164.0,2.2626
2022-08-30,189.0,2.2595
2022-08-31,181.0,2.1435
2022-09-01,167.0,2.322
2022-09-02,160.0,2.3613
2022-09-03,75.0,2.9693
2022-09-04,71.0,3.4099
2022-09-05,130.0,3.1694
2022-09-06,191.0,2.5524
2022-09-07,157.0,2.2961
2022-09-08,227.0,1.6967
2022-09-09,219.0,2.1487
2022-09-10,87.0,4.6486
2022-09-11,86.0,2.8637
2022-09-12,171.0,2.6396
2022-09-13,213.0,2.2347
2022-09-14,190.0,2.4606
2022-09-15,225.0,1.4351
2022-09-16,221.0,1.8589
2022-09-17,88.0,3.3708
2022-09-18,85.0,3.8038
2022-09-19,173.0,2.3909
2022-09-20,166.0,2.9637
2022-09-21,170.0,3.1524
2022-09-22,177.0,2.6256
2022-09-23,161.0,2.395
2022-09-24,94.0,3.1816
2022-09-25,75.0,3.3687
2022-09-26,197.0,2.2857
2022-09-27,162.0,1.8022
2022-09-28,169.0,2.8588
2022-09-29,198.0,2.3451
2022-09-30,140.0,2.8384
2022-10-01,84.0,4.6671
2022-10-02,55.0,4.0563
2022-10-03,158.0,2.9068
2022-10-04,181.0,2.9197
2022-10-05,159.0,3.2275
2022-10-06,132.0,2.9139
2022-10-07,131.0,3.3811
2022-10-08,111.0,3.3583
2022-10-09,75.0,4.036
2022-10-10,198.0,2.8957
2022-10-11,181.0,2.8031
2022-10-12,208.0,2.5712
2022-10-13,164.0,2.8212
2022-10-14,132.0,2.9173
2022-10-15,97.0,3.6567
2022-10-16,60.0,2.8989
2022-10-17,190.0,2.2054
2022-10-18,184.0,2.5374
2022-10-19,155.0,2.848
2022-10-20,197.0,2.8311
2022-10-21,190.0,2.8703
2022-10-22,120.0,3.5341
2022-10-23,135.0,2.7518
2022-10-24,156.0,1.9928
2022-10-25,185.0,2.8573
2022-10-26,165.0,2.7249
2022-10-27,156.0,2.6838
2022-10-28,151.0,2.7368
2022-10-29,85.0,4.1413
2022-10-30,57.0,3.7457
2022-10-31,146.0,2.1419
2022-11-01,202.0,2.5917
2022-11-02,194.0,2.3881
2022-11-03,163.0,2.2369
2022-11-04,163.0,2.3739
2022-11-05,80.0,2.858
2022-11-06,68.0,3.6281
2022-11-07,204.0,2.9816
2022-11-08,173.0,2.8357
2022-11-09,219.0,1.907
2022-11-10,199.0,2.3561
2022-11-11,18.0,3.4707
2022-11-12,100.0,4.7883
2022-11-13,66.0,4.5575
2022-11-14,201.0,2.4065
2022-11-15,200.0,3.4589
2022-11-16,153.0,2.8329
2022-11-17,212.0,2.4571
2022-11-18,143.0,2.0441
2022-11-19,89.0,3.8034
2022-11-20,57.0,3.783
2022-11-21,168.0,2.2752
2022-11-22,167.0,2.5363
2022-11-23,155.0,2.3519
2022-11-24,161.0,2.5372
2022-11-25,143.0,3.4815
2022-11-26,81.0,4.6676
2022-11-27,59.0,4.2036
2022-11-28,206.0,2.4981
2022-11-29,189.0,2.1967
2022-11-30,155.0,2.997
2022-12-01,208.0,2.7002
2022-12-02,196.0,2.2292
2022-12-03,118.0,4.4449
2022-12-04,66.0,4.4555
2022-12-05,204.0,2.2934
2022-12-06,210.0,2.9311
2022-12-07,198.0,2.3825
2022-12-08,166.0,2.4416
2022-12-09,151.0,3.5293
2022-12-10,98.0,3.84
2022-12-11,64.0,5.2648
2022-12-12,157.0,2.2497
2022-12-13,167.0,2.6665
2022-12-14,212.0,3.2698
2022-12-15,223.0,2.7837
2022-12-16,181.0,3.2875
2022-12-17,96.0,2.7762
2022-12-18,70.0,3.6782
2022-12-19,155.0,3.6162
2022-12-20,188.0,3.094
2022-12-21,197.0,2.6167
2022-12-22,187.0,3.1924
2022-12-23,156.0,2.9878
2022-12-24,99.0,3.948
2022-12-25,72.0,4.2946
2022-12-26,137.0,3.5514
2022-12-27,154.0,3.6199
2022-12-28,134.0,2.8407
2022-12-29,162.0,3.5516
2022-12-30,167.0,3.1271
2022-12-31,81.0,4.4388
2023-01-01,59.0,4.135
2023-01-02,116.0,4.1683
2023-01-03,183.0,3.308
2023-01-04,211.0,2.6543
2023-01-05,160.0,3.3892
2023-01-06,176.0,2.8616
2023-01-07,89.0,4.3381
2023-01-08,83.0,3.7719
2023-01-09,247.0,3.0121
2023-01-10,266.0,2.7263
2023-01-11,215.0,2.7383
2023-01-12,218.0,2.6697
2023-01-13,217.0,2.9773
2023-01-14,123.0,4.1711
2023-01-15,93.0,3.9271
2023-01-16,199.0,3.5239
2023-01-17,352.0,3.4968
2023-01-18,204.0,2.5288
2023-01-19,241.0,2.93
2023-01-20,193.0,3.0956
2023-01-21,147.0,2.8989
2023-01-22,105.0,3.7597
2023-01-23,189.0,3.0697
2023-01-24,234.0,3.1003
2023-01-25,271.0,2.7799
2023-01-26,187.0,3.7641
2023-01-27,188.0,2.5209
2023-01-28,116.0,3.238
2023-01-29,100.0,3.851
2023-01-30,194.0,3.3694
2023-01-31,258.0,2.7341
2023-02-01,252.0,2.342
2023-02-02,234.0,3.4431
2023-02-03,218.0,2.4332
2023-02-04,119.0,3.9542
2023-02-05,79.0,3.5845
2023-02-06,215.0,2.5111
2023-02-07,222.0,2.9805
2023-02-08,203.0,2.8279
2023-02-09,234.0,2.9341
2023-02-10,177.0,2.4249
2023-02-11,106.0,2.6239
2023-02-12,75.0,3.2662
2023-02-13,221.0,2.688
2023-02-14,230.0,2.9408
2023-02-15,223.0,2.7713
2023-02-16,231.0,2.4879
2023-02-17,229.0,1.2861
2023-02-18,115.0,3.8619
2023-02-19,85.0,3.0676
2023-02-20,185.0,3.0949
2023-02-21,235.0,2.5818
2023-02-22,224.0,2.6254
2023-02-23,221.0,2.513
2023-02-24,197.0,2.5272
2023-02-25,99.0,3.6145
2023-02-26,80.0,4.5765
2023-02-27,153.0,2.9924
2023-02-28,199.0,2.3032
2023-03-01,208.0,2.9242
2023-03-02,203.0,2.1425
2023-03-03,188.0,2.811
2023-03-04,93.0,3.8477
2023-03-05,82.0,3.2146
2023-03-06,161.0,2.7233
2023-03-07,237.0,3.5082
2023-03-08,229.0,3.0806
2023-03-09,267.0,3.8657
2023-03-10,243.0,3.8011
2023-03-11,169.0,3.9451
2023-03-12,129.0,4.3685
2023-03-13,279.0,2.8603
2023-03-14,305.0,2.2228
2023-03-15,291.0,2.2757
2023-03-16,269.0,2.8754
2023-03-17,233.0,3.5423
2023-03-18,200.0,3.3163
2023-03-19,180.0,3.6835
2023-03-20,460.0,2.4553
2023-03-21,348.0,3.0746
2023-03-22,74.0,2.4665
2023-03-24,77.0,0.3495
2023-03-25,338.0,1.8699
2023-03-26,306.0,1.9544
2023-03-27,251.0,1.2323
2023-03-28,171.0,1.7941
2023-03-29,167.0,2.1793
2023-03-30,209.0,2.3526
2023-03-31,187.0,2.0817
2023-04-01,202.0,1.3962
2023-04-02,180.0,1.2776
2023-04-03,153.0,2.1768
2023-04-04,200.0,1.4804
2023-04-05,226.0,1.7367
2023-04-06,162.0,1.5801
2023-04-07,177.0,1.9527
2023-04-08,155.0,1.5498
2023-04-09,151.0,1.5273
2023-04-10,273.0,2.346
2023-04-11,220.0,2.1022
2023-04-12,194.0,1.5539
2023-04-13,246.0,2.2029
2023-04-14,170.0,2.4768
2023-04-15,179.0,2.1376
2023-04-16,128.0,1.1793
2023-04-17,217.0,2.1853
2023-04-18,200.0,2.4481
2023-04-19,134.0,1.5059
2023-04-20,196.0,1.604
2023-04-21,166.0,2.7569
2023-04-22,194.0,2.4877
2023-04-23,127.0,2.5283
2023-04-24,270.0,1.8888
2023-04-25,240.0,2.0304
2023-04-26,298.0,2.1455
2023-04-27,242.0,2.2352
2023-04-28,227.0,2.4591
2023-04-29,231.0,2.1999
2023-04-30,148.0,2.7324
2023-05-01,132.0,3.6321
2023-05-02,274.0,1.8725
2023-05-03,298.0,1.9421
2023-05-04,248.0,1.981
2023-05-05,345.0,2.0862
2023-05-06,250.0,1.9537
2023-05-07,213.0,2.6388
2023-05-08,252.0,1.6788
2023-05-09,252.0,2.8224
2023-05-10,255.0,2.7253
2023-05-11,270.0,1.8959
2023-05-12,275.0,2.4698
2023-05-13,280.0,1.9826
2023-05-14,234.0,2.0701
2023-05-15,257.0,2.0409
2023-05-16,221.0,3.0316
2023-05-17,300.0,1.7862
2023-05-18,282.0,2.1406
2023-05-19,221.0,2.4956
2023-05-20,173.0,2.637
2023-05-21,228.0,2.6275
2023-05-22,192.0,1.944
2023-05-23,238.0,1.9557
2023-05-24,227.0,1.9849
2023-05-25,257.0,2.5191
2023-05-26,242.0,1.929
2023-05-27,162.0,1.9608
2023-05-28,234.0,2.2883
2023-05-29,275.0,2.3106
2023-05-30,241.0,2.0756
2023-05-31,230.0,2.3648
2023-06-01,233.0,2.0509
2023-06-02,217.0,2.1483
2023-06-03,181.0,1.9293
2023-06-04,127.0,2.2904
2023-06-05,138.0,2.7453
2023-06-06,173.0,2.3815
2023-06-07,168.0,2.4732
2023-06-08,227.0,2.3433
2023-06-09,214.0,1.9226
2023-06-10,137.0,3.2139
2023-06-11,161.0,1.9919
2023-06-12,224.0,2.9779
2023-06-13,283.0,2.4
2023-06-14,171.0,2.1125
2023-06-15,259.0,2.9119
2023-06-16,205.0,3.125
2023-06-17,224.0,2.8414
2023-06-18,195.0,2.2413
2023-06-19,215.0,2.9111
2023-06-20,298.0,2.4562
2023-06-21,205.0,2.4156
2023-06-22,236.0,2.3654
2023-06-23,146.0,3.1186
2023-06-24,139.0,1.8074
2023-06-25,150.0,1.4538
2023-06-26,247.0,2.4464
2023-06-27,234.0,2.2269
2023-06-28,126.0,2.0503
2023-06-29,202.0,1.8394
2023-06-30,134.0,2.4239
2023-07-01,141.0,1.7648
2023-07-02,126.0,1.8851
2023-07-03,163.0,2.7186
2023-07-04,225.0,2.0774
2023-07-05,227.0,2.1725
2023-07-06,228.0,1.8356
2023-07-07,198.0,2.0846
2023-07-08,159.0,1.5818
2023-07-09,151.0,2.0785
2023-07-10,198.0,2.5825
2023-07-11,250.0,2.4332
2023-07-12,259.0,2.5489
2023-07-13,228.0,2.0577
2023-07-14,277.0,2.2391
2023-07-15,157.0,2.7777
2023-07-16,153.0,1.8675
2023-07-17,236.0,2.4354
2023-07-18,278.0,2.0078
2023-07-19,184.0,2.8138
2023-07-20,322.0,2.507
2023-07-21,167.0,3.066
2023-07-22,154.0,2.2149
2023-07-23,191.0,2.1993
2023-07-24,235.0,2.0228
2023-07-25,210.0,3.1886
2023-07-26,219.0,2.5659
2023-07-27,216.0,2.5651
2023-07-28,171.0,2.6504
2023-07-29,83.0,2.8968
2023-07-30,113.0,2.7871
2023-07-31,227.0,2.669
2023-08-01,203.0,3.0582
2023-08-02,199.0,2.9645
2023-08-03,200.0,3.2606
2023-08-04,196.0,3.6207
2023-08-05,143.0,2.7643
2023-08-06,136.0,3.7677
2023-08-07,176.0,2.8908
2023-08-08,205.0,2.1707
2023-08-09,292.0,2.1915
2023-08-10,197.0,1.9127
2023-08-11,146.0,2.9009
2023-08-12,158.0,2.1588
2023-08-13,202.0,2.5879
2023-08-14,212.0,1.9074
2023-08-15,270.0,2.3848
2023-08-16,167.0,2.5392
2023-08-17,208.0,2.2637
2023-08-18,196.0,2.3274
2023-08-19,172.0,1.8705
2023-08-20,142.0,1.8668
2023-08-21,134.0,2.7652
2023-08-22,197.0,2.1658
2023-08-23,221.0,1.9603
2023-08-24,237.0,2.8179
2023-08-25,250.0,2.558
2023-08-26,144.0,3.15
2023-08-27,146.0,2.438
2023-08-28,174.0,1.7182
2023-08-29,176.0,2.6214
2023-08-30,190.0,2.697
2023-08-31,245.0,1.977
2023-09-01,138.0,2.8252
2023-09-02,120.0,3.2334
2023-09-03,102.0,2.8976
2023-09-04,139.0,2.4185
2023-09-05,128.0,2.6646
2023-09-06,202.0,2.1601
2023-09-07,195.0,2.4952
2023-09-08,152.0,2.4112
2023-09-09,135.0,2.9347
2023-09-10,106.0,1.9324
2023-09-11,226.0,2.3113
2023-09-12,228.0,2.7613
2023-09-13,149.0,2.3727
2023-09-14,166.0,3.037
2023-09-15,195.0,2.781
2023-09-16,157.0,2.7145
2023-09-17,230.0,2.866
2023-09-18,225.0,2.2837
2023-09-19,186.0,3.6647
2023-09-20,242.0,2.0373
2023-09-21,181.0,2.2431
2023-09-22,183.0,3.0284
2023-09-23,136.0,2.3856
2023-09-24,180.0,2.5488
2023-09-25,202.0,3.0858
2023-09-26,176.0,3.1173
2023-09-27,157.0,2.5312
2023-09-28,201.0,3.7421
2023-09-29,168.0,2.3093
2023-09-30,187.0,2.6519
2023-10-01,182.0,2.3072
2023-10-02,187.0,2.9204
2023-10-03,216.0,2.3994
2023-10-04,172.0,2.7502
2023-10-05,238.0,2.7123
2023-10-06,222.0,2.2627
2023-10-07,89.0,2.388
2023-10-08,121.0,2.1643
2023-10-09,171.0,1.7856
2023-10-10,166.0,2.1675
2023-10-11,136.0,2.6941
2023-10-12,215.0,2.8477
2023-10-13,166.0,2.2657
2023-10-14,117.0,2.3651
2023-10-15,107.0,1.7527
2023-10-16,207.0,1.732
2023-10-17,225.0,1.8635
2023-10-18,202.0,2.1884
2023-10-19,201.0,2.2883
2023-10-20,149.0,1.466
2023-10-21,198.0,2.0891
2023-10-22,105.0,2.2671
2023-10-23,192.0,2.1427
2023-10-24,210.0,1.5656
2023-10-25,220.0,2.3588
2023-10-26,182.0,2.6947
2023-10-27,207.0,1.4464
2023-10-28,203.0,2.0547
2023-10-29,171.0,2.7562
2023-10-30,178.0,2.3319
2023-10-31,226.0,2.7716
2023-11-01,201.0,2.4476
2023-11-02,219.0,2.1945
2023-11-03,183.0,1.9854
2023-11-04,129.0,2.4947
2023-11-05,148.0,2.9203
2023-11-06,185.0,2.712
2023-11-07,203.0,2.7755
2023-11-08,140.0,2.1707
2023-11-09,236.0,2.5407
2023-11-10,199.0,3.1346
2023-11-11,113.0,2.2529
2023-11-12,76.0,0.3129
2023-11-13,150.0,2.4761
2023-11-14,183.0,2.4686
2023-11-15,138.0,3.1775
2023-11-16,135.0,3.1009
2023-11-17,229.0,1.5125
2023-11-18,136.0,2.5843
2023-11-19,115.0,2.5557
2023-11-20,114.0,3.3144
2023-11-21,213.0,3.1063
2023-11-22,173.0,3.2048
2023-11-23,147.0,2.5978
2023-11-24,169.0,2.7555
2023-11-25,129.0,2.5843
2023-11-26,131.0,2.5019
2023-11-27,198.0,2.6917
2023-11-28,275.0,2.9025
2023-11-29,227.0,2.8478
2023-11-30,235.0,2.4804
2023-12-01,177.0,2.2138
2023-12-02,151.0,2.5547
2023-12-03,134.0,2.4759
2023-12-04,331.0,2.353
2023-12-05,315.0,3.0558
2023-12-06,230.0,2.9204
2023-12-07,223.0,2.7392
2023-12-08,268.0,2.5827
2023-12-09,150.0,2.17
2023-12-10,88.0,1.9033
2023-12-11,152.0,1.5307
2023-12-12,252.0,2.327
2023-12-13,221.0,2.2567
2023-12-14,176.0,2.4382
2023-12-15,167.0,2.6102
2023-12-16,129.0,1.7369
2023-12-17,136.0,2.3106
2023-12-18,133.0,3.1294
2023-12-19,204.0,3.3468
2023-12-20,198.0,2.2676
2023-12-21,135.0,2.4975
2023-12-22,206.0,2.5683
2023-12-23,162.0,3.023
2023-12-24,94.0,2.6956
2023-12-25,101.0,2.9527
2023-12-26,171.0,2.9638
2023-12-27,211.0,2.9744
2023-12-28,182.0,2.0221
2023-12-29,153.0,3.0282
2023-12-30,122.0,2.0923
2023-12-31,133.0,2.6957
2024-01-01,89.0,3.5802
2024-01-02,149.0,2.9633
2024-01-03,161.0,2.3087
2024-01-04,179.0,2.4803
2024-01-05,146.0,2.8746
2024-01-06,130.0,2.1765
2024-01-07,92.0,3.9336
2024-01-08,167.0,2.694
2024-01-09,225.0,2.4748
2024-01-10,181.0,2.6011
2024-01-11,217.0,2.8738
2024-01-12,190.0,2.6631
2024-01-13,173.0,2.9246
2024-01-14,137.0,2.3258
2024-01-15,145.0,2.8526
2024-01-16,159.0,2.8149
2024-01-17,183.0,3.024
2024-01-18,150.0,2.295
2024-01-19,130.0,2.083
2024-01-20,134.0,1.5851
2024-01-21,125.0,1.0134
2024-01-22,150.0,2.4242
2024-01-23,111.0,2.7745
2024-01-24,124.0,2.6582
2024-01-25,154.0,3.6551
2024-01-26,213.0,3.0879
2024-01-27,172.0,2.4033
2024-01-28,98.0,2.1563
2024-01-29,156.0,2.2999
2024-01-30,179.0,2.3373
2024-01-31,189.0,2.2912
2024-02-01,195.0,3.1701
2024-02-02,205.0,2.6159
2024-02-03,150.0,1.9786
2024-02-04,164.0,2.6231
2024-02-05,193.0,3.1187
2024-02-06,196.0,2.7866
2024-02-07,160.0,3.0998
2024-02-08,186.0,2.8155
2024-02-09,177.0,3.1713
2024-02-10,94.0,3.4547
2024-02-11,95.0,2.4228
2024-02-12,192.0,3.5426
2024-02-13,134.0,3.3949
2024-02-14,190.0,2.8546
2024-02-15,185.0,3.0912
2024-02-16,217.0,2.7241
2024-02-17,126.0,2.9666
2024-02-18,134.0,2.647
2024-02-19,161.0,3.6429
2024-02-20,303.0,3.1832
2024-02-21,183.0,3.0906
2024-02-22,175.0,2.9767
2024-02-23,115.0,2.3943
2024-02-24,171.0,3.1562
2024-02-25,135.0,2.8032
2024-02-26,143.0,2.8514
2024-02-27,120.0,2.5388
2024-02-28,204.0,3.104
2024-02-29,167.0,3.0455
2024-03-01,171.0,2.8784
2024-03-02,171.0,3.0582
2024-03-03,132.0,2.4723
2024-03-04,201.0,3.132
2024-03-05,244.0,3.5592
2024-03-06,318.0,3.0795
2024-03-07,313.0,3.5054
2024-03-08,219.0,3.6576
2024-03-09,199.0,3.0347
2024-03-10,205.0,3.5084
2024-03-11,262.0,3.0866
2024-03-12,226.0,3.5986
2024-03-13,235.0,3.1879
2024-03-14,201.0,3.1156
2024-03-15,180.0,2.7511
2024-03-16,174.0,2.7883
2024-03-17,191.0,2.4553
2024-03-18,210.0,3.2669
2024-03-19,204.0,3.4172
2024-03-20,242.0,3.3817
2024-03-21,297.0,3.7835
2024-03-22,197.0,3.1171
2024-03-23,172.0,2.8081
2024-03-24,165.0,2.1465
2024-03-25,215.0,3.1309
2024-03-26,169.0,2.5422
2024-03-27,189.0,3.2567
2024-03-28,251.0,2.9149
2024-03-29,221.0,3.5735
2024-03-30,197.0,3.2502
2024-03-31,121.0,2.3798
2024-04-01,327.0,3.2336
2024-04-02,228.0,2.9975
2024-04-03,317.0,3.0602
2024-04-04,350.0,2.5568
2024-04-05,215.0,3.4726
2024-04-06,274.0,3.4494
2024-04-07,252.0,3.1765
2024-04-08,413.0,2.8722
2024-04-09,297.0,3.2393
2024-04-10,260.0,2.9996
2024-04-11,283.0,2.6565
2024-04-12,346.0,2.3462
2024-04-13,271.0,1.9976
2024-04-14,190.0,3.0929
2024-04-15,309.0,1.3988
2024-04-16,367.0,2.5913
2024-04-17,190.0,2.8652
2024-04-18,293.0,2.9131
2024-04-19,266.0,1.4462
2024-04-20,225.0,2.4583
2024-04-21,140.0,1.8772
2024-04-22,246.0,2.9392
2024-04-23,227.0,2.7825
2024-04-24,213.0,2.9928
2024-04-25,224.0,2.5811
2024-04-26,201.0,3.0185
2024-04-27,142.0,3.6413
2024-04-28,104.0,4.1496
2024-04-29,169.0,2.4331
2024-04-30,202.0,3.1285
2024-05-01,137.0,2.7162
2024-05-02,189.0,3.0761
2024-05-03,113.0,2.14
2024-05-04,174.0,2.5902
2024-05-05,130.0,2.7944
2024-05-06,214.0,2.7131
2024-05-07,253.0,2.7157
2024-05-08,211.0,2.8057
2024-05-09,210.0,2.8878
2024-05-10,188.0,3.459
2024-05-11,193.0,2.5704
2024-05-12,147.0,2.9449
2024-05-13,144.0,2.4558
2024-05-14,230.0,2.6892
2024-05-15,185.0,3.1111
2024-05-16,213.0,3.4669
2024-05-17,196.0,3.3282
2024-05-18,206.0,3.0308
2024-05-19,168.0,2.5794
2024-05-20,300.0,2.8283
2024-05-21,222.0,3.0587
2024-05-22,215.0,2.9188
2024-05-23,267.0,2.9711
2024-05-24,121.0,2.691
2024-05-25,217.0,3.1286
2024-05-26,162.0,2.5073
2024-05-27,296.0,2.8478
2024-05-28,257.0,2.8411
2024-05-29,178.0,2.8722
2024-05-30,269.0,2.457
2024-05-31,170.0,3.0104
2024-06-01,139.0,3.5313
2024-06-02,162.0,2.2681
2024-06-03,235.0,2.388
2024-06-04,157.0,2.251
2024-06-05,212.0,2.6274
2024-06-06,199.0,3.5284
2024-06-07,297.0,2.99
2024-06-08,221.0,2.7805
2024-06-09,145.0,3.4266
2024-06-10,180.0,2.9795
2024-06-11,232.0,3.2388
2024-06-12,160.0,2.9332
2024-06-13,192.0,2.2412
2024-06-14,156.0,2.9635
2024-06-15,169.0,3.9702
2024-06-16,86.0,3.151
2024-06-17,85.0,2.2343
2024-06-18,180.0,3.2936
2024-06-19,250.0,2.1699
2024-06-20,178.0,2.8608
2024-06-21,129.0,3.2864
2024-06-22,139.0,3.7694
2024-06-23,125.0,1.564
2024-06-24,142.0,3.1539
2024-06-25,140.0,3.3122
2024-06-26,215.0,2.7729
2024-06-27,229.0,3.4358
2024-06-28,190.0,2.8049
2024-06-29,155.0,2.3389
2024-06-30,181.0,0.9417
2024-07-01,161.0,2.7841
2024-07-02,199.0,2.6455
2024-07-03,196.0,3.0899
2024-07-04,231.0,2.8345
2024-07-05,216.0,3.344
2024-07-06,213.0,3.2887
2024-07-07,134.0,3.1793
2024-07-08,204.0,2.631
2024-07-09,202.0,2.8203
2024-07-10,282.0,2.4774
2024-07-11,231.0,3.1344
2024-07-12,237.0,2.8895
2024-07-13,193.0,2.5598
2024-07-14,208.0,2.8021
2024-07-15,270.0,3.2273
2024-07-16,228.0,3.8302
2024-07-17,295.0,3.3442
2024-07-18,228.0,3.0688
2024-07-19,226.0,2.179
2024-07-20,208.0,2.5437
2024-07-21,180.0,3.0048
2024-07-22,114.0,2.2241
2024-07-23,259.0,2.069
2024-07-24,201.0,2.8456
2024-07-25,175.0,2.4657
2024-07-26,257.0,1.7321
2024-07-27,133.0,2.4932
2024-07-28,103.0,2.8868
2024-07-29,233.0,3.133
2024-07-30,222.0,2.7741
2024-07-31,237.0,2.5388
2024-08-01,260.0,2.1245
2024-08-02,205.0,2.5478
2024-08-03,162.0,2.8896
2024-08-04,150.0,2.4501
2024-08-05,104.0,1.9942
2024-08-06,235.0,2.1729
2024-08-07,199.0,2.3514
2024-08-08,219.0,2.4337
2024-08-09,186.0,2.7553
2024-08-10,129.0,1.7034
2024-08-11,77.0,2.7544
2024-08-12,166.0,3.1438
2024-08-13,242.0,2.9398
2024-08-14,253.0,2.7389
2024-08-15,198.0,3.1404
2024-08-16,153.0,3.4481
2024-08-17,253.0,3.1076
2024-08-18,175.0,3.2679
2024-08-19,244.0,2.9567
2024-08-20,139.0,2.6764
2024-08-21,301.0,3.1576
2024-08-22,242.0,3.2545
2024-08-23,181.0,3.3752
2024-08-24,176.0,3.6114
2024-08-25,156.0,3.0427
2024-08-26,249.0,3.5351
2024-08-27,261.0,2.5832
2024-08-28,212.0,3.3279
2024-08-29,209.0,3.3302
2024-08-30,207.0,2.7486
2024-08-31,148.0,2.9259
2024-09-01,124.0,2.5268
2024-09-02,231.0,2.9642
2024-09-03,274.0,2.7786
2024-09-04,229.0,2.8709
2024-09-05,201.0,3.1335
2024-09-06,209.0,2.4934
2024-09-07,139.0,3.3808
2024-09-08,134.0,2.9653
2024-09-09,172.0,2.6831
2024-09-10,262.0,2.895
2024-09-11,207.0,3.6035
2024-09-12,233.0,3.3689
2024-09-13,333.0,3.3701
2024-09-14,176.0,3.1241
2024-09-15,143.0,3.8975
2024-09-16,202.0,3.5343
2024-09-17,202.0,3.1054
2024-09-18,273.0,2.9505
2024-09-19,251.0,2.5788
2024-09-20,312.0,3.1528
2024-09-21,205.0,3.7894
2024-09-22,181.0,3.6629
2024-09-23,248.0,3.4414
2024-09-24,279.0,3.4097
2024-09-25,317.0,3.0798
2024-09-26,222.0,3.5599
2024-09-27,150.0,3.2101
2024-09-28,173.0,3.2036
2024-09-29,163.0,3.3094
2024-09-30,208.0,2.8406
2024-10-01,245.0,3.1369
2024-10-02,269.0,2.7598
2024-10-03,191.0,3.3254
2024-10-04,251.0,2.9954
2024-10-05,168.0,2.8392
2024-10-06,132.0,3.1191
2024-10-07,222.0,3.0401
2024-10-08,223.0,3.2142
2024-10-09,175.0,3.2001
2024-10-10,250.0,3.3987
2024-10-11,186.0,2.9115
2024-10-12,176.0,2.8579
2024-10-13,216.0,2.7442
2024-10-14,164.0,3.4495
2024-10-15,276.0,3.1943
2024-10-16,210.0,3.4119
2024-10-17,255.0,3.525
2024-10-18,226.0,2.9733
2024-10-19,149.0,3.4079
2024-10-20,178.0,3.0748
2024-10-21,318.0,3.0632
2024-10-22,311.0,2.732
2024-10-23,334.0,3.1404
2024-10-24,297.0,2.9565
2024-10-25,221.0,2.9366
2024-10-26,213.0,2.832
2024-10-27,182.0,3.0625
2024-10-28,398.0,3.2
2024-10-29,280.0,3.127
2024-10-30,241.0,2.9257
2024-10-31,223.0,3.1962
2024-11-01,217.0,2.517
2024-11-02,128.0,3.7527
2024-11-03,163.0,2.9406
2024-11-04,229.0,3.4599
2024-11-05,239.0,3.2638
2024-11-06,219.0,3.0012
2024-11-07,238.0,2.8362
2024-11-08,246.0,3.7394
2024-11-09,154.0,3.1712
2024-11-10,196.0,2.99
2024-11-11,240.0,2.6538
2024-11-12,268.0,2.6679
2024-11-13,228.0,3.4259
2024-11-14,312.0,2.735
2024-11-15,208.0,2.5162
2024-11-16,152.0,2.925
2024-11-17,136.0,2.6171
2024-11-18,396.0,2.8058
2024-11-19,355.0,2.1662
2024-11-20,379.0,2.4158
2024-11-21,363.0,2.6381
2024-11-22,391.0,2.5918
2024-11-23,415.0,1.9624
2024-11-24,232.0,2.6975
2024-11-25,177.0,3.6363
2024-11-26,233.0,3.6266
2024-11-27,217.0,3.8112
2024-11-28,208.0,4.1284
2024-11-29,182.0,4.6491
2024-11-30,102.0,5.9699
2024-12-01,123.0,6.325
2024-12-02,164.0,4.3125
2024-12-03,218.0,4.2039
2024-12-04,169.0,4.094
2024-12-05,196.0,4.766
2024-12-06,146.0,3.9352
2024-12-07,118.0,5.0017
2024-12-08,103.0,5.7768
2024-12-09,186.0,4.8126
2024-12-10,193.0,4.899
2024-12-11,228.0,5.4697
2024-12-12,206.0,5.1005
2024-12-13,173.0,4.5578
2024-12-14,173.0,5.6492
2024-12-15,111.0,6.0845
2024-12-16,203.0,5.0398
2024-12-17,193.0,4.4216
2024-12-18,221.0,4.6224
2024-12-19,209.0,3.8037
2024-12-20,206.0,3.28
2024-12-21,119.0,5.2892
2024-12-22,73.0,5.7247
2024-12-23,175.0,4.7027
2024-12-24,170.0,4.1236
2024-12-25,100.0,5.4644
2024-12-26,134.0,5.5366
2024-12-27,178.0,4.8845
2024-12-28,118.0,6.0383
2024-12-29,73.0,5.9696
2024-12-30,166.0,4.7165
2024-12-31,270.0,4.7799
2025-01-01,181.0,6.2155
2025-01-02,220.0,4.2638
2025-01-03,283.0,4.6873
2025-01-04,165.0,5.5847
2025-01-05,95.0,6.2418
2025-01-06,225.0,4.1952
2025-01-07,175.0,4.4489
2025-01-08,175.0,4.8634
2025-01-09,176.0,3.8008
2025-01-10,182.0,4.781
2025-01-11,140.0,5.3276
2025-01-12,80.0,5.9778
2025-01-13,166.0,4.9964
2025-01-14,156.0,4.8613
2025-01-15,150.0,5.3478
2025-01-16,133.0,4.6492
2025-01-17,182.0,5.2274
2025-01-18,123.0,4.9898
2025-01-19,120.0,6.5816
2025-01-20,235.0,4.9143
2025-01-21,226.0,4.3697
2025-01-22,231.0,4.837
2025-01-23,232.0,4.7808
2025-01-24,244.0,4.7235
2025-01-25,124.0,5.2753
2025-01-26,118.0,6.3152
2025-01-27,157.0,4.6898
2025-01-28,149.0,3.8992
2025-01-29,117.0,5.6114
2025-01-30,178.0,4.0357
2025-01-31,235.0,4.2369
2025-02-01,147.0,5.0825
2025-02-02,154.0,5.7677
2025-02-03,233.0,3.8931
2025-02-04,230.0,4.5577
2025-02-05,310.0,4.1807
2025-02-06,307.0,4.01
2025-02-07,210.0,4.2811
2025-02-08,198.0,5.0604
2025-02-09,173.0,5.267
2025-02-10,238.0,4.4685
2025-02-11,392.0,3.7203
2025-02-12,309.0,3.5553
2025-02-13,187.0,3.736
2025-02-14,230.0,3.4093
2025-02-15,155.0,4.0368
2025-02-16,148.0,4.6631
2025-02-17,216.0,3.6526
2025-02-18,251.0,3.8345
2025-02-19,251.0,3.5856
2025-02-20,296.0,3.3431
2025-02-21,224.0,3.8211
2025-02-22,117.0,4.3556
2025-02-23,119.0,4.7524
2025-02-24,166.0,3.8166
2025-02-25,193.0,3.3604
2025-02-26,209.0,4.0538
2025-02-27,188.0,4.8499
2025-02-28,153.0,3.4083
2025-03-01,115.0,4.2808
2025-03-02,98.0,4.2932
2025-03-03,235.0,3.1197
2025-03-04,168.0,3.3768
2025-03-05,159.0,3.3459
2025-03-06,146.0,3.6426
2025-03-07,144.0,3.4162
2025-03-08,87.0,4.067
2025-03-09,87.0,4.1838
2025-03-10,144.0,3.4776
2025-03-11,170.0,3.6454
2025-03-12,191.0,3.3524
2025-03-13,215.0,2.9533
2025-03-14,432.0,2.213
2025-03-15,274.0,3.8058
2025-03-16,119.0,4.663
2025-03-17,255.0,3.5897
2025-03-18,286.0,2.8706
2025-03-19,232.0,2.4539
2025-03-20,276.0,3.7544
2025-03-21,203.0,3.2532
2025-03-22,202.0,4.244
2025-03-23,120.0,5.0767
2025-03-24,189.0,3.832
2025-03-25,219.0,3.5649
2025-03-26,182.0,3.8599
2025-03-27,222.0,2.6637
2025-03-28,275.0,2.9746
2025-03-29,135.0,4.0741
2025-03-30,70.0,3.5169
2025-03-31,257.0,1.8445
2025-04-01,306.0,2.7123
2025-04-02,296.0,2.7918
2025-04-03,386.0,1.6062
2025-04-04,257.0,1.7629
2025-04-05,189.0,3.0013
2025-04-06,136.0,3.4966
2025-04-07,196.0,2.3013
2025-04-08,252.0,2.5217
2025-04-09,245.0,2.7598
2025-04-10,272.0,3.2813
2025-04-11,356.0,1.9396
2025-04-12,301.0,3.5994
2025-04-13,162.0,3.8648
2025-04-14,244.0,2.5792
2025-04-15,214.0,3.3691
2025-04-16,392.0,3.4948
2025-04-17,351.0,2.9634
2025-04-18,254.0,3.5646
2025-04-19,150.0,4.4608
2025-04-20,148.0,4.844
2025-04-21,312.0,2.9232
2025-04-22,509.0,2.7233
2025-04-23,302.0,3.1912
2025-04-24,232.0,3.449
2025-04-25,277.0,3.8784
2025-04-26,189.0,3.667
2025-04-27,151.0,4.1755
2025-04-28,200.0,3.8454
2025-04-29,261.0,4.1484
2025-04-30,237.0,3.4372
2025-05-01,234.0,3.8784
2025-05-02,259.0,4.01
2025-05-03,145.0,4.4642
2025-05-04,178.0,3.5587
2025-05-05,269.0,4.1232
2025-05-06,322.0,3.4775
2025-05-07,309.0,3.6056
2025-05-08,215.0,3.4483
2025-05-09,188.0,4.027
2025-05-10,191.0,4.2491
2025-05-11,145.0,4.6676
2025-05-12,267.0,2.9111
2025-05-13,281.0,3.6266
2025-05-14,241.0,3.8277
2025-05-15,304.0,3.5389
2025-05-16,261.0,3.4035
2025-05-17,119.0,5.2885
2025-05-18,140.0,3.9402
2025-05-19,178.0,3.2695
2025-05-20,237.0,3.8666
2025-05-21,316.0,3.3559
2025-05-22,229.0,2.9715
2025-05-23,244.0,3.903
2025-05-24,178.0,3.6904
2025-05-25,105.0,3.4123
2025-05-26,175.0,4.0183
2025-05-27,189.0,3.2746
2025-05-28,216.0,3.6185
2025-05-29,227.0,2.929
2025-05-30,201.0,3.7936
2025-05-31,102.0,4.6272
2025-06-01,126.0,4.6561
2025-06-02,231.0,3.5358
2025-06-03,218.0,3.4882
2025-06-04,170.0,3.0907
2025-06-05,235.0,3.5787
2025-06-06,188.0,3.3222
2025-06-07,144.0,4.3347
2025-06-08,128.0,4.6261
2025-06-09,150.0,3.9442
2025-06-10,209.0,4.0365
2025-06-11,192.0,3.7547
2025-06-12,147.0,2.8595
2025-06-13,309.0,1.5129
2025-06-14,165.0,2.1343
2025-07-02,200.0,3.536
2025-07-03,151.0,3.5286
2025-07-04,172.0,3.4339
2025-07-05,108.0,4.3864
2025-07-06,113.0,4.7565
2025-07-07,236.0,2.7066
2025-07-08,208.0,3.4012
2025-07-09,146.0,2.8508
2025-07-10,149.0,3.936
2025-07-11,182.0,3.3096
2025-07-12,126.0,3.8842
2025-07-13,91.0,3.7551
2025-07-14,151.0,3.6058
2025-07-15,161.0,3.2389
2025-07-16,176.0,3.0739
2025-07-17,172.0,3.042
2025-07-18,176.0,3.5338
2025-07-19,97.0,3.9886
2025-07-20,85.0,5.0467
2025-07-21,172.0,2.963
2025-07-22,259.0,3.7496
2025-07-23,220.0,3.1338
2025-07-24,155.0,3.4596
2025-07-25,201.0,2.4069
2025-07-26,104.0,3.8433
2025-07-27,105.0,4.5592
2025-07-28,225.0,3.5837
2025-07-29,189.0,3.5383
2025-07-30,186.0,3.5427
2025-07-31,215.0,3.3778
2025-08-01,136.0,3.5803
2025-08-02,158.0,4.211
2025-08-03,150.0,4.7939
2025-08-04,227.0,3.2485
2025-08-05,227.0,3.2091
2025-08-06,179.0,3.7528
2025-08-07,228.0,3.316
2025-08-08,261.0,2.9954
2025-08-09,171.0,3.6088
2025-08-10,126.0,4.8162
2025-08-11,234.0,3.3177
2025-08-12,226.0,3.3389
2025-08-13,250.0,4.291
2025-08-14,201.0,3.5112
2025-08-15,184.0,3.8394
2025-08-16,160.0,4.0521
2025-08-17,99.0,5.8153
2025-08-18,173.0,4.3592
2025-08-19,180.0,3.9376
2025-08-20,198.0,4.0675
2025-08-21,171.0,3.5986
2025-08-22,190.0,3.1384
2025-08-23,103.0,4.7208
2025-08-24,124.0,5.1809
2025-08-25,166.0,4.1281
2025-08-26,214.0,3.5675
2025-08-27,211.0,3.131
2025-08-28,182.0,3.6154
2025-08-29,180.0,4.0026
2025-08-30,149.0,3.9
2025-08-31,106.0,5.2247
2025-09-01,201.0,3.7471
2025-09-02,318.0,2.8133
2025-09-03,173.0,3.0307
2025-09-04,326.0,3.3737
2025-09-05,271.0,3.4594
2025-09-06,199.0,3.8975
2025-09-07,149.0,3.7275
2025-09-08,287.0,3.6871
2025-09-09,340.0,3.5602
2025-09-10,290.0,3.5668
2025-09-11,183.0,3.1153
2025-09-12,277.0,3.379
2025-09-13,161.0,4.4338
2025-09-14,159.0,4.9698
2025-09-15,282.0,4.4497
2025-09-16,281.0,3.8832
2025-09-17,240.0,3.6023
2025-09-18,182.0,2.5262
2025-09-19,244.0,3.3644
2025-09-20,185.0,4.6009
2025-09-21,182.0,5.2067
2025-09-22,278.0,3.9377
2025-09-23,471.0,3.3997
2025-09-24,270.0,3.7369
2025-09-25,241.0,4.1735
2025-09-26,217.0,4.4452
2025-09-27,155.0,4.8129
2025-09-28,136.0,4.0875
2025-09-29,335.0,3.4228
2025-09-30,317.0,3.1469
2025-10-01,194.0,3.0613
2025-10-02,213.0,3.5865
2025-10-03,162.0,3.8178
2025-10-04,133.0,4.6696
2025-10-05,107.0,3.9452
2025-10-06,290.0,3.2185
2025-10-07,362.0,3.1859
2025-10-08,599.0,2.4832
2025-10-09,505.0,2.8336
2025-10-10,444.0,2.5275
2025-10-11,232.0,3.5173
2025-10-12,194.0,3.2505
2025-10-13,348.0,2.8844
2025-10-14,431.0,2.9009
2025-10-15,321.0,3.4155
2025-10-16,336.0,3.6144
2025-10-17,438.0,3.2973
2025-10-18,288.0,3.279
2025-10-19,238.0,3.4466
2025-10-20,295.0,3.3927
2025-10-21,378.0,3.241
2025-10-22,464.0,2.407
2025-10-23,439.0,3.2273
2025-10-24,324.0,3.0761
2025-10-25,240.0,3.3843
2025-10-26,186.0,4.3346
2025-10-27,300.0,3.2097
2025-10-28,293.0,3.5164
2025-10-29,354.0,2.9754
2025-10-30,316.0,3.322
2025-10-31,251.0,3.1567
2025-11-01,232.0,3.8394
2025-11-02,161.0,4.673
2025-11-03,221.0,2.9858
2025-11-04,235.0,2.8888
2025-11-05,191.0,2.9086
2025-11-06,291.0,3.2264
2025-11-07,245.0,3.5422
2025-11-08,193.0,4.7383
2025-11-09,143.0,4.0888
2025-11-10,170.0,4.1078
2025-11-11,230.0,4.4948
2025-11-12,259.0,3.6714
2025-11-13,246.0,3.5726
2025-11-14,231.0,3.0257
2025-11-15,181.0,3.9163
2025-11-16,179.0,4.8567
2025-11-17,251.0,3.3064
2025-11-18,247.0,3.4043
2025-11-19,207.0,3.7172
2025-11-20,201.0,3.3646
2025-11-21,176.0,3.1231
2025-11-22,141.0,4.7642
2025-11-23,115.0,5.1437
2025-11-24,191.0,3.6807
2025-11-25,229.0,3.5554
2025-11-26,199.0,3.5297
2025-11-27,120.0,3.3475
2025-11-28,226.0,3.5634
2025-11-29,153.0,4.9142
2025-11-30,168.0,4.9005
2025-12-01,176.0,3.7531
2025-12-02,252.0,4.2163
2025-12-03,244.0,3.8902
2025-12-04,172.0,3.6433
2025-12-05,137.0,3.5142
2025-12-06,0.0,0.0
2025-12-07,123.0,3.7022
2025-12-08,229.0,3.6045
2025-12-09,175.0,3.4925
2025-12-10,243.0,3.2989
2025-12-11,176.0,3.7399
2025-12-12,291.0,3.7359
2025-12-13,146.0,4.4819
2025-12-14,125.0,4.8106
2025-12-15,230.0,4.5996
2025-12-16,198.0,3.5812
2025-12-17,271.0,2.7807
2025-12-18,247.0,3.1818
2025-12-19,193.0,2.9956
2025-12-20,166.0,4.1758
2025-12-21,152.0,4.9823
2025-12-22,409.0,3.7533
2025-12-23,442.0,3.2234
2025-12-24,457.0,2.6212
2025-12-25,270.0,3.8849
2025-12-26,285.0,3.1403
2025-12-27,246.0,3.6181
2025-12-28,191.0,4.6344
2025-12-29,328.0,3.3128
2025-12-30,299.0,2.824
2025-12-31,323.0,2.8375
2026-01-01,256.0,3.9254
2026-01-02,264.0,3.7335
2026-01-03,154.0,3.7272
2026-01-04,189.0,4.4008
2026-01-05,399.0,2.6658
2026-01-06,272.0,2.5906
2026-01-07,286.0,2.5403
2026-01-08,207.0,3.51
2026-01-09,237.0,3.1686
2026-01-10,194.0,4.4189
2026-01-11,136.0,4.604
2026-01-12,347.0,3.2599
2026-01-13,375.0,2.0542
2026-01-14,337.0,2.8532
2026-01-15,256.0,2.9999
2026-01-16,202.0,3.4302
2026-01-17,118.0,4.0251
2026-01-18,111.0,4.5235
2026-01-19,239.0,2.6042
2026-01-20,317.0,2.9047
2026-01-21,378.0,2.4227
2026-01-22,398.0,2.5194
2026-01-23,275.0,2.4515
2026-01-24,236.0,3.6228
2026-01-25,216.0,3.7946
2026-01-26,713.0,2.2565
2026-01-27,341.0,2.0348
2026-01-28,521.0,2.7504
2026-01-29,513.0,2.4049
2026-01-30,536.0,1.8356
2026-01-31,428.0,2.1119
2026-02-01,283.0,2.7891
2026-02-02,558.0,1.407
2026-02-03,427.0,2.1886
2026-02-04,371.0,2.3355
2026-02-05,278.0,2.4919
2026-02-06,329.0,2.41
2026-02-07,237.0,3.8039
2026-02-08,180.0,3.4114
2026-02-09,308.0,3.345
2026-02-10,206.0,2.9537
2026-02-11,235.0,3.238
2026-02-12,188.0,2.9179
2026-02-13,219.0,2.7624
2026-02-14,207.0,4.3367
2026-02-15,166.0,3.4057
2026-02-16,194.0,3.735
2026-02-17,186.0,3.9505
2026-02-18,164.0,3.5641
2026-02-19,236.0,2.9923
2026-02-20,266.0,3.036
2026-02-21,153.0,3.6909
2026-02-22,130.0,3.643
2026-02-23,232.0,3.5119
2026-02-24,229.0,2.5969
2026-02-25,191.0,3.0144
2026-02-26,208.0,3.3338
2026-02-27,214.0,3.2299
2026-02-28,1.0,4.2667
2026-03-01,233.0,1.4356
2026-03-02,384.0,0.8481
2026-03-03,287.0,1.2326
2026-03-04,341.0,1.5871
2026-03-05,200.0,2.6734
2026-03-06,246.0,2.0037
2026-03-07,156.0,3.6732
2026-03-08,113.0,3.9208
2026-03-09,281.0,1.9623
2026-03-10,232.0,1.9484
2026-03-11,279.0,3.0699
2026-03-12,283.0,2.9734
2026-03-13,226.0,2.6188
2026-03-14,152.0,3.1365
2026-03-15,126.0,2.5729
2026-03-16,272.0,2.3661
2026-03-17,222.0,2.1262
2026-03-18,181.0,2.0928
2026-03-19,201.0,1.9718
2026-03-20,245.0,1.3769
2026-03-21,141.0,2.5611
2026-03-22,134.0,2.8426
2026-03-23,363.0,1.2313
2026-03-24,372.0,1.7506
2026-03-25,378.0,1.718
2026-03-26,250.0,2.0882
2026-03-27,223.0,1.1937
2026-03-28,162.0,3.6753
2026-03-29,141.0,3.3623
2026-03-30,258.0,2.604
2026-03-31,234.0,2.5933
2026-04-01,213.0,2.4972
2026-04-02,242.0,1.7202
2026-04-03,166.0,2.4936
2026-04-04,140.0,4.1325
2026-04-05,97.0,3.1263
2026-04-06,148.0,3.0888
2026-04-07,168.0,2.9215
2026-04-08,282.0,2.4954
2026-04-09,233.0,1.4147
2026-04-10,209.0,2.3928
2026-04-11,168.0,3.5714
2026-04-12,105.0,2.6494
2026-04-13,207.0,2.3118
2026-04-14,225.0,1.9794
2026-04-15,212.0,3.0356
2026-04-16,193.0,3.1967
2026-04-17,199.0,2.6117
2026-04-18,127.0,4.0334
2026-04-19,137.0,3.9408
2026-04-20,193.0,2.2535
2026-04-21,167.0,2.6969
2026-04-22,224.0,2.6475
2026-04-23,221.0,3.1938
2026-04-24,212.0,2.5239
2026-04-25,210.0,3.0528
2026-04-26,105.0,3.0134
2026-04-27,205.0,2.7201
2026-04-28,168.0,2.7223
2026-04-29,206.0,2.6574
2026-04-30,188.0,2.7415
2026-05-01,119.0,3.3973
2026-05-02,126.0,4.392
2026-05-03,105.0,4.5189
2026-05-04,120.0,2.8269
2026-05-05,190.0,2.93
2026-05-06,236.0,2.2919
2026-05-07,236.0,3.2233
2026-05-08,159.0,3.2074
2026-05-09,144.0,4.3399
2026-05-10,92.0,4.8443
2026-05-11,227.0,2.8495
2026-05-12,179.0,3.0425
2026-05-13,209.0,2.9015
2026-05-14,152.0,2.7965
2026-05-15,190.0,2.9548
2026-05-16,181.0,4.0469
2026-05-17,117.0,3.3975
2026-05-18,96.0,2.9278
2026-05-19,150.0,2.8419
2026-05-20,171.0,2.8632
2026-05-21,180.0,3.9313
2026-05-22,157.0,3.1735
2026-05-23,156.0,4.6714
2026-05-24,110.0,3.4326
2026-05-25,202.0,3.8297
2026-05-26,213.0,2.5517
2026-05-27,147.0,3.1803
2026-05-28,187.0,2.5116
2026-05-29,120.0,3.7404
2026-05-30,103.0,4.3738
2026-05-31,66.0,4.118
2026-06-01,163.0,2.3317
2026-06-02,212.0,3.0179
2026-06-03,209.0,2.9794
2026-06-04,197.0,2.9888
2026-06-05,164.0,3.2355
2026-06-06,121.0,3.7172
2026-06-07,89.0,3.1903
2026-06-08,198.0,2.4419
2026-06-09,171.0,2.8906
2026-06-10,275.0,1.8035
2026-06-11,243.0,2.4713
2026-06-12,232.0,2.4754
2026-06-13,123.0,3.3906
2026-06-14,100.0,3.6304
2026-06-15,238.0,3.757
2026-06-16,173.0,3.6813
2026-06-17,206.0,3.6674
2026-06-18,189.0,3.7657
2026-06-19,155.0,3.1697
2026-06-20,86.0,3.6752
2026-06-21,97.0,2.8552
2026-06-22,228.0,3.2195
2026-06-23,266.0,2.8095
2026-06-24,215.0,2.8622
2026-06-25,268.0,3.0348
2026-06-26,175.0,2.9009
2026-06-27,165.0,4.241
2026-06-28,65.0,3.8996
2026-06-29,146.0,3.5869
2026-06-30,165.0,2.9841
2026-07-05,114.0,3.5322
2026-07-06,157.0,3.6197
2026-07-07,176.0,3.2664
2026-07-08,191.0,2.4575
2026-07-09,207.0,2.7426
2026-07-10,162.0,2.7901
2026-07-11,93.0,3.8316
2026-07-12,99.0,3.4015
2026-07-13,202.0,2.3985
2026-07-14,244.0,3.0656
2026-07-15,147.0,2.8863
2026-07-16,175.0,3.1231
2026-07-17,202.0,2.5627
2026-07-18,147.0,3.8813
2026-07-19,80.0,3.6698
2026-07-20,155.0,3.1612
2026-07-21,197.0,3.3571
2026-07-22,255.0,2.9187
2026-07-23,193.0,3.1811
2026-07-24,184.0,2.866
2026-07-25,77.0,4.536
2026-07-26,76.0,3.8105
2026-07-27,144.0,2.5939
2026-07-28,248.0,3.4744
2026-07-29,142.0,2.693
2026-07-30,191.0,2.9308
2026-07-31,171.0,3.6464
2026-08-01,134.0,3.6773
2026-08-02,93.0,3.8631
2026-08-03,202.0,2.9211
2026-08-04,261.0,3.029
2026-08-05,197.0,3.5138
2026-08-06,278.0,3.6954
2026-08-07,198.0,3.0168
2026-08-08,138.0,4.2926
2026-08-09,143.0,3.4471
2026-08-10,194.0,3.2882
2026-08-11,196.0,3.6225
2026-08-12,185.0,3.0148
2026-08-13,253.0,3.8293
2026-08-14,242.0,3.0651
2026-08-15,96.0,3.9456
2026-08-16,66.0,4.0025
2026-08-17,150.0,3.7461
2026-08-18,192.0,3.4767
2026-08-19,184.0,3.2472
2026-08-20,220.0,3.7287
2026-08-21,244.0,3.3264
2026-08-22,117.0,3.6422
2026-08-23,111.0,3.3246
2026-08-24,197.0,3.45
2026-08-25,197.0,2.6335
2026-08-26,238.0,2.7352
2026-08-27,201.0,2.8362
2026-08-28,130.0,3.5323
2026-08-29,110.0,3.3985
2026-08-30,59.0,3.3542
2026-08-31,166.0,2.7741
2026-09-01,151.0,2.4587
2026-09-02,119.0,2.8281
2026-09-03,154.0,2.3286
2026-09-04,161.0,2.7592
2026-09-05,96.0,2.8684
2026-09-06,69.0,3.7238
2026-09-07,110.0,2.8145
2026-09-08,86.0,2.9138
2026-09-09,204.0,2.4983
2026-09-10,170.0,2.2209
2026-09-11,143.0,2.4705
2026-09-12,104.0,3.2561
2026-09-13,24.0,4.8275
2026-09-20,58.0,3.4915
2026-09-21,101.0,4.0383
2026-09-22,107.0,3.0145
2026-09-23,141.0,3.1843
2026-09-24,124.0,2.9023
2026-09-25,61.0,3.0273
2026-09-27,37.0,3.5569
2026-09-28,143.0,2.8248
2026-09-29,179.0,3.0868
2026-09-30,25.0,3.4426
