strategy,asset,R 7d,R 30d,R all,trades,win %,avg R,skipped,skipped avg R
rsi2_reversion,NVDA,0.4282850912790406,0.4282850912790406,0.4282850912790406,1,1.0,0.4282850912790406,0,
rsi2_reversion,QQQ,0.09730703943499874,0.09730703943499874,0.09730703943499874,1,1.0,0.09730703943499874,0,
donchian_trend,ETH,0.0,0.0,0.0,0,,,2,-1.0025062420951008
rsi2_reversion,BTC,0.0,0.0,0.0,0,,,1,-1.3201569521154037
squeeze_breakout,BTC,0.0,0.0,0.0,0,,,1,0.10473025024542378
rsi2_reversion,SOL,0.0,0.0,0.0,0,,,1,-1.245000796095129
rsi2_reversion,ETH,0.0,0.0,0.0,0,,,1,-1.2834501637865365
squeeze_breakout,SOL,0.0,0.0,0.0,0,,,1,0.5121152004322415
squeeze_breakout,ETH,0.0,0.0,0.0,0,,,2,-0.18686779971702366
rsi2_reversion,META,-0.07537228948272948,-0.07537228948272948,-0.07537228948272948,1,0.0,-0.07537228948272948,0,
rsi2_reversion,AAPL,-0.08396165010366535,-0.08396165010366535,-0.08396165010366535,1,0.0,-0.08396165010366535,0,
squeeze_breakout,USO,-0.15006814428135457,-0.15006814428135457,-0.15006814428135457,1,0.0,-0.15006814428135457,0,
rsi2_reversion,MSFT,-0.4226882930320745,-0.4226882930320745,-0.4226882930320745,1,0.0,-0.4226882930320745,0,
rsi2_reversion,GOOGL,-0.5481050122001483,-0.5481050122001483,-0.5481050122001483,1,0.0,-0.5481050122001483,0,
donchian_trend,SOL,-0.9091862008809846,-0.9091862008809846,-0.9091862008809846,1,0.0,-0.9091862008809846,0,
donchian_trend,BTC,-1.7188336151285721,-1.7188336151285721,-1.7188336151285721,1,0.0,-1.7188336151285721,1,-0.6009325592734683
