version,return,max_dd,trades,win_rate,avg_r,open,skipped
long + trend + blackout + intraday + ML + global,0.0028979347952802215,-0.028374843570260433,24.0,0.3333333333333333,-0.19893469155439936,14.0,23.0
L/S + trend + blackout + intraday + ML,0.0008628683251679092,-0.021235826912612388,19.0,0.2631578947368421,-0.2334559359895584,13.0,55.0
L/S + news + trend + blackout + ML sizing,0.0004253951215342777,-0.020104976630223703,13.0,0.15384615384615385,-0.34008959545865736,10.0,30.0
L/S + news + trend + blackout + ML,-0.0009415345036302147,-0.021209919736760563,15.0,0.13333333333333333,-0.35299991076274545,13.0,29.0
"random entries, long only (avg of 5)",-0.0010672042256009596,-0.03773016383369847,52.8,0.3675556741294086,-0.27233547786643786,0.0,0.0
L/S + news + ML,-0.002949917075427022,-0.024440976309297202,15.0,0.2,-0.41659158560439435,16.0,38.0
long + trend + blackout + intraday + ML,-0.009994062015394878,-0.03226154342146459,19.0,0.21052631578947367,-0.4112267204791786,13.0,29.0
long only,-0.010710824680318587,-0.0385614044997844,17.0,0.17647058823529413,-0.7395758225376647,16.0,0.0
long + trend + blackout + ML + global,-0.011048662489974048,-0.03630414079437194,18.0,0.2222222222222222,-0.36312009718485133,12.0,11.0
long + trend + blackout + intraday + ML + insider,-0.01148658764290289,-0.03140240747039913,20.0,0.2,-0.4034375258528895,13.0,27.0
long + trend + blackout + ML + brake 10%,-0.012665639724418254,-0.03216681461879167,14.0,0.14285714285714285,-0.48210854598897873,14.0,15.0
long + trend + blackout + ML,-0.012781364551211705,-0.03229430042579151,15.0,0.13333333333333333,-0.5385906493115848,13.0,14.0
long/short,-0.016462229387112948,-0.03882940896283005,28.0,0.17857142857142858,-0.6698422682275439,17.0,0.0
long + trend + blackout + ML + insider,-0.016756304188121685,-0.03285535943345219,17.0,0.11764705882352941,-0.5269066902859972,12.0,12.0
long/short + learner,-0.028104971666567002,-0.03909312970835044,21.0,0.14285714285714285,-0.760571965474723,14.0,25.0
long only + learner,-0.03406446510755934,-0.04454423997044121,17.0,0.11764705882352941,-0.7397241456747992,11.0,14.0
long/short + learner + news,-0.034213931382679474,-0.04686665395289635,16.0,0.0625,-0.8641036677726429,11.0,40.0
L/S + news + blackout,-0.037928153390587305,-0.051922615508375736,21.0,0.09523809523809523,-0.6171106205547885,9.0,42.0
"random entries, long/short (avg of 5)",-0.03947024294672759,-0.048893271075553725,73.2,0.3674899791566458,-0.25509020180318465,0.0,0.0
L/S + news + trend,-0.0527676035435547,-0.057815548043805176,20.0,0.05,-1.0068365320043788,10.0,18.0
L/S + news + trend + blackout,-0.05901711499872775,-0.05917383417965738,24.0,0.125,-0.7038785165065636,10.0,18.0
