side,entry_date,exit_date,entry,exit,qty,initial_stop,target,pnl,fees,r_multiple,reason,asset,strategy,mfe_r,mae_r,regime,vol,aligned,error,rationale,lesson,shadow
1,2026-10-01 13:00:00,2026-10-01 19:00:00,230.04399249999997,232.11034600000002,83.00703201421166,225.2408591313211,239.65025923735777,170.75462992775476,0.7672411994275263,0.4282850912790406,event,NVDA,rsi2_reversion,0.4665719912367147,-0.3922423874975948,trend,mid,True,none,"LONG NVDA (mean reversion): price made a sharp 2-bar dip (RSI-2 extreme). Trading with the 200-bar trend. ADX 24 = trend market, mid volatility (ATR 0.8% of price). Plan: entry 230.04, stop 225.24, target 239.65 (2:1); risking $399. News: negative tone (-1.1σ vs usual), normal coverage.",Plan worked. Event (+0.43R).,False
1,2026-10-01 13:00:00,2026-10-01 19:00:00,330.19903,329.721054,68.06408106900514,324.3490449047384,341.8990001905232,-33.43133429496846,0.8983370819288137,-0.08396165010366535,event,AAPL,rsi2_reversion,0.3901839001006799,-0.7502634499966563,chop,mid,True,normal_loss,"LONG AAPL (mean reversion): price made a sharp 2-bar dip (RSI-2 extreme). Trading with the 200-bar trend. ADX 19 = chop market, mid volatility (ATR 0.7% of price). Plan: entry 330.20, stop 324.35, target 341.90 (2:1); risking $398.","Valid setup, planned 1R loss. Normal variance, no clear mistake. (-0.08R, best point +0.4R)",False
1,2026-10-01 13:00:00,2026-10-01 19:00:00,520.0359639999999,515.515299,37.15868209620482,509.2919332328282,541.5240255343433,-168.75154800195864,0.7695944035228077,-0.4226882930320745,event,MSFT,rsi2_reversion,0.2619162268781254,-0.73212411342253,chop,high,True,wrong_immediately,"LONG MSFT (mean reversion): price made a sharp 2-bar dip (RSI-2 extreme). Trading with the 200-bar trend. ADX 17 = chop market, high volatility (ATR 0.8% of price). Plan: entry 520.04, stop 509.29, target 541.52 (2:1); risking $399.","Moved against the trade right away: the signal itself was wrong. (-0.42R, best point +0.3R)",False
1,2026-10-01 13:00:00,2026-10-01 19:00:00,728.7435575,727.1667845000001,18.72400341950329,707.43743534475,771.3558018104997,-30.068712448220353,0.5452094044419642,-0.07537228948272948,event,META,rsi2_reversion,0.3349479763609452,-0.33950605592569544,chop,mid,True,normal_loss,"LONG META (mean reversion): price made a sharp 2-bar dip (RSI-2 extreme). Trading with the 200-bar trend. ADX 17 = chop market, mid volatility (ATR 1.2% of price). Plan: entry 728.74, stop 707.44, target 771.36 (2:1); risking $399.","Valid setup, planned 1R loss. Normal variance, no clear mistake. (-0.08R, best point +0.3R)",False
1,2026-10-01 14:00:00,2026-10-01 19:00:00,343.412993,338.25849200000005,42.30679073603649,333.98389763567457,362.2711837286507,-218.64718181302004,0.5767866573323648,-0.5481050122001483,event,GOOGL,rsi2_reversion,0.020045083085605896,-0.8380648084118012,trend,high,True,wrong_immediately,"LONG GOOGL (mean reversion): price made a sharp 2-bar dip (RSI-2 extreme). Trading with the 200-bar trend. ADX 21 = trend market, high volatility (ATR 1.1% of price). Plan: entry 343.41, stop 333.98, target 362.27 (2:1); risking $399.","Moved against the trade right away: the signal itself was wrong. (-0.55R, best point +0.0R)",False
1,2026-10-01 13:00:00,2026-10-01 19:00:00,742.728516,743.50127,52.13657560048202,735.0925894668912,758.0003690662174,38.739008709623434,1.5497386319495443,0.09730703943499874,event,QQQ,rsi2_reversion,0.2542565059501081,-0.848425658878425,chop,mid,True,none,"LONG QQQ (mean reversion): price made a sharp 2-bar dip (RSI-2 extreme). Trading with the 200-bar trend. ADX 16 = chop market, mid volatility (ATR 0.4% of price). Plan: entry 742.73, stop 735.09, target 758.00 (2:1); risking $398.",Plan worked. Event (+0.10R).,False
1,2026-10-01 18:00:00,2026-10-01 19:00:00,150.310056,149.4701,70.50957715325798,144.6729395608577,,-59.64768982811197,0.4227474407699543,-0.15006814428135457,event,USO,squeeze_breakout,0.023938480153254112,-0.32287003819224336,chop,high,True,choppy_market,"LONG USO (volatility breakout): price broke out of a volatility squeeze to the upside. Trading with the 200-bar trend. ADX 17 = chop market, high volatility (ATR 1.2% of price). Plan: entry 150.31, stop 144.67, no target, trailing stop lets it run; risking $397.","Breakout/trend setup in a choppy market (ADX < 20) failed. (-0.15R, best point +0.0R)",False
1,2026-10-02 05:00:00,2026-10-02 12:00:00,123.59447099999998,121.62825,140.303328684988,120.75756278471832,129.2682874305633,-361.88126129404964,86.01391006372526,-0.9091862008809846,event,SOL,donchian_trend,0.0,-0.9159517343573977,chop,mid,True,choppy_market,"LONG SOL (trend following): price broke out of its 55-bar high. Trading with the 200-bar trend. ADX 19 = chop market, mid volatility (ATR 0.9% of price). Plan: entry 123.59, stop 120.76, target 129.27 (2:1); risking $398. Warning: jobs report coming up while in the trade.","Breakout/trend setup in a choppy market (ADX < 20) failed. (-0.91R, best point +0.0R)",False
1,2026-10-04 23:00:00,2026-10-05 04:00:00,86466.71425125,86023.6936365,0.596860140102801,85808.03106113788,88442.76382158636,-521.802968733793,257.3816225456794,-1.327264225948387,event,BTC,donchian_trend,0.7921414370103984,-0.7328929271260558,strong,low,True,gap_through_stop,"LONG BTC (trend following): price broke out of its 55-bar high. Trading with the 200-bar trend. ADX 32 = strong market, low volatility (ATR 0.3% of price). Plan: entry 86,466.71, stop 85,808.03, target 88,442.76 (3:1); risking $393. Strong trend, so the target was widened. AI analyst view +1: it agrees with this trade.","Price gapped through the stop, so the loss was bigger than planned. (-1.33R, best point +0.8R)",False
